Date,f_flow
2012-09-14,0
2012-09-17,0
2012-09-18,0
2012-09-19,0
2012-09-20,0
2012-09-21,0
2012-09-24,0
2012-09-25,0
2012-09-26,0
2012-09-27,0
2012-09-28,0
2012-10-01,0
2012-10-02,0
2012-10-03,0
2012-10-04,0
2012-10-05,0
2012-10-08,0
2012-10-09,-12.564
2012-10-10,-12.4065
2012-10-11,0
2012-10-12,0
2012-10-15,0
2012-10-16,0
2012-10-17,0
2012-10-18,-2.1525
2012-10-19,0
2012-10-22,0
2012-10-23,0
2012-10-24,0
2012-10-25,0
2012-10-26,0
2012-10-29,0
2012-10-30,0
2012-10-31,0
2012-11-01,0
2012-11-02,0
2012-11-05,0
2012-11-06,0
2012-11-07,0
2012-11-08,0
2012-11-09,0
2012-11-12,0
2012-11-13,0
2012-11-14,0
2012-11-15,0
2012-11-16,0
2012-11-19,0
2012-11-20,0
2012-11-21,0
2012-11-22,0
2012-11-23,0
2012-11-26,0
2012-11-27,-8.433
2012-11-28,0
2012-11-29,0
2012-11-30,0
2012-12-03,0
2012-12-04,0
2012-12-05,0
2012-12-06,0
2012-12-07,0
2012-12-10,0
2012-12-11,0
2012-12-12,0
2012-12-13,0
2012-12-14,0
2012-12-17,0
2012-12-18,0
2012-12-19,0
2012-12-20,0
2012-12-21,0
2012-12-24,0
2012-12-25,0
2012-12-26,0
2012-12-27,0
2012-12-28,0
2012-12-31,0
2013-01-01,0
2013-01-02,0
2013-01-03,-9.111
2013-01-04,0
2013-01-07,0
2013-01-08,-4.5045
2013-01-09,0
2013-01-10,0
2013-01-11,0
2013-01-14,0
2013-01-15,0
2013-01-16,9.126
2013-01-17,0
2013-01-18,0
2013-01-21,0
2013-01-22,0
2013-01-23,0
2013-01-24,0
2013-01-25,0
2013-01-28,0
2013-01-29,4.782
2013-01-30,0
2013-01-31,0
2013-02-01,0
2013-02-04,0
2013-02-05,0
2013-02-06,0
2013-02-07,0
2013-02-08,0
2013-02-11,-4.8165
2013-02-12,0
2013-02-13,0
2013-02-14,0
2013-02-15,0
2013-02-18,0
2013-02-19,0
2013-02-20,0
2013-02-21,0
2013-02-22,0
2013-02-25,-2.4532
2013-02-26,0
2013-02-27,0
2013-02-28,0
2013-03-01,0
2013-03-04,0
2013-03-05,0
2013-03-06,0
2013-03-07,0
2013-03-08,0
2013-03-11,12.4725
2013-03-12,0
2013-03-13,0
2013-03-14,0
2013-03-15,0
2013-03-18,0
2013-03-19,0
2013-03-20,0
2013-03-21,-7.2427
2013-03-22,0
2013-03-25,0
2013-03-26,0
2013-03-27,0
2013-03-28,0
2013-03-29,0
2013-04-01,0
2013-04-02,0
2013-04-03,0
2013-04-04,0
2013-04-05,0
2013-04-08,0
2013-04-09,0
2013-04-10,0
2013-04-11,0
2013-04-12,0
2013-04-15,0
2013-04-16,0
2013-04-17,0
2013-04-18,0
2013-04-19,0
2013-04-22,0
2013-04-23,0
2013-04-24,0
2013-04-25,0
2013-04-26,0
2013-04-29,0
2013-04-30,-4.9875
2013-05-01,0
2013-05-02,0
2013-05-03,0
2013-05-06,0
2013-05-07,0
2013-05-08,0
2013-05-09,0
2013-05-10,0
2013-05-13,0
2013-05-14,0
2013-05-15,0
2013-05-16,0
2013-05-17,0
2013-05-20,0
2013-05-21,0
2013-05-22,0
2013-05-23,0
2013-05-24,0
2013-05-27,0
2013-05-28,0
2013-05-29,0
2013-05-30,0
2013-05-31,0
2013-06-03,0
2013-06-04,0
2013-06-05,0
2013-06-06,0
2013-06-07,0
2013-06-10,0
2013-06-11,0
2013-06-12,0
2013-06-13,0
2013-06-14,0
2013-06-17,0
2013-06-18,-9.981
2013-06-19,0
2013-06-20,0
2013-06-21,0
2013-06-24,2.217
2013-06-25,13.6125
2013-06-26,0
2013-06-27,0
2013-06-28,2.226
2013-07-01,0
2013-07-02,0
2013-07-03,8.994
2013-07-04,8.994
2013-07-05,0
2013-07-08,0
2013-07-09,6.876
2013-07-10,0
2013-07-11,0
2013-07-12,0
2013-07-15,0
2013-07-16,0
2013-07-17,0
2013-07-18,0
2013-07-19,0
2013-07-22,0
2013-07-23,0
2013-07-24,0
2013-07-25,0
2013-07-26,12.4162
2013-07-29,0
2013-07-30,0
2013-07-31,0
2013-08-01,0
2013-08-02,0
2013-08-05,2.4825
2013-08-06,9.933
2013-08-07,0
2013-08-08,0
2013-08-09,2.5275
2013-08-12,-5.028
2013-08-13,0
2013-08-14,0
2013-08-15,0
2013-08-16,0
2013-08-19,0
2013-08-20,-2.523
2013-08-21,0
2013-08-22,0
2013-08-23,0
2013-08-26,0
2013-08-27,2.4727
2013-08-28,0
2013-08-29,0
2013-08-30,0
2013-09-02,0
2013-09-03,0
2013-09-04,0
2013-09-05,0
2013-09-06,0
2013-09-09,0
2013-09-10,0
2013-09-11,0
2013-09-12,0
2013-09-13,0
2013-09-16,0
2013-09-17,0
2013-09-18,0
2013-09-19,8.0145
2013-09-20,0
2013-09-23,0
2013-09-24,0
2013-09-25,0
2013-09-26,0
2013-09-27,0
2013-09-30,0
2013-10-01,0
2013-10-02,0
2013-10-03,0
2013-10-04,0
2013-10-07,0
2013-10-08,7.5825
2013-10-09,0
2013-10-10,0
2013-10-11,0
2013-10-14,0
2013-10-15,-10.146
2013-10-16,0
2013-10-17,0
2013-10-18,0
2013-10-21,0
2013-10-22,0
2013-10-23,0
2013-10-24,0
2013-10-25,0
2013-10-28,0
2013-10-29,0
2013-10-30,7.8615
2013-10-31,0
2013-11-01,0
2013-11-04,0
2013-11-05,0
2013-11-06,0
2013-11-07,0
2013-11-08,0
2013-11-11,0
2013-11-12,0
2013-11-13,0
2013-11-14,0
2013-11-15,0
2013-11-18,0
2013-11-19,0
2013-11-20,0
2013-11-21,0
2013-11-22,0
2013-11-25,0
2013-11-26,0
2013-11-27,0
2013-11-28,0
2013-11-29,0
2013-12-02,0
2013-12-03,0
2013-12-04,0
2013-12-05,0
2013-12-06,0
2013-12-09,0
2013-12-10,0
2013-12-11,0
2013-12-12,0
2013-12-13,0
2013-12-16,0
2013-12-17,0
2013-12-18,0
2013-12-19,0
2013-12-20,0
2013-12-23,0
2013-12-24,0
2013-12-25,0
2013-12-26,0
2013-12-27,0
2013-12-30,0
2013-12-31,0
2014-01-01,0
2014-01-02,2.6295
2014-01-03,5.2425
2014-01-06,0
2014-01-07,0
2014-01-08,0
2014-01-09,0
2014-01-10,0
2014-01-13,0
2014-01-14,0
2014-01-15,0
2014-01-16,0
2014-01-17,0
2014-01-20,0
2014-01-21,2.6715
2014-01-22,0
2014-01-23,0
2014-01-24,15.786
2014-01-27,0
2014-01-28,0
2014-01-29,0
2014-01-30,0
2014-01-31,0
2014-02-03,0
2014-02-04,-10.122
2014-02-05,0
2014-02-06,0
2014-02-07,0
2014-02-10,0
2014-02-11,0
2014-02-12,0
2014-02-13,0
2014-02-14,0
2014-02-17,0
2014-02-18,0
2014-02-19,0
2014-02-20,0
2014-02-21,0
2014-02-24,0
2014-02-25,0
2014-02-26,0
2014-02-27,0
2014-02-28,0
2014-03-03,0
2014-03-04,13.59
2014-03-05,5.46
2014-03-06,0
2014-03-07,0
2014-03-10,8.2215
2014-03-11,8.2328
2014-03-12,0
2014-03-13,0
2014-03-14,0
2014-03-17,5.4735
2014-03-18,0
2014-03-19,0
2014-03-20,0
2014-03-21,0
2014-03-24,0
2014-03-25,0
2014-03-26,0
2014-03-27,0
2014-03-28,0
2014-03-31,0
2014-04-01,0
2014-04-02,0
2014-04-03,0
2014-04-04,0
2014-04-07,0
2014-04-08,-8.2282
2014-04-09,0
2014-04-10,0
2014-04-11,0
2014-04-14,0
2014-04-15,0
2014-04-16,0
2014-04-17,0
2014-04-18,0
2014-04-21,0
2014-04-22,5.451
2014-04-23,0
2014-04-24,0
2014-04-25,0
2014-04-28,0
2014-04-29,0
2014-04-30,0
2014-05-01,0
2014-05-02,0
2014-05-05,0
2014-05-06,0
2014-05-07,0
2014-05-08,0
2014-05-09,0
2014-05-12,0
2014-05-13,0
2014-05-14,0
2014-05-15,0
2014-05-16,0
2014-05-19,0
2014-05-20,0
2014-05-21,0
2014-05-22,0
2014-05-23,-44.352
2014-05-26,-44.352
2014-05-27,0
2014-05-28,0
2014-05-29,0
2014-05-30,0
2014-06-02,0
2014-06-03,0
2014-06-04,-5.562
2014-06-05,0
2014-06-06,0
2014-06-09,0
2014-06-10,0
2014-06-11,0
2014-06-12,0
2014-06-13,0
2014-06-16,0
2014-06-17,-5.5125
2014-06-18,0
2014-06-19,0
2014-06-20,0
2014-06-23,0
2014-06-24,0
2014-06-25,0
2014-06-26,0
2014-06-27,0
2014-06-30,0
2014-07-01,0
2014-07-02,0
2014-07-03,5.3205
2014-07-04,5.3205
2014-07-07,0
2014-07-08,0
2014-07-09,-15.696
2014-07-10,0
2014-07-11,-2.5777
2014-07-14,0
2014-07-15,-31.05
2014-07-16,-2.622
2014-07-17,-5.1825
2014-07-18,0
2014-07-21,0
2014-07-22,0
2014-07-23,0
2014-07-24,0
2014-07-25,0
2014-07-28,0
2014-07-29,0
2014-07-30,0
2014-07-31,-5.13
2014-08-01,0
2014-08-04,-10.143
2014-08-05,0
2014-08-06,-2.4997
2014-08-07,0
2014-08-08,-2.4877000000000002
2014-08-11,0
2014-08-12,0
2014-08-13,0
2014-08-14,0
2014-08-15,0
2014-08-18,0
2014-08-19,0
2014-08-20,0
2014-08-21,0
2014-08-22,0
2014-08-25,0
2014-08-26,0
2014-08-27,0
2014-08-28,0
2014-08-29,0
2014-09-01,0
2014-09-02,0
2014-09-03,0
2014-09-04,0
2014-09-05,0
2014-09-08,0
2014-09-09,0
2014-09-10,0
2014-09-11,0
2014-09-12,0
2014-09-15,0
2014-09-16,0
2014-09-17,0
2014-09-18,0
2014-09-19,0
2014-09-22,0
2014-09-23,0
2014-09-24,0
2014-09-25,0
2014-09-26,0
2014-09-29,0
2014-09-30,0
2014-10-01,0
2014-10-02,-2.4105
2014-10-03,0
2014-10-06,-7.254
2014-10-07,0
2014-10-08,-2.3655
2014-10-09,0
2014-10-10,0
2014-10-13,-6.9233
2014-10-14,0
2014-10-15,0
2014-10-16,0
2014-10-17,0
2014-10-20,0
2014-10-21,0
2014-10-22,0
2014-10-23,0
2014-10-24,0
2014-10-27,0
2014-10-28,0
2014-10-29,0
2014-10-30,0
2014-10-31,0
2014-11-03,0
2014-11-04,0
2014-11-05,0
2014-11-06,7.3778
2014-11-07,0
2014-11-10,0
2014-11-11,0
2014-11-12,0
2014-11-13,0
2014-11-14,0
2014-11-17,0
2014-11-18,-7.4879999999999995
2014-11-19,0
2014-11-20,0
2014-11-21,0
2014-11-24,0
2014-11-25,0
2014-11-26,0
2014-11-27,0
2014-11-28,0
2014-12-01,0
2014-12-02,0
2014-12-03,2.5027
2014-12-04,0
2014-12-05,0
2014-12-08,0
2014-12-09,0
2014-12-10,0
2014-12-11,0
2014-12-12,0
2014-12-15,0
2014-12-16,-9.546
2014-12-17,-4.6754999999999995
2014-12-18,0
2014-12-19,0
2014-12-22,-4.7940000000000005
2014-12-23,0
2014-12-24,0
2014-12-25,0
2014-12-26,0
2014-12-29,0
2014-12-30,0
2014-12-31,0
2015-01-01,0
2015-01-02,-7.0988
2015-01-05,0
2015-01-06,0
2015-01-07,-4.5465
2015-01-08,0
2015-01-09,0
2015-01-12,0
2015-01-13,0
2015-01-14,0
2015-01-15,0
2015-01-16,0
2015-01-19,0
2015-01-20,0
2015-01-21,0
2015-01-22,0
2015-01-23,0
2015-01-26,0
2015-01-27,0
2015-01-28,0
2015-01-29,-14.6205
2015-01-30,0
2015-02-02,0
2015-02-03,0
2015-02-04,0
2015-02-05,0
2015-02-06,0
2015-02-09,0
2015-02-10,0
2015-02-11,0
2015-02-12,0
2015-02-13,0
2015-02-16,0
2015-02-17,0
2015-02-18,32.7795
2015-02-19,0
2015-02-20,0
2015-02-23,0
2015-02-24,0
2015-02-25,0
2015-02-26,0
2015-02-27,0
2015-03-02,0
2015-03-03,0
2015-03-04,0
2015-03-05,0
2015-03-06,0
2015-03-09,0
2015-03-10,0
2015-03-11,0
2015-03-12,0
2015-03-13,0
2015-03-16,0
2015-03-17,2.4779999999999998
2015-03-18,0
2015-03-19,0
2015-03-20,0
2015-03-23,0
2015-03-24,0
2015-03-25,0
2015-03-26,0
2015-03-27,0
2015-03-30,0
2015-03-31,0
2015-04-01,0
2015-04-02,0
2015-04-03,0
2015-04-06,0
2015-04-07,12.7912
2015-04-08,0
2015-04-09,-5.064
2015-04-10,7.5712
2015-04-13,0
2015-04-14,0
2015-04-15,0
2015-04-16,0
2015-04-17,15.039
2015-04-20,0
2015-04-21,0
2015-04-22,0
2015-04-23,0
2015-04-24,0
2015-04-27,0
2015-04-28,0
2015-04-29,0
2015-04-30,0
2015-05-01,0
2015-05-04,0
2015-05-05,5.028
2015-05-06,0
2015-05-07,0
2015-05-08,0
2015-05-11,0
2015-05-12,0
2015-05-13,0
2015-05-14,0
2015-05-15,-2.5792
2015-05-18,0
2015-05-19,17.997
2015-05-20,0
2015-05-21,0
2015-05-22,0
2015-05-25,0
2015-05-26,0
2015-05-27,-5.148
2015-05-28,0
2015-05-29,0
2015-06-01,0
2015-06-02,25.7625
2015-06-03,-23.6318
2015-06-04,0
2015-06-05,0
2015-06-08,-5.052
2015-06-09,0
2015-06-10,0
2015-06-11,0
2015-06-12,0
2015-06-15,0
2015-06-16,0
2015-06-17,0
2015-06-18,0
2015-06-19,0
2015-06-22,5.2545
2015-06-23,0
2015-06-24,0
2015-06-25,12.4425
2015-06-26,0
2015-06-29,0
2015-06-30,0
2015-07-01,-9.72
2015-07-02,0
2015-07-03,0
2015-07-06,0
2015-07-07,0
2015-07-08,0
2015-07-09,0
2015-07-10,0
2015-07-13,0
2015-07-14,0
2015-07-15,-4.8165
2015-07-16,-22.1198
2015-07-17,0
2015-07-20,0
2015-07-21,0
2015-07-22,0
2015-07-23,-7.2495
2015-07-24,0
2015-07-27,0
2015-07-28,0
2015-07-29,0
2015-07-30,0
2015-07-31,0
2015-08-03,0
2015-08-04,0
2015-08-05,0
2015-08-06,0
2015-08-07,0
2015-08-10,0
2015-08-11,0
2015-08-12,0
2015-08-13,0
2015-08-14,0
2015-08-17,0
2015-08-18,0
2015-08-19,0
2015-08-20,0
2015-08-21,0
2015-08-24,0
2015-08-25,0
2015-08-26,-13.266
2015-08-27,0
2015-08-28,0
2015-08-31,0
2015-09-01,0
2015-09-02,0
2015-09-03,0
2015-09-04,0
2015-09-07,0
2015-09-08,0
2015-09-09,0
2015-09-10,13.7475
2015-09-11,0
2015-09-14,0
2015-09-15,0
2015-09-16,0
2015-09-17,16.1595
2015-09-18,0
2015-09-21,0
2015-09-22,0
2015-09-23,4.326
2015-09-24,6.3585
2015-09-25,4.317
2015-09-28,0
2015-09-29,0
2015-09-30,0
2015-10-01,0
2015-10-02,0
2015-10-05,0
2015-10-06,0
2015-10-07,0
2015-10-08,0
2015-10-09,0
2015-10-12,0
2015-10-13,0
2015-10-14,0
2015-10-15,0
2015-10-16,0
2015-10-19,0
2015-10-20,0
2015-10-21,0
2015-10-22,0
2015-10-23,0
2015-10-26,0
2015-10-27,0
2015-10-28,0
2015-10-29,0
2015-10-30,0
2015-11-02,0
2015-11-03,0
2015-11-04,0
2015-11-05,0
2015-11-06,0
2015-11-09,0
2015-11-10,0
2015-11-11,0
2015-11-12,0
2015-11-13,0
2015-11-16,0
2015-11-17,0
2015-11-18,-2.2342
2015-11-19,0
2015-11-20,0
2015-11-23,0
2015-11-24,0
2015-11-25,0
2015-11-26,0
2015-11-27,0
2015-11-30,0
2015-12-01,0
2015-12-02,0
2015-12-03,0
2015-12-04,2.2605
2015-12-07,0
2015-12-08,0
2015-12-09,0
2015-12-10,0
2015-12-11,0
2015-12-14,0
2015-12-15,0
2015-12-16,0
2015-12-17,0
2015-12-18,0
2015-12-21,0
2015-12-22,0
2015-12-23,0
2015-12-24,0
2015-12-25,0
2015-12-28,0
2015-12-29,0
2015-12-30,0
2015-12-31,0
2016-01-01,0
2016-01-04,0
2016-01-05,0
2016-01-06,0
2016-01-07,0
2016-01-08,0
2016-01-11,0
2016-01-12,0
2016-01-13,0
2016-01-14,-8.091
2016-01-15,0
2016-01-18,0
2016-01-19,0
2016-01-20,0
2016-01-21,-21.6727
2016-01-22,-4.095
2016-01-25,0
2016-01-26,0
2016-01-27,0
2016-01-28,0
2016-01-29,0
2016-02-01,0
2016-02-02,0
2016-02-03,0
2016-02-04,0
2016-02-05,0
2016-02-08,0
2016-02-09,0
2016-02-10,0
2016-02-11,0
2016-02-12,0
2016-02-15,0
2016-02-16,0
2016-02-17,0
2016-02-18,0
2016-02-19,0
2016-02-22,0
2016-02-23,0
2016-02-24,0
2016-02-25,0
2016-02-26,0
2016-02-29,0
2016-03-01,0
2016-03-02,0
2016-03-03,0
2016-03-04,0
2016-03-07,0
2016-03-08,0
2016-03-09,0
2016-03-10,0
2016-03-11,0
2016-03-14,-8.85
2016-03-15,0
2016-03-16,0
2016-03-17,0
2016-03-18,0
2016-03-21,0
2016-03-22,0
2016-03-23,0
2016-03-24,0
2016-03-25,0
2016-03-28,0
2016-03-29,0
2016-03-30,-4.4655000000000005
2016-03-31,0
2016-04-01,0
2016-04-04,0
2016-04-05,0
2016-04-06,0
2016-04-07,0
2016-04-08,0
2016-04-11,0
2016-04-12,0
2016-04-13,0
2016-04-14,0
2016-04-15,2.2672
2016-04-18,0
2016-04-19,0
2016-04-20,0
2016-04-21,0
2016-04-22,0
2016-04-25,0
2016-04-26,0
2016-04-27,0
2016-04-28,0
2016-04-29,0
2016-05-02,0
2016-05-03,0
2016-05-04,0
2016-05-05,0
2016-05-06,0
2016-05-09,0
2016-05-10,0
2016-05-11,0
2016-05-12,0
2016-05-13,0
2016-05-16,0
2016-05-17,0
2016-05-18,0
2016-05-19,0
2016-05-20,0
2016-05-23,0
2016-05-24,0
2016-05-25,0
2016-05-26,0
2016-05-27,0
2016-05-30,0
2016-05-31,0
2016-06-01,0
2016-06-02,0
2016-06-03,0
2016-06-06,0
2016-06-07,0
2016-06-08,0
2016-06-09,0
2016-06-10,0
2016-06-13,0
2016-06-14,0
2016-06-15,-6.3495
2016-06-16,0
2016-06-17,0
2016-06-20,0
2016-06-21,0
2016-06-22,0
2016-06-23,-6.5047
2016-06-24,-6.3
2016-06-27,0
2016-06-28,0
2016-06-29,0
2016-06-30,0
2016-07-01,0
2016-07-04,0
2016-07-05,0
2016-07-06,0
2016-07-07,0
2016-07-08,0
2016-07-11,0
2016-07-12,0
2016-07-13,0
2016-07-14,0
2016-07-15,0
2016-07-18,0
2016-07-19,0
2016-07-20,0
2016-07-21,0
2016-07-22,0
2016-07-25,0
2016-07-26,-4.1505
2016-07-27,0
2016-07-28,0
2016-07-29,0
2016-08-01,0
2016-08-02,0
2016-08-03,0
2016-08-04,0
2016-08-05,0
2016-08-08,0
2016-08-09,0
2016-08-10,0
2016-08-11,0
2016-08-12,0
2016-08-15,0
2016-08-16,0
2016-08-17,0
2016-08-18,0
2016-08-19,0
2016-08-22,0
2016-08-23,0
2016-08-24,0
2016-08-25,0
2016-08-26,0
2016-08-29,0
2016-08-30,0
2016-08-31,0
2016-09-01,0
2016-09-02,0
2016-09-05,0
2016-09-06,0
2016-09-07,0
2016-09-08,0
2016-09-09,0
2016-09-12,0
2016-09-13,0
2016-09-14,0
2016-09-15,0
2016-09-16,0
2016-09-19,0
2016-09-20,0
2016-09-21,0
2016-09-22,0
2016-09-23,0
2016-09-26,0
2016-09-27,0
2016-09-28,0
2016-09-29,0
2016-09-30,0
2016-10-03,8.76
2016-10-04,0
2016-10-05,0
2016-10-06,0
2016-10-07,-4.362
2016-10-10,0
2016-10-11,0
2016-10-12,0
2016-10-13,0
2016-10-14,-8.484
2016-10-17,0
2016-10-18,0
2016-10-19,0
2016-10-20,0
2016-10-21,0
2016-10-24,0
2016-10-25,0
2016-10-26,0
2016-10-27,0
2016-10-28,8.346
2016-10-31,0
2016-11-01,0
2016-11-02,0
2016-11-03,0
2016-11-04,0
2016-11-07,0
2016-11-08,0
2016-11-09,0
2016-11-10,0
2016-11-11,0
2016-11-14,0
2016-11-15,0
2016-11-16,0
2016-11-17,0
2016-11-18,0
2016-11-21,0
2016-11-22,0
2016-11-23,0
2016-11-24,0
2016-11-25,0
2016-11-28,0
2016-11-29,0
2016-11-30,0
2016-12-01,0
2016-12-02,-4.119
2016-12-05,0
2016-12-06,0
2016-12-07,0
2016-12-08,0
2016-12-09,0
2016-12-12,0
2016-12-13,0
2016-12-14,-4.338
2016-12-15,0
2016-12-16,0
2016-12-19,0
2016-12-20,-6.345
2016-12-21,6.4058
2016-12-22,0
2016-12-23,0
2016-12-26,0
2016-12-27,0
2016-12-28,0
2016-12-29,-4.3065
2016-12-30,0
2017-01-02,0
2017-01-03,-4.3245000000000005
2017-01-04,0
2017-01-05,0
2017-01-06,0
2017-01-09,0
2017-01-10,0
2017-01-11,-4.2975
2017-01-12,0
2017-01-13,0
2017-01-16,0
2017-01-17,0
2017-01-18,0
2017-01-19,0
2017-01-20,0
2017-01-23,0
2017-01-24,0
2017-01-25,0
2017-01-26,0
2017-01-27,0
2017-01-30,0
2017-01-31,0
2017-02-01,0
2017-02-02,0
2017-02-03,0
2017-02-06,0
2017-02-07,0
2017-02-08,0
2017-02-09,0
2017-02-10,0
2017-02-13,0
2017-02-14,0
2017-02-15,0
2017-02-16,9.294
2017-02-17,0
2017-02-20,0
2017-02-21,0
2017-02-22,0
2017-02-23,0
2017-02-24,0
2017-02-27,0
2017-02-28,0
2017-03-01,0
2017-03-02,0
2017-03-03,0
2017-03-06,0
2017-03-07,0
2017-03-08,0
2017-03-09,0
2017-03-10,0
2017-03-13,0
2017-03-14,0
2017-03-15,0
2017-03-16,0
2017-03-17,0
2017-03-20,0
2017-03-21,0
2017-03-22,18.762
2017-03-23,0
2017-03-24,0
2017-03-27,0
2017-03-28,0
2017-03-29,0
2017-03-30,0
2017-03-31,0
2017-04-03,0
2017-04-04,0
2017-04-05,0
2017-04-06,0
2017-04-07,0
2017-04-10,0
2017-04-11,0
2017-04-12,0
2017-04-13,0
2017-04-14,0
2017-04-17,0
2017-04-18,0
2017-04-19,0
2017-04-20,0
2017-04-21,0
2017-04-24,0
2017-04-25,0
2017-04-26,0
2017-04-27,0
2017-04-28,19.896
2017-05-01,0
2017-05-02,7.533
2017-05-03,0
2017-05-04,0
2017-05-05,17.7555
2017-05-08,10.08
2017-05-09,35.385
2017-05-10,0
2017-05-11,5.022
2017-05-12,7.587
2017-05-15,0
2017-05-16,0
2017-05-17,7.5825
2017-05-18,0
2017-05-19,0
2017-05-22,0
2017-05-23,0
2017-05-24,0
2017-05-25,0
2017-05-26,0
2017-05-29,0
2017-05-30,-20.37
2017-05-31,0
2017-06-01,0
2017-06-02,0
2017-06-05,0
2017-06-06,0
2017-06-07,0
2017-06-08,0
2017-06-09,0
2017-06-12,0
2017-06-13,0
2017-06-14,0
2017-06-15,0
2017-06-16,0
2017-06-19,0
2017-06-20,7.4813
2017-06-21,0
2017-06-22,0
2017-06-23,-15.102
2017-06-26,0
2017-06-27,0
2017-06-28,0
2017-06-29,0
2017-06-30,0
2017-07-03,0
2017-07-04,0
2017-07-05,0
2017-07-06,0
2017-07-07,0
2017-07-10,0
2017-07-11,0
2017-07-12,26.1075
2017-07-13,10.467
2017-07-14,0
2017-07-17,0
2017-07-18,0
2017-07-19,0
2017-07-20,0
2017-07-21,0
2017-07-24,0
2017-07-25,0
2017-07-26,0
2017-07-27,0
2017-07-28,0
2017-07-31,0
2017-08-01,0
2017-08-02,0
2017-08-03,-18.0285
2017-08-04,0
2017-08-07,0
2017-08-08,0
2017-08-09,0
2017-08-10,0
2017-08-11,0
2017-08-14,0
2017-08-15,0
2017-08-16,0
2017-08-17,0
2017-08-18,0
2017-08-21,0
2017-08-22,0
2017-08-23,0
2017-08-24,0
2017-08-25,0
2017-08-28,0
2017-08-29,0
2017-08-30,0
2017-08-31,0
2017-09-01,0
2017-09-04,0
2017-09-05,0
2017-09-06,0
2017-09-07,0
2017-09-08,0
2017-09-11,0
2017-09-12,0
2017-09-13,0
2017-09-14,0
2017-09-15,0
2017-09-18,0
2017-09-19,0
2017-09-20,0
2017-09-21,0
2017-09-22,0
2017-09-25,0
2017-09-26,5.2665
2017-09-27,0
2017-09-28,0
2017-09-29,0
2017-10-02,0
2017-10-03,0
2017-10-04,0
2017-10-05,0
2017-10-06,0
2017-10-09,0
2017-10-10,0
2017-10-11,0
2017-10-12,0
2017-10-13,0
2017-10-16,0
2017-10-17,0
2017-10-18,0
2017-10-19,0
2017-10-20,0
2017-10-23,0
2017-10-24,0
2017-10-25,0
2017-10-26,0
2017-10-27,0
2017-10-30,0
2017-10-31,0
2017-11-01,0
2017-11-02,0
2017-11-03,15.961500000000001
2017-11-06,0
2017-11-07,0
2017-11-08,0
2017-11-09,0
2017-11-10,0
2017-11-13,0
2017-11-14,0
2017-11-15,0
2017-11-16,0
2017-11-17,0
2017-11-20,0
2017-11-21,0
2017-11-22,0
2017-11-23,0
2017-11-24,0
2017-11-27,0
2017-11-28,0
2017-11-29,0
2017-11-30,0
2017-12-01,0
2017-12-04,0
2017-12-05,0
2017-12-06,0
2017-12-07,0
2017-12-08,0
2017-12-11,0
2017-12-12,0
2017-12-13,0
2017-12-14,0
2017-12-15,0
2017-12-18,0
2017-12-19,2.5282999999999998
2017-12-20,-7.5938
2017-12-21,0
2017-12-22,0
2017-12-25,0
2017-12-26,0
2017-12-27,0
2017-12-28,0
2017-12-29,0
2018-01-01,0
2018-01-02,0
2018-01-03,0
2018-01-04,0
2018-01-05,0
2018-01-08,0
2018-01-09,0
2018-01-10,0
2018-01-11,0
2018-01-12,61.4617
2018-01-15,61.4617
2018-01-16,0
2018-01-17,0
2018-01-18,0
2018-01-19,0
2018-01-22,0
2018-01-23,-10.935
2018-01-24,0
2018-01-25,0
2018-01-26,0
2018-01-29,-8.1585
2018-01-30,0
2018-01-31,0
2018-02-01,-13.605
2018-02-02,0
2018-02-05,-5.2095
2018-02-06,-7.5983
2018-02-07,5.1765
2018-02-08,0
2018-02-09,-2.484
2018-02-12,0
2018-02-13,2.5208
2018-02-14,0
2018-02-15,0
2018-02-16,0
2018-02-19,0
2018-02-20,5.1975
2018-02-21,0
2018-02-22,0
2018-02-23,0
2018-02-26,0
2018-02-27,0
2018-02-28,0
2018-03-01,0
2018-03-02,0
2018-03-05,-5.007
2018-03-06,0
2018-03-07,-10.146
2018-03-08,-61.542
2018-03-09,0
2018-03-12,0
2018-03-13,0
2018-03-14,-5.181
2018-03-15,-5.22
2018-03-16,0
2018-03-19,0
2018-03-20,0
2018-03-21,0
2018-03-22,-7.4588
2018-03-23,-9.957
2018-03-26,0
2018-03-27,-2.502
2018-03-28,-7.4498
2018-03-29,0
2018-03-30,0
2018-04-02,-14.9985
2018-04-03,-9.822
2018-04-04,0
2018-04-05,0
2018-04-06,0
2018-04-09,0
2018-04-10,0
2018-04-11,-4.947
2018-04-12,0
2018-04-13,0
2018-04-16,0
2018-04-17,0
2018-04-18,0
2018-04-19,0
2018-04-20,0
2018-04-23,-7.6793
2018-04-24,0
2018-04-25,0
2018-04-26,-7.5263
2018-04-27,0
2018-04-30,0
2018-05-01,0
2018-05-02,-14.6925
2018-05-03,0
2018-05-04,0
2018-05-07,0
2018-05-08,0
2018-05-09,0
2018-05-10,0
2018-05-11,0
2018-05-14,-7.6905
2018-05-15,-20.316
2018-05-16,0
2018-05-17,0
2018-05-18,0
2018-05-21,-7.7219999999999995
2018-05-22,-2.5778
2018-05-23,0
2018-05-24,0
2018-05-25,0
2018-05-28,0
2018-05-29,0
2018-05-30,0
2018-05-31,0
2018-06-01,0
2018-06-04,-9.888
2018-06-05,0
2018-06-06,0
2018-06-07,-7.4588
2018-06-08,0
2018-06-11,0
2018-06-12,0
2018-06-13,0
2018-06-14,0
2018-06-15,0
2018-06-18,0
2018-06-19,9.219
2018-06-20,0
2018-06-21,0
2018-06-22,0
2018-06-25,0
2018-06-26,0
2018-06-27,0
2018-06-28,0
2018-06-29,0
2018-07-02,-4.533
2018-07-03,0
2018-07-04,0
2018-07-05,0
2018-07-06,0
2018-07-09,0
2018-07-10,0
2018-07-11,0
2018-07-12,0
2018-07-13,0
2018-07-16,0
2018-07-17,0
2018-07-18,0
2018-07-19,0
2018-07-20,0
2018-07-23,0
2018-07-24,0
2018-07-25,0
2018-07-26,0
2018-07-27,0
2018-07-30,0
2018-07-31,0
2018-08-01,0
2018-08-02,0
2018-08-03,0
2018-08-06,0
2018-08-07,0
2018-08-08,0
2018-08-09,0
2018-08-10,0
2018-08-13,0
2018-08-14,0
2018-08-15,0
2018-08-16,0
2018-08-17,0
2018-08-20,0
2018-08-21,0
2018-08-22,0
2018-08-23,0
2018-08-24,0
2018-08-27,0
2018-08-28,0
2018-08-29,0
2018-08-30,0
2018-08-31,0
2018-09-03,0
2018-09-04,0
2018-09-05,0
2018-09-06,0
2018-09-07,0
2018-09-10,0
2018-09-11,0
2018-09-12,4.7475000000000005
2018-09-13,0
2018-09-14,0
2018-09-17,0
2018-09-18,0
2018-09-19,0
2018-09-20,0
2018-09-21,0
2018-09-24,0
2018-09-25,0
2018-09-26,0
2018-09-27,0
2018-09-28,0
2018-10-01,0
2018-10-02,0
2018-10-03,0
2018-10-04,0
2018-10-05,0
2018-10-08,0
2018-10-09,0
2018-10-10,0
2018-10-11,0
2018-10-12,0
2018-10-15,0
2018-10-16,0
2018-10-17,0
2018-10-18,0
2018-10-19,0
2018-10-22,0
2018-10-23,0
2018-10-24,0
2018-10-25,0
2018-10-26,0
2018-10-29,0
2018-10-30,0
2018-10-31,0
2018-11-01,0
2018-11-02,0
2018-11-05,0
2018-11-06,0
2018-11-07,0
2018-11-08,6.7635
2018-11-09,0
2018-11-12,0
2018-11-13,0
2018-11-14,0
2018-11-15,0
2018-11-16,0
2018-11-19,0
2018-11-20,0
2018-11-21,0
2018-11-22,0
2018-11-23,6.3878
2018-11-26,0
2018-11-27,0
2018-11-28,-4.32
2018-11-29,0
2018-11-30,0
2018-12-03,0
2018-12-04,0
2018-12-05,0
2018-12-06,0
2018-12-07,0
2018-12-10,0
2018-12-11,0
2018-12-12,0
2018-12-13,0
2018-12-14,0
2018-12-17,0
2018-12-18,-6.3293
2018-12-19,0
2018-12-20,0
2018-12-21,0
2018-12-24,0
2018-12-25,0
2018-12-26,0
2018-12-27,-2.0355
2018-12-28,0
2018-12-31,0
2019-01-01,0
2019-01-02,0
2019-01-03,0
2019-01-04,-4.275
2019-01-07,0
2019-01-08,0
2019-01-09,0
2019-01-10,0
2019-01-11,0
2019-01-14,0
2019-01-15,0
2019-01-16,-6.525
2019-01-17,0
2019-01-18,0
2019-01-21,0
2019-01-22,0
2019-01-23,0
2019-01-24,0
2019-01-25,0
2019-01-28,0
2019-01-29,0
2019-01-30,0
2019-01-31,0
2019-02-01,0
2019-02-04,0
2019-02-05,0
2019-02-06,0
2019-02-07,0
2019-02-08,0
2019-02-11,0
2019-02-12,0
2019-02-13,0
2019-02-14,0
2019-02-15,0
2019-02-18,0
2019-02-19,0
2019-02-20,0
2019-02-21,-8.955
2019-02-22,0
2019-02-25,0
2019-02-26,0
2019-02-27,0
2019-02-28,0
2019-03-01,0
2019-03-04,0
2019-03-05,0
2019-03-06,0
2019-03-07,0
2019-03-08,0
2019-03-11,0
2019-03-12,0
2019-03-13,0
2019-03-14,0
2019-03-15,0
2019-03-18,0
2019-03-19,0
2019-03-20,-11.6775
2019-03-21,0
2019-03-22,0
2019-03-25,0
2019-03-26,0
2019-03-27,0
2019-03-28,15.8025
2019-03-29,4.5495
2019-04-01,0
2019-04-02,0
2019-04-03,0
2019-04-04,-21.3097
2019-04-05,0
2019-04-08,0
2019-04-09,0
2019-04-10,0
2019-04-11,0
2019-04-12,0
2019-04-15,0
2019-04-16,0
2019-04-17,0
2019-04-18,0
2019-04-19,0
2019-04-22,0
2019-04-23,0
2019-04-24,0
2019-04-25,0
2019-04-26,0
2019-04-29,0
2019-04-30,0
2019-05-01,0
2019-05-02,0
2019-05-03,0
2019-05-06,4.7085
2019-05-07,9.222
2019-05-08,0
2019-05-09,0
2019-05-10,0
2019-05-13,0
2019-05-14,4.545
2019-05-15,0
2019-05-16,0
2019-05-17,0
2019-05-20,0
2019-05-21,0
2019-05-22,0
2019-05-23,0
2019-05-24,0
2019-05-27,0
2019-05-28,0
2019-05-29,0
2019-05-30,0
2019-05-31,0
2019-06-03,0
2019-06-04,0
2019-06-05,0
2019-06-06,0
2019-06-07,0
2019-06-10,0
2019-06-11,0
2019-06-12,0
2019-06-13,0
2019-06-14,0
2019-06-17,4.4445
2019-06-18,0
2019-06-19,0
2019-06-20,0
2019-06-21,0
2019-06-24,0
2019-06-25,0
2019-06-26,0
2019-06-27,0
2019-06-28,0
2019-07-01,0
2019-07-02,0
2019-07-03,0
2019-07-04,0
2019-07-05,0
2019-07-08,0
2019-07-09,0
2019-07-10,0
2019-07-11,0
2019-07-12,0
2019-07-15,0
2019-07-16,0
2019-07-17,0
2019-07-18,0
2019-07-19,0
2019-07-22,0
2019-07-23,0
2019-07-24,0
2019-07-25,0
2019-07-26,0
2019-07-29,0
2019-07-30,0
2019-07-31,0
2019-08-01,0
2019-08-02,0
2019-08-05,0
2019-08-06,0
2019-08-07,0
2019-08-08,-10.7063
2019-08-09,0
2019-08-12,0
2019-08-13,0
2019-08-14,0
2019-08-15,0
2019-08-16,0
2019-08-19,0
2019-08-20,0
2019-08-21,0
2019-08-22,0
2019-08-23,0
2019-08-26,0
2019-08-27,0
2019-08-28,0
2019-08-29,0
2019-08-30,0
2019-09-02,0
2019-09-03,0
2019-09-04,0
2019-09-05,0
2019-09-06,0
2019-09-09,-6.6038
2019-09-10,0
2019-09-11,0
2019-09-12,0
2019-09-13,0
2019-09-16,0
2019-09-17,0
2019-09-18,0
2019-09-19,0
2019-09-20,0
2019-09-23,0
2019-09-24,0
2019-09-25,0
2019-09-26,0
2019-09-27,0
2019-09-30,0
2019-10-01,0
2019-10-02,0
2019-10-03,0
2019-10-04,0
2019-10-07,0
2019-10-08,0
2019-10-09,0
2019-10-10,0
2019-10-11,0
2019-10-14,-6.6465
2019-10-15,0
2019-10-16,0
2019-10-17,0
2019-10-18,0
2019-10-21,0
2019-10-22,0
2019-10-23,0
2019-10-24,0
2019-10-25,0
2019-10-28,0
2019-10-29,0
2019-10-30,0
2019-10-31,0
2019-11-01,0
2019-11-04,0
2019-11-05,0
2019-11-06,0
2019-11-07,0
2019-11-08,0
2019-11-11,0
2019-11-12,0
2019-11-13,0
2019-11-14,0
2019-11-15,0
2019-11-18,0
2019-11-19,0
2019-11-20,0
2019-11-21,0
2019-11-22,0
2019-11-25,0
2019-11-26,0
2019-11-27,0
2019-11-28,0
2019-11-29,0
2019-12-02,0
2019-12-03,0
2019-12-04,0
2019-12-05,0
2019-12-06,0
2019-12-09,0
2019-12-10,0
2019-12-11,0
2019-12-12,0
2019-12-13,0
2019-12-16,2.4855
2019-12-17,0
2019-12-18,0
2019-12-19,0
2019-12-20,0
2019-12-23,0
2019-12-24,0
2019-12-25,0
2019-12-26,0
2019-12-27,0
2019-12-30,0
2019-12-31,0
2020-01-01,0
2020-01-02,0
2020-01-03,0
2020-01-06,0
2020-01-07,0
2020-01-08,0
2020-01-09,0
2020-01-10,0
2020-01-13,0
2020-01-14,0
2020-01-15,0
2020-01-16,0
2020-01-17,0
2020-01-20,0
2020-01-21,0
2020-01-22,0
2020-01-23,9.846
2020-01-24,0
2020-01-27,0
2020-01-28,0
2020-01-29,0
2020-01-30,0
2020-01-31,0
2020-02-03,0
2020-02-04,0
2020-02-05,0
2020-02-06,0
2020-02-07,0
2020-02-10,0
2020-02-11,0
2020-02-12,0
2020-02-13,7.6253
2020-02-14,0
2020-02-17,0
2020-02-18,0
2020-02-19,0
2020-02-20,0
2020-02-21,0
2020-02-24,0
2020-02-25,0
