Date,Market,Ticker,Prediction,Weight
2019-01-02,Developed,ENZL,0.007410519464446572,0.041258323553969856
2019-01-02,Developed,EWA,0.005537452700343525,0.030829959528706184
2019-01-02,Developed,EWC,0.009064624093286277,0.05046760831412862
2019-01-02,Developed,EWD,0.0055028745610044855,0.03063744454138459
2019-01-02,Developed,EWG,0.009068080726123577,0.05048685323706457
2019-01-02,Developed,EWH,0.006897072216678694,0.038399688234551727
2019-01-02,Developed,EWI,0.00890929885170779,0.04960282965672282
2019-01-02,Developed,EWJ,0.005547682360643763,0.03088691351641775
2019-01-02,Developed,EWK,0.009594967139556144,0.05342031157637345
2019-01-02,Developed,EWL,0.006866567123865461,0.038229850074707396
2019-01-02,Developed,EWN,0.00901904270515023,0.05021383235837023
2019-01-02,Developed,EWO,0.00963804524505025,0.05366015041939856
2019-01-02,Developed,EWP,0.00883141017979047,0.049169181780542005
2019-01-02,Developed,EWQ,0.005468186195837315,0.030444315867950593
2019-01-02,Developed,EWS,0.005510367966241432,0.030679164334345154
2019-01-02,Developed,EWU,0.005402944136864164,0.03008107844696333
2019-01-02,Developed,VOO,0.007459764062625216,0.04153249455840313
2019-01-02,Emerging,ARGT,-0.01714850351659454,-0.03470562572997726
2019-01-02,Emerging,ECH,0.0008962184235672612,0.001813792156880427
2019-01-02,Emerging,EIDO,,0.0
2019-01-02,Emerging,EPHE,0.0008962184235672612,0.001813792156880427
2019-01-02,Emerging,EPOL,0.011686341288119555,0.023651147547993197
2019-01-02,Emerging,EPU,0.033612946229531544,0.06802682988606547
2019-01-02,Emerging,ERUS,0.01310566875845077,0.02652362256751447
2019-01-02,Emerging,EWM,0.0029977684517416827,0.006066968456495442
2019-01-02,Emerging,EWT,0.012885365740813523,0.02607776709855742
2019-01-02,Emerging,EWW,0.012863970689857276,0.02603446719018683
2019-01-02,Emerging,EWY,0.010768384449498214,0.021793360572783593
2019-01-02,Emerging,EWZ,0.012863970689857276,0.02603446719018683
2019-01-02,Emerging,EZA,0.0008962184235672612,0.001813792156880427
2019-01-02,Emerging,GREK,0.002991804663926342,0.006054898774283702
2019-01-02,Emerging,KSA,0.0008189786145543209,0.001657472049970575
2019-01-02,Emerging,MCHI,0.010768384449498214,0.021793360572783593
2019-01-02,Emerging,THD,0.003033180269092172,0.006138635892560351
2019-01-02,Emerging,TUR,,0.0
2019-02-01,Developed,ENZL,0.007580418561926631,0.04300791360409892
2019-02-01,Developed,EWA,0.006479034541183357,0.03675915195299785
2019-02-01,Developed,EWC,0.0067791950513726865,0.03846212879842206
2019-02-01,Developed,EWD,0.005954175564330349,0.033781336236566914
2019-02-01,Developed,EWG,0.00906002015962209,0.0514025130793553
2019-02-01,Developed,EWH,0.007036670559370956,0.039922929981456814
2019-02-01,Developed,EWI,0.009122798187665159,0.05175868760774781
2019-02-01,Developed,EWJ,0.005524200739704742,0.03134185087591478
2019-02-01,Developed,EWK,0.008983297263176232,0.05096722158788374
2019-02-01,Developed,EWL,0.006496326237904389,0.03685725732707068
2019-02-01,Developed,EWN,0.007754799325736627,0.043997272273793665
2019-02-01,Developed,EWO,0.008962671117468098,0.05085019803762011
2019-02-01,Developed,EWP,0.009415176143366684,0.05341750971048909
2019-02-01,Developed,EWQ,0.00573928667201783,0.0325621525147767
2019-02-01,Developed,EWS,0.005724232579181653,0.0324767423070425
2019-02-01,Developed,EWU,0.005450234225782167,0.03092219786937025
2019-02-01,Developed,VOO,0.0073169192836375204,0.04151293623539275
2019-02-01,Emerging,ARGT,-0.01987543304345584,-0.026790276556343806
2019-02-01,Emerging,ECH,0.0008962184235672612,0.001208020945745526
2019-02-01,Emerging,EIDO,,0.0
2019-02-01,Emerging,EPHE,0.002943579579396375,0.003967677626203982
2019-02-01,Emerging,EPOL,0.011368661048782615,0.01532392139111163
2019-02-01,Emerging,EPU,0.07586692074200706,0.10226171091279956
2019-02-01,Emerging,ERUS,0.012863970689857276,0.017339462825311843
2019-02-01,Emerging,EWM,0.010768384449498214,0.014514803115803122
2019-02-01,Emerging,EWT,0.012869934477672616,0.01734750146902577
2019-02-01,Emerging,EWW,0.012863970689857276,0.017339462825311843
2019-02-01,Emerging,EWY,0.010768384449498214,0.014514803115803122
2019-02-01,Emerging,EWZ,0.012863970689857276,0.017339462825311843
2019-02-01,Emerging,EZA,0.0008962184235672612,0.001208020945745526
2019-02-01,Emerging,GREK,0.012951023085026759,0.017456801538706594
2019-02-01,Emerging,KSA,0.0008962184235672612,0.001208020945745526
2019-02-01,Emerging,MCHI,0.010768384449498214,0.014514803115803122
2019-02-01,Emerging,THD,0.01310566875845077,0.01766524984522716
2019-02-01,Emerging,TUR,,0.0
2019-03-01,Developed,ENZL,0.0075013760718137795,0.03621101067894027
2019-03-01,Developed,EWA,0.005655944034871738,0.027302650591774426
2019-03-01,Developed,EWC,0.006905757588833665,0.03333581190990266
2019-03-01,Developed,EWD,0.009008904733852036,0.04348822701328632
2019-03-01,Developed,EWG,0.00896285501750664,0.04326593356280716
2019-03-01,Developed,EWH,0.007083016871586066,0.03419148661801478
2019-03-01,Developed,EWI,0.008944013468883856,0.04317498071470892
2019-03-01,Developed,EWJ,0.016713623374520953,0.08068082291896435
2019-03-01,Developed,EWK,0.009020413020927829,0.043543780381389494
2019-03-01,Developed,EWL,0.0068294976785340895,0.032967686328703096
2019-03-01,Developed,EWN,0.00552335789189624,0.026662624256179122
2019-03-01,Developed,EWO,0.009168366607887056,0.04425798919668925
2019-03-01,Developed,EWP,0.00902137973488413,0.04354844695043763
2019-03-01,Developed,EWQ,0.005395439543598456,0.02604513052810858
2019-03-01,Developed,EWS,0.01637654173803721,0.07905364590216986
2019-03-01,Developed,EWU,0.0054788192929644325,0.026447625345831897
2019-03-01,Developed,VOO,0.007420820133830423,0.035822147102092285
2019-03-01,Emerging,ARGT,0.010880130572340132,0.016998366323269214
2019-03-01,Emerging,ECH,0.0008962184235672612,0.001400189912075892
2019-03-01,Emerging,EIDO,,0.0
2019-03-01,Emerging,EPHE,0.0008962184235672612,0.001400189912075892
2019-03-01,Emerging,EPOL,0.0139076719686577,0.021728388391598043
2019-03-01,Emerging,EPU,0.07599305793119589,0.1187263174969463
2019-03-01,Emerging,ERUS,0.012863970689857276,0.02009778142864334
2019-03-01,Emerging,EWM,0.0008962184235672612,0.001400189912075892
2019-03-01,Emerging,EWT,0.012869934477672616,0.02010709883979805
2019-03-01,Emerging,EWW,0.012863970689857276,0.02009778142864334
2019-03-01,Emerging,EWY,0.010768384449498214,0.016823781880679806
2019-03-01,Emerging,EWZ,0.012863970689857276,0.02009778142864334
2019-03-01,Emerging,EZA,0.0008962184235672612,0.001400189912075892
2019-03-01,Emerging,GREK,0.002991804663926342,0.004674189460039457
2019-03-01,Emerging,KSA,0.0008962184235672612,0.001400189912075892
2019-03-01,Emerging,MCHI,0.010768384449498214,0.016823781880679806
2019-03-01,Emerging,THD,0.010768384449498214,0.016823781880679806
2019-03-01,Emerging,TUR,,0.0
2019-04-01,Developed,ENZL,0.007398716191763092,0.03596722656899899
2019-04-01,Developed,EWA,0.006756237446306209,0.032843957882285474
2019-04-01,Developed,EWC,0.00669957803821275,0.03256852066921444
2019-04-01,Developed,EWD,0.008832227796588425,0.04293592699535711
2019-04-01,Developed,EWG,0.014018295500187886,0.06814685106150661
2019-04-01,Developed,EWH,0.006998524758940295,0.03402178420274979
2019-04-01,Developed,EWI,0.00906490259291298,0.04406702418835631
2019-04-01,Developed,EWJ,0.008957637185623854,0.043545577074155725
2019-04-01,Developed,EWK,0.009099026200273818,0.04423290857768661
2019-04-01,Developed,EWL,0.00683595997053738,0.03323151134661045
2019-04-01,Developed,EWN,0.008772957101898547,0.04264779558856168
2019-04-01,Developed,EWO,0.00904309645939168,0.043961018480794825
2019-04-01,Developed,EWP,0.014016071595211956,0.06813604003807172
2019-04-01,Developed,EWQ,0.005705589967813134,0.027736466944171395
2019-04-01,Developed,EWS,0.008929166499445805,0.043407173114090224
2019-04-01,Developed,EWU,0.0055169620961956255,0.02681949415864301
2019-04-01,Developed,VOO,0.007350065735564348,0.03573072310874552
2019-04-01,Emerging,ARGT,0.07446842994669843,0.06185908913368948
2019-04-01,Emerging,ECH,0.010768384449498214,0.008945031524958026
2019-04-01,Emerging,EIDO,0.010768384449498214,0.008945031524958026
2019-04-01,Emerging,EPHE,0.010768384449498214,0.008945031524958026
2019-04-01,Emerging,EPOL,0.010768384449498214,0.008945031524958026
2019-04-01,Emerging,EPU,0.10041062859542334,0.08340863408426756
2019-04-01,Emerging,ERUS,0.010378739231589522,0.008621362847071549
2019-04-01,Emerging,EWM,0.032662910004894984,0.027132274210758433
2019-04-01,Emerging,EWT,0.011686341288119555,0.009707555643457653
2019-04-01,Emerging,EWW,0.010378739231589522,0.008621362847071549
2019-04-01,Emerging,EWY,0.010768384449498214,0.008945031524958026
2019-04-01,Emerging,EWZ,0.012863970689857276,0.010685783359292243
2019-04-01,Emerging,EZA,0.010768384449498214,0.008945031524958026
2019-04-01,Emerging,GREK,0.010768384449498214,0.008945031524958026
2019-04-01,Emerging,KSA,0.0008962184235672612,0.0007444665529591953
2019-04-01,Emerging,MCHI,0.010768384449498214,0.008945031524958026
2019-04-01,Emerging,THD,0.010768384449498214,0.008945031524958026
2019-04-01,Emerging,TUR,0.01049048535443144,0.008714187596810063
2019-05-01,Developed,ENZL,0.007508802728695905,0.03950928825233578
2019-05-01,Developed,EWA,0.006292268075736674,0.03310821207423392
2019-05-01,Developed,EWC,0.0055657649776511406,0.029285549346821798
2019-05-01,Developed,EWD,0.0055743042780142275,0.02933048083479779
2019-05-01,Developed,EWG,0.008907227180764497,0.04686741933823373
2019-05-01,Developed,EWH,0.006929415852848265,0.03646071128013713
2019-05-01,Developed,EWI,0.009229439631041057,0.048562814068450456
2019-05-01,Developed,EWJ,0.008974042481216079,0.047218983370555356
2019-05-01,Developed,EWK,0.00904862878154514,0.047611436301581815
2019-05-01,Developed,EWL,0.007014538791722636,0.03690860515222153
2019-05-01,Developed,EWN,0.0055314251468050295,0.029104862448463095
2019-05-01,Developed,EWO,0.009035477485517723,0.04754223774031808
2019-05-01,Developed,EWP,0.009047486002444764,0.04760542330716488
2019-05-01,Developed,EWQ,0.008915706701145564,0.04691203628011939
2019-05-01,Developed,EWS,0.009043531079011593,0.04758461357016914
2019-05-01,Developed,EWU,0.009048124415244631,0.04760878246257824
2019-05-01,Developed,VOO,0.007369923660292355,0.03877854417181781
2019-05-01,Emerging,ARGT,0.0929803264991554,0.08678756621392363
2019-05-01,Emerging,ECH,0.010768384449498214,0.010051178712910855
2019-05-01,Emerging,EIDO,0.0008962184235672612,0.0008365276688740007
2019-05-01,Emerging,EPHE,0.0008962184235672612,0.0008365276688740007
2019-05-01,Emerging,EPOL,0.011686341288119555,0.010907996955145112
2019-05-01,Emerging,EPU,0.11589401216784387,0.10817513374622734
2019-05-01,Emerging,ERUS,0.010378739231589522,0.009687485000246849
2019-05-01,Emerging,EWM,0.010768384449498214,0.010051178712910855
2019-05-01,Emerging,EWT,0.010768384449498214,0.010051178712910855
2019-05-01,Emerging,EWW,0.010378739231589522,0.009687485000246849
2019-05-01,Emerging,EWY,0.010768384449498214,0.010051178712910855
2019-05-01,Emerging,EWZ,0.010768384449498214,0.010051178712910855
2019-05-01,Emerging,EZA,0.0008962184235672612,0.0008365276688740007
2019-05-01,Emerging,GREK,0.0008962184235672612,0.0008365276688740007
2019-05-01,Emerging,KSA,0.0005065732056585674,0.00047283395620999273
2019-05-01,Emerging,MCHI,0.010768384449498214,0.010051178712910855
2019-05-01,Emerging,THD,0.0008962184235672612,0.0008365276688740007
2019-05-01,Emerging,TUR,0.01049048535443144,0.00979178850616517
2019-06-03,Developed,ENZL,0.007371280127510297,0.03914036620165119
2019-06-03,Developed,EWA,0.006699334258141302,0.03557243675929632
2019-06-03,Developed,EWC,0.005521805928307556,0.02931994204396139
2019-06-03,Developed,EWD,0.00894454862124406,0.047494180452780206
2019-06-03,Developed,EWG,0.009118547312572648,0.04841808680003623
2019-06-03,Developed,EWH,0.005659348562948522,0.03005027232514223
2019-06-03,Developed,EWI,0.009085343288993264,0.04824177853067404
2019-06-03,Developed,EWJ,0.008967814330530566,0.04761771779848716
2019-06-03,Developed,EWK,0.008994443180815308,0.04775911290675118
2019-06-03,Developed,EWL,0.007338211285741581,0.03896477572695719
2019-06-03,Developed,EWN,0.005604573593612309,0.02975942564431914
2019-06-03,Developed,EWO,0.009104716009152362,0.04834464470157416
2019-06-03,Developed,EWP,0.005437620320161771,0.028872929384730427
2019-06-03,Developed,EWQ,0.008903768328648608,0.047277643357677895
2019-06-03,Developed,EWS,0.009178901320526331,0.048738557319699206
2019-06-03,Developed,EWU,0.009019621419486128,0.047892805489971636
2019-06-03,Developed,VOO,0.006880674300961488,0.03653532455629048
2019-06-03,Emerging,ARGT,0.07446842994669843,0.06746857332538016
2019-06-03,Emerging,ECH,0.032662910004894984,0.02959267357003345
2019-06-03,Emerging,EIDO,0.002943579579396375,0.002666890047685246
2019-06-03,Emerging,EPHE,0.0008962184235672612,0.0008119760074072189
2019-06-03,Emerging,EPOL,0.0139076719686577,0.012600383634707168
2019-06-03,Emerging,EPU,0.11841609574425982,0.1072852622828936
2019-06-03,Emerging,ERUS,0.01310566875845077,0.011873766833013265
2019-06-03,Emerging,EWM,0.0008962184235672612,0.0008119760074072189
2019-06-03,Emerging,EWT,0.014055377487846238,0.012734205183772567
2019-06-03,Emerging,EWW,0.010378739231589522,0.009403162244359126
2019-06-03,Emerging,EWY,0.012863970689857276,0.011654787812303754
2019-06-03,Emerging,EWZ,0.0008962184235672612,0.0008119760074072189
2019-06-03,Emerging,EZA,0.010768384449498214,0.009756181731599194
2019-06-03,Emerging,GREK,0.0008962184235672612,0.0008119760074072189
2019-06-03,Emerging,KSA,0.0008962184235672612,0.0008119760074072189
2019-06-03,Emerging,MCHI,0.011686341288119555,0.010587852794362133
2019-06-03,Emerging,THD,0.0008962184235672612,0.0008119760074072189
2019-06-03,Emerging,TUR,0.01049048535443144,0.009504404495447047
2019-07-01,Developed,ENZL,0.007470260332157006,0.04120771290432514
2019-07-01,Developed,EWA,0.005724596873992297,0.031578222710795044
2019-07-01,Developed,EWC,0.005541752654958564,0.030569610995922987
2019-07-01,Developed,EWD,0.005259277580036079,0.02901141204803271
2019-07-01,Developed,EWG,0.008996057640669812,0.04962436970659657
2019-07-01,Developed,EWH,0.006947088110901731,0.03832177188829358
2019-07-01,Developed,EWI,0.009036458853349772,0.04984723229760103
2019-07-01,Developed,EWJ,0.009044734486718786,0.04989288263759036
2019-07-01,Developed,EWK,0.009122331043232193,0.05032092349306152
2019-07-01,Developed,EWL,0.007649313489278707,0.04219541223007991
2019-07-01,Developed,EWN,0.005555407817951942,0.030644936086518648
2019-07-01,Developed,EWO,0.009108688771835752,0.05024566951554651
2019-07-01,Developed,EWP,0.00910501324206792,0.05022539442890834
2019-07-01,Developed,EWQ,0.005558524010466567,0.030662125737318968
2019-07-01,Developed,EWS,0.006668711276988861,0.03678617980166756
2019-07-01,Developed,EWU,0.009145253872921014,0.05044737121278897
2019-07-01,Developed,VOO,0.006964672643351967,0.038418772304952005
2019-07-01,Emerging,ARGT,-0.0010160363808296806,-0.0015798205870614294
2019-07-01,Emerging,ECH,0.032655972585494575,0.050776309544103
2019-07-01,Emerging,EIDO,0.002991804663926342,0.004651914724429092
2019-07-01,Emerging,EPHE,0.010768384449498214,0.01674360855938799
2019-07-01,Emerging,EPOL,0.010719532144537693,0.016667648801885003
2019-07-01,Emerging,EPU,0.034140002961458506,0.05308380736997598
2019-07-01,Emerging,ERUS,0.012869934477672616,0.020011278951798866
2019-07-01,Emerging,EWM,0.010768384449498214,0.01674360855938799
2019-07-01,Emerging,EWT,0.010768384449498214,0.01674360855938799
2019-07-01,Emerging,EWW,0.010378739231589522,0.016137754725296414
2019-07-01,Emerging,EWY,0.010768384449498214,0.01674360855938799
2019-07-01,Emerging,EWZ,0.010768384449498214,0.01674360855938799
2019-07-01,Emerging,EZA,0.010768384449498214,0.01674360855938799
2019-07-01,Emerging,GREK,0.0008962184235672612,0.0013935173412778046
2019-07-01,Emerging,KSA,0.0008962184235672612,0.0013935173412778046
2019-07-01,Emerging,MCHI,0.010378739231589522,0.016137754725296414
2019-07-01,Emerging,THD,0.0008962184235672612,0.0013935173412778046
2019-07-01,Emerging,TUR,0.01049048535443144,0.016311507189992414
2019-08-01,Developed,ENZL,0.007391984439690237,0.03735290530897652
2019-08-01,Developed,EWA,0.006751998080923878,0.03411894965700301
2019-08-01,Developed,EWC,0.005518679324396357,0.02788678844180872
2019-08-01,Developed,EWD,0.009106179510111162,0.04601501311899111
2019-08-01,Developed,EWG,0.00913138081887882,0.04614235945037761
2019-08-01,Developed,EWH,0.0056028338820285324,0.028312035173346104
2019-08-01,Developed,EWI,0.009107359877408398,0.04602097770782963
2019-08-01,Developed,EWJ,0.008914103961223786,0.045044423983110767
2019-08-01,Developed,EWK,0.008956265977288953,0.0452574755400461
2019-08-01,Developed,EWL,0.007377883190980736,0.03728164939494129
2019-08-01,Developed,EWN,0.005550135692167162,0.028045742608486655
2019-08-01,Developed,EWO,0.009077439859457059,0.04586978696784667
2019-08-01,Developed,EWP,0.015467948108709668,0.07816206943382127
2019-08-01,Developed,EWQ,0.008933209348861972,0.04514096662888646
2019-08-01,Developed,EWS,0.005645375196968161,0.02852700338947588
2019-08-01,Developed,EWU,0.009017868097309804,0.045568761119005936
2019-08-01,Developed,VOO,0.006976440143585769,0.03525309207604634
2019-08-01,Emerging,ARGT,-0.0014056815987383794,-0.0025076573964092222
2019-08-01,Emerging,ECH,0.022463636873101846,0.04007387249405755
2019-08-01,Emerging,EIDO,0.002943579579396375,0.005251181427442364
2019-08-01,Emerging,EPHE,0.0008962184235672612,0.0015988035702208375
2019-08-01,Emerging,EPOL,0.010396254392239613,0.018546336698901066
2019-08-01,Emerging,EPU,0.03190405276740682,0.05691504674274959
2019-08-01,Emerging,ERUS,0.010768384449498214,0.01921019591947296
2019-08-01,Emerging,EWM,0.010768384449498214,0.01921019591947296
2019-08-01,Emerging,EWT,0.010768384449498214,0.01921019591947296
2019-08-01,Emerging,EWW,0.010378739231589522,0.01851509063137559
2019-08-01,Emerging,EWY,0.010768384449498214,0.01921019591947296
2019-08-01,Emerging,EWZ,0.010768384449498214,0.01921019591947296
2019-08-01,Emerging,EZA,0.010768384449498214,0.01921019591947296
2019-08-01,Emerging,GREK,0.0008962184235672612,0.0015988035702208375
2019-08-01,Emerging,KSA,0.0005065732056585674,0.000903698282123463
2019-08-01,Emerging,MCHI,0.010378739231589522,0.01851509063137559
2019-08-01,Emerging,THD,0.0008962184235672612,0.0015988035702208375
2019-08-01,Emerging,TUR,0.01049048535443144,0.018714439468065273
2019-09-03,Developed,ENZL,0.007479885900852981,0.03929399117448191
2019-09-03,Developed,EWA,0.005584705698120135,0.029338064687455537
2019-09-03,Developed,EWC,0.005571832113949168,0.029270436048529344
2019-09-03,Developed,EWD,0.0089789005022787,0.04716874585651853
2019-09-03,Developed,EWG,0.0091019327684373,0.04781506972357929
2019-09-03,Developed,EWH,0.0056675000418580455,0.029773007179260593
2019-09-03,Developed,EWI,0.006706536610008919,0.035231365004508776
2019-09-03,Developed,EWJ,0.008955117074167874,0.04704380467069386
2019-09-03,Developed,EWK,0.009099118367017895,0.047800284863756363
2019-09-03,Developed,EWL,0.007445402208029344,0.03911283842169446
2019-09-03,Developed,EWN,0.005540089585645062,0.02910368342107348
2019-09-03,Developed,EWO,0.014041458594148685,0.07376381904601144
2019-09-03,Developed,EWP,0.009048238432029352,0.04753299793680337
2019-09-03,Developed,EWQ,0.008858725973191445,0.04653743450391974
2019-09-03,Developed,EWS,0.005497437775977818,0.028879621202096417
2019-09-03,Developed,EWU,0.008900995094460275,0.04675948635071343
2019-09-03,Developed,VOO,0.006772016541153178,0.03557534990890347
2019-09-03,Emerging,ARGT,0.01049048535443144,0.018679400992598967
2019-09-03,Emerging,ECH,0.011842595283529257,0.021086973445004487
2019-09-03,Emerging,EIDO,0.002943579579396375,0.005241349800268675
2019-09-03,Emerging,EPHE,0.0005065732056585674,0.0009020063153327312
2019-09-03,Emerging,EPOL,0.010992291045268913,0.01957291825160374
2019-09-03,Emerging,EPU,0.03352284465427967,0.05969091386657109
2019-09-03,Emerging,ERUS,0.012869934477672616,0.022916257802635367
2019-09-03,Emerging,EWM,0.0008962184235672612,0.001595810178953831
2019-09-03,Emerging,EWT,0.010768384449498214,0.01917422925429039
2019-09-03,Emerging,EWW,0.012863970689857276,0.022905638657736562
2019-09-03,Emerging,EWY,0.010768384449498214,0.01917422925429039
2019-09-03,Emerging,EWZ,0.010768384449498214,0.01917422925429039
2019-09-03,Emerging,EZA,0.010768384449498214,0.01917422925429039
2019-09-03,Emerging,GREK,0.0008962184235672612,0.001595810178953831
2019-09-03,Emerging,KSA,0.002943579579396375,0.005241349800268675
2019-09-03,Emerging,MCHI,0.010768384449498214,0.01917422925429039
2019-09-03,Emerging,THD,0.0008962184235672612,0.001595810178953831
2019-09-03,Emerging,TUR,0.012975716812699174,0.023104614259666197
2019-10-01,Developed,ENZL,0.007569443918806032,0.0398826423139909
2019-10-01,Developed,EWA,0.0068215502582073114,0.035942065479746384
2019-10-01,Developed,EWC,0.005615900986759828,0.029589620152844706
2019-10-01,Developed,EWD,0.009223068781157771,0.0485954261874329
2019-10-01,Developed,EWG,0.009130837511369729,0.04810946885918283
2019-10-01,Developed,EWH,0.012005218078923095,0.06325429234683734
2019-10-01,Developed,EWI,0.0065229917030738705,0.034368990338178106
2019-10-01,Developed,EWJ,0.00892882800307266,0.04704510098092686
2019-10-01,Developed,EWK,0.005644412876023205,0.029739846443360213
2019-10-01,Developed,EWL,0.007520655257583078,0.039625579741706135
2019-10-01,Developed,EWN,0.0069897320681012775,0.03682819860123712
2019-10-01,Developed,EWO,0.009026404677488655,0.047559222711091656
2019-10-01,Developed,EWP,0.008753340503374087,0.04612047491114831
2019-10-01,Developed,EWQ,0.009050298371354936,0.04768511619233686
2019-10-01,Developed,EWS,0.005393013353641043,0.028415247524783714
2019-10-01,Developed,EWU,0.008957847036748085,0.047197999364584776
2019-10-01,Developed,VOO,0.005701514246879942,0.03004070785061098
2019-10-01,Emerging,ARGT,0.010880130572340132,0.011779024703877478
2019-10-01,Emerging,ECH,0.010768384449498214,0.011658046344953762
2019-10-01,Emerging,EIDO,0.0008962184235672612,0.0009702621564217458
2019-10-01,Emerging,EPHE,0.010768384449498214,0.011658046344953762
2019-10-01,Emerging,EPOL,0.013947834705245932,0.01510017627696127
2019-10-01,Emerging,EPU,0.03190405276740682,0.03453990034425365
2019-10-01,Emerging,ERUS,0.01291009721426084,0.013976703037262441
2019-10-01,Emerging,EWM,0.009649543312098986,0.010446768841479338
2019-10-01,Emerging,EWT,0.0008962184235672612,0.0009702621564217458
2019-10-01,Emerging,EWW,0.01049048535443144,0.01135718779512179
2019-10-01,Emerging,EWY,0.11862216632888145,0.1284224870579685
2019-10-01,Emerging,EWZ,0.010768384449498214,0.011658046344953762
2019-10-01,Emerging,EZA,0.010768384449498214,0.011658046344953762
2019-10-01,Emerging,GREK,0.0008962184235672612,0.0009702621564217458
2019-10-01,Emerging,KSA,0.0008962184235672612,0.0009702621564217458
2019-10-01,Emerging,MCHI,0.010768384449498214,0.011658046344953762
2019-10-01,Emerging,THD,0.0008962184235672612,0.0009702621564217458
2019-10-01,Emerging,TUR,0.010378739231589522,0.011236209436198073
2019-11-01,Developed,ENZL,0.00690229283077186,0.03784254738876938
2019-11-01,Developed,EWA,0.006607543963744543,0.03622655568257282
2019-11-01,Developed,EWC,0.010029507799699931,0.05498783281174321
2019-11-01,Developed,EWD,0.008908416644450544,0.04884133248064803
2019-11-01,Developed,EWG,0.009103843406964063,0.049912780288321607
2019-11-01,Developed,EWH,0.006260333976826243,0.034322940361409975
2019-11-01,Developed,EWI,0.007043766789815969,0.03861819326915501
2019-11-01,Developed,EWJ,0.009155180280660731,0.050194240105122835
2019-11-01,Developed,EWK,0.00563832060441115,0.030912686537184125
2019-11-01,Developed,EWL,0.007058676411793506,0.038699936841916555
2019-11-01,Developed,EWN,0.007069048616379834,0.03875680354595354
2019-11-01,Developed,EWO,0.009074296035782924,0.04975078371391509
2019-11-01,Developed,EWP,0.009104739834364122,0.04991769504595346
2019-11-01,Developed,EWQ,0.005630873770288153,0.030871858484810073
2019-11-01,Developed,EWS,0.00539886705251289,0.029599857219841798
2019-11-01,Developed,EWU,0.009087535117804085,0.049823368375425815
2019-11-01,Developed,VOO,0.005603282756756101,0.030720587847256706
2019-11-01,Emerging,ARGT,0.012975716812699174,0.01712540122523063
2019-11-01,Emerging,ECH,0.011686341288119555,0.015423678422001161
2019-11-01,Emerging,EIDO,0.0008962184235672612,0.001182832541013229
2019-11-01,Emerging,EPHE,0.010768384449498214,0.014212155436739229
2019-11-01,Emerging,EPOL,0.01349103327042234,0.017805517878812103
2019-11-01,Emerging,EPU,0.034275738103952534,0.0452372516905299
2019-11-01,Emerging,ERUS,0.012863970689857276,0.016977918260192543
2019-11-01,Emerging,EWM,0.010768384449498214,0.014212155436739229
2019-11-01,Emerging,EWT,0.0008962184235672612,0.001182832541013229
2019-11-01,Emerging,EWW,0.003103550786768261,0.004096078329504683
2019-11-01,Emerging,EWY,0.07494210135572651,0.09890887516307816
2019-11-01,Emerging,EWZ,0.002943579579396375,0.0038849477114222247
2019-11-01,Emerging,EZA,0.010768384449498214,0.014212155436739229
2019-11-01,Emerging,GREK,0.0008962184235672612,0.001182832541013229
2019-11-01,Emerging,KSA,0.002991804663926342,0.00394859536446657
2019-11-01,Emerging,MCHI,0.010768384449498214,0.014212155436739229
2019-11-01,Emerging,THD,0.0008962184235672612,0.001182832541013229
2019-11-01,Emerging,TUR,0.011374253720732952,0.015011784043752164
2019-12-02,Developed,ENZL,0.007000672316434812,0.03644222259875339
2019-12-02,Developed,EWA,0.005448627964583443,0.028363006318264855
2019-12-02,Developed,EWC,0.005410615591090679,0.028165131697983282
2019-12-02,Developed,EWD,0.005666140224663824,0.029495273312278927
2019-12-02,Developed,EWG,0.009070396603700816,0.04721623826258114
2019-12-02,Developed,EWH,0.013122991802271895,0.06831215157682942
2019-12-02,Developed,EWI,0.0068604114011841825,0.03571208993942741
2019-12-02,Developed,EWJ,0.00904919408884301,0.04710586789653963
2019-12-02,Developed,EWK,0.005510275975645154,0.02868391700231547
2019-12-02,Developed,EWL,0.0069956991743854394,0.036416334749503114
2019-12-02,Developed,EWN,0.006745124739381216,0.035111961551439884
2019-12-02,Developed,EWO,0.009244939141452229,0.04812482499913726
2019-12-02,Developed,EWP,0.01267015056180097,0.06595487208405904
2019-12-02,Developed,EWQ,0.005585641062522833,0.02907623236118795
2019-12-02,Developed,EWS,0.010357635673078664,0.05391700221548804
2019-12-02,Developed,EWU,0.008971411903267154,0.0467009702534492
2019-12-02,Developed,VOO,0.00676240282588606,0.035201903180761954
2019-12-02,Emerging,ARGT,0.1266743691988799,0.13038132354115223
2019-12-02,Emerging,ECH,0.010768384449498214,0.011083506677828822
2019-12-02,Emerging,EIDO,0.0005065732056585674,0.0005213973864006606
2019-12-02,Emerging,EPHE,0.010768384449498214,0.011083506677828822
2019-12-02,Emerging,EPOL,0.0139076719686577,0.014314661206663477
2019-12-02,Emerging,EPU,0.03432186462835611,0.03532624764540683
2019-12-02,Emerging,ERUS,0.01310566875845077,0.013489188455606297
2019-12-02,Emerging,EWM,0.010768384449498214,0.011083506677828822
2019-12-02,Emerging,EWT,0.0008962184235672612,0.0009224450453999001
2019-12-02,Emerging,EWW,0.01049048535443144,0.010797475241044569
2019-12-02,Emerging,EWY,0.011842595283529257,0.012189152841207947
2019-12-02,Emerging,EWZ,0.012815745605327316,0.013190781092944692
2019-12-02,Emerging,EZA,0.010768384449498214,0.011083506677828822
2019-12-02,Emerging,GREK,0.0008962184235672612,0.0009224450453999001
2019-12-02,Emerging,KSA,0.0005065732056585674,0.0005213973864006606
2019-12-02,Emerging,MCHI,0.010768384449498214,0.011083506677828822
2019-12-02,Emerging,THD,0.0008962184235672612,0.0009224450453999001
2019-12-02,Emerging,TUR,0.010768384449498214,0.011083506677828822
