Date,mom_21
2012-02-27,0.10676754939050026
2012-02-28,0.12201257861635217
2012-02-29,0.12515910055154844
2012-03-01,0.12982605006364012
2012-03-02,0.08016359918200422
2012-03-05,0.07770961145194288
2012-03-06,0.014000000000000012
2012-03-07,0.035814889336015954
2012-03-08,0.03963535473642499
2012-03-09,0.028996865203761768
2012-03-12,0.02770191182208359
2012-03-13,0.05186064924782263
2012-03-14,0.01986754966887405
2012-03-15,0.024931827035449716
2012-03-16,0.033450019447685664
2012-03-19,0.04593639575971742
2012-03-20,0.02430555555555558
2012-03-21,0.01967592592592582
2012-03-22,0.007335907335907388
2012-03-23,0.006899195093905686
2012-03-26,0.007903650733910528
2012-03-27,0.0011393847322447304
2012-03-28,-0.01905829596412567
2012-03-29,-0.023001508295625972
2012-03-30,-0.010889973713856471
2012-04-02,0.020825444907232038
2012-04-03,0.016698292220113764
2012-04-04,0.03274161735700187
2012-04-05,0.009324009324009452
2012-04-09,-0.01791841402973693
2012-04-10,-0.030083777608530204
2012-04-11,-0.025436598329536708
2012-04-12,-0.008656379375235224
2012-04-13,-0.010695187165775444
2012-04-16,0.0007601672367920642
2012-04-17,-0.0011290929619872658
2012-04-18,-0.011636636636636721
2012-04-19,-0.003013182674199699
2012-04-20,0.010972379871358351
2012-04-23,-0.0019164430816405176
2012-04-24,0.004567948229920127
2012-04-25,-0.009708737864077777
2012-04-26,0.00948406676782998
2012-04-27,0.012952380952381048
2012-04-30,0.029718255499807
2012-05-01,0.016324981017463935
2012-05-02,-0.015578635014836806
2012-05-03,-0.0018663680477790656
2012-05-04,0.0034377387318562658
2012-05-07,0.004618937644341736
2012-05-08,0.013198757763975166
2012-05-09,0.0003926187671772219
2012-05-10,-0.010128554733151551
2012-05-11,-0.03530751708428248
2012-05-14,-0.018918918918918837
2012-05-15,-0.06722369920243065
2012-05-16,-0.08477769404672197
2012-05-17,-0.08849221420432962
2012-05-18,-0.0902908953532301
2012-05-21,-0.0744760479041916
2012-05-22,-0.05030721966205831
2012-05-23,-0.08147025388404705
2012-05-24,-0.08597285067873306
2012-05-25,-0.08906426155580616
2012-05-29,-0.08837908988341492
2012-05-30,-0.09145427286356822
2012-05-31,-0.09450877848337691
2012-06-01,-0.12923888470233613
2012-06-04,-0.14921465968586378
2012-06-05,-0.1370384468976017
2012-06-06,-0.10076628352490435
2012-06-07,-0.09118773946360159
2012-06-08,-0.08281004709576134
2012-06-11,-0.08028335301062572
2012-06-12,-0.06611570247933884
2012-06-13,-0.06611570247933884
2012-06-14,-0.04560260586319209
2012-06-15,-0.016879374228077393
2012-06-18,-0.009166666666666656
2012-06-19,0.0029069767441860517
2012-06-20,-0.009704811969268201
2012-06-21,-0.0359886777193692
2012-06-22,-0.005775577557755707
2012-06-25,-0.025990099009900902
2012-06-26,-0.035478547854785436
2012-06-27,-0.026815181518151765
2012-06-28,-0.022689768976897562
2012-06-29,0.01773927392739294
2012-07-02,0.07269580268282128
2012-07-03,0.10241758241758236
2012-07-05,0.09528010586678404
2012-07-06,0.03834682573498083
2012-07-09,0.024873524451939355
2012-07-10,0.0449293966623876
2012-07-11,0.0449293966623876
2012-07-12,0.021913190054782872
2012-07-13,0.029919932574799857
2012-07-16,0.05674061433447086
2012-07-17,0.04313232830820768
2012-07-18,0.042052144659377566
2012-07-19,0.026086956521739202
2012-07-20,0.015516537362188831
2012-07-23,0.04320469798657722
2012-07-24,0.003734439834024883
2012-07-25,0.0245658619229141
2012-07-26,0.07442258340461949
2012-07-27,0.09029249682068663
2012-07-30,0.06838328408611227
2012-07-31,0.022699635184434408
2012-08-01,0.01452198467123833
2012-08-02,-0.01754385964912275
2012-08-03,0.03503826016915035
2012-08-06,0.05990972507180947
2012-08-07,0.07157548334018937
2012-08-08,0.056101556101556094
2012-08-09,0.05978705978705978
2012-08-10,0.061855670103092786
2012-08-13,0.06096563011456624
2012-08-14,0.05692369802180064
2012-08-15,0.05218787635487754
2012-08-16,0.05770782889426962
2012-08-17,0.04923325262308298
2012-08-20,0.04825090470446325
2012-08-21,0.06031363088057895
2012-08-22,0.08391897478296806
2012-08-23,0.08557255064076075
2012-08-24,0.044187898089171895
2012-08-27,0.018273716951788588
2012-08-28,0.034768866060845616
2012-08-29,0.038049940546967864
2012-08-30,0.03936381709741554
2012-08-31,0.06939935064935066
2012-09-04,0.032295719844358084
2012-09-05,0.0309717382888115
2012-09-06,0.04222648752399216
2012-09-07,0.06669251647925556
2012-09-10,0.05757341576506958
2012-09-11,0.06834951456310678
2012-09-12,0.061704589278827715
2012-09-13,0.06493506493506485
2012-09-14,0.06867607783288832
2012-09-17,0.06867607783288832
2012-09-18,0.06653846153846166
2012-09-19,0.07786728039892599
2012-09-20,0.06484641638225241
2012-09-21,0.07513348588863478
2012-09-24,0.07197258187357192
2012-09-25,0.06557377049180313
2012-09-26,0.05803741886216107
2012-09-27,0.061855670103092786
2012-09-28,0.0458190148911799
2012-10-01,0.0619739862280031
2012-10-02,0.06527514231499043
2012-10-03,0.05804749340369386
2012-10-04,0.05933158092377022
2012-10-05,0.0493554327808472
2012-10-08,0.028716830243547875
2012-10-09,0.012787723785166127
2012-10-10,0.00290803344238455
2012-10-11,0.002179440610243333
2012-10-12,-0.015423242467718756
2012-10-15,-0.0092823991431632
2012-10-16,0.01285255265976426
2012-10-17,0.026685899747565855
2012-10-18,0.012811387900355742
2012-10-19,0.005341880341880323
2012-10-22,0.0021284143313231585
2012-10-23,0.00355239786856143
2012-10-24,-0.003935599284436431
2012-10-25,-0.0018044027426922238
2012-10-26,0.0
2012-10-31,0.0
2012-11-01,-0.008645533141210415
2012-11-02,-0.008193801211257568
2012-11-05,-0.02956893480584255
2012-11-06,-0.04466501240694798
2012-11-07,-0.05405405405405406
2012-11-08,-0.05265017667844529
2012-11-09,-0.024531024531024515
2012-11-12,-0.021384559623051858
2012-11-13,-0.028633562885103214
2012-11-14,-0.022950819672131084
2012-11-15,-0.051171171171171204
2012-11-16,-0.07613676418752202
2012-11-19,-0.07938180540920259
2012-11-20,-0.0790583274771609
2012-11-21,-0.051363797378675136
2012-11-23,-0.03044247787610621
2012-11-26,-0.03044247787610621
2012-11-27,-0.016163793103448287
2012-11-28,-0.012653651482284922
2012-11-29,-0.013664149586479657
2012-11-30,0.014968966776195636
2012-12-03,0.014534883720930258
2012-12-04,0.008620689655172376
2012-12-05,0.037444933920705026
2012-12-06,0.048608534322820196
2012-12-07,0.048608534322820196
2012-12-10,0.05259231629988803
2012-12-11,0.0525147928994083
2012-12-12,0.06037037037037041
2012-12-13,0.06828358208955221
2012-12-14,0.06748695003728566
2012-12-17,0.07595898214963914
2012-12-18,0.08317436093094233
2012-12-19,0.09042350247996933
2012-12-20,0.09309423884013723
2012-12-21,0.07244212098581015
2012-12-24,0.04855786783497629
2012-12-26,0.04892296458561529
2012-12-27,0.04965315808689308
2012-12-28,0.04833394361039911
2012-12-31,0.055049216186656924
2013-01-02,0.050000000000000044
2013-01-03,0.04548710601719197
2013-01-04,0.03739316239316248
2013-01-07,0.0452937013446566
2013-01-08,0.04281670205237065
2013-01-09,0.04883227176220806
2013-01-10,0.06626506024096379
2013-01-11,0.07062543921293041
2013-01-14,0.05833042263360122
2013-01-15,0.06112469437652801
2013-01-16,0.06322039818372338
2013-01-17,0.08895164136957301
2013-01-18,0.0848890454385347
2013-01-22,0.08607417774667603
2013-01-23,0.08726003490401402
2013-01-24,0.08565459610027859
2013-01-25,0.10967966573816157
2013-01-28,0.09919944309084583
2013-01-29,0.10156521739130442
2013-01-30,0.10967516590988469
2013-01-31,0.08845888044229433
2013-02-01,0.09969167523124356
2013-02-04,0.08564576909900645
2013-02-05,0.10127016821146584
2013-02-06,0.08226134055517931
2013-02-07,0.07736681370885656
2013-02-08,0.07321187584345479
2013-02-11,0.015619807244931838
2013-02-12,0.018378733180177242
2013-02-13,0.03201320132013197
2013-02-14,0.027978933508887582
2013-02-15,0.022667542706964472
2013-02-19,0.01653160453808744
2013-02-20,0.01915584415584415
2013-02-21,-0.005798969072164928
2013-02-22,0.005457463884430247
2013-02-25,-0.006735086593970485
2013-02-26,-0.028553498588013815
2013-02-27,-0.004749841671944255
2013-02-28,-0.007578149668456047
2013-03-01,-0.01510859301227574
2013-03-04,0.0034920634920634352
2013-03-05,-0.0059190031152648315
2013-03-06,-0.00315556958030927
2013-03-07,-0.005299251870324095
2013-03-08,-0.001876759461995614
2013-03-11,0.010393700787401539
2013-03-12,0.007859163784973422
2013-03-13,0.04875654450261768
2013-03-14,0.032549145987753825
2013-03-15,0.03485769107771031
2013-03-18,0.011847582452769734
2013-03-19,0.01574044330228075
2013-03-20,0.016900510204081565
2013-03-21,-0.0009557183816502057
2013-03-22,0.02430330524951385
2013-03-25,-0.0012771392081736277
2013-03-26,0.012915724895059766
2013-03-27,0.0035529715762274705
2013-03-28,-0.004772510340439018
2013-04-01,-0.012726694241170788
2013-04-02,0.0025567273889421926
2013-04-03,0.0012654223347041693
2013-04-04,-0.017235976183014756
2013-04-05,-0.013611902500791362
2013-04-08,-0.02130993418990912
2013-04-09,-0.004387339392040168
2013-04-10,-0.005610972568578565
2013-04-11,0.004054897067997443
2013-04-12,-0.00031201248049916863
2013-04-15,-0.01622971285892638
2013-04-16,-0.012669962917181699
2013-04-17,-0.011708860759493733
2013-04-18,-0.018975332068311257
2013-04-19,-0.017873941674506177
2013-04-22,-0.00031887755102033566
2013-04-23,-0.000949066751028238
2013-04-24,0.014386189258311921
2013-04-25,0.011157156518967204
2013-04-26,0.02124235597038937
2013-04-29,0.028132992327365658
2013-04-30,0.04511762810183684
2013-05-01,0.03251514185527582
2013-05-02,0.020221169036334974
2013-05-03,0.03475765306122458
2013-05-06,0.037869062901155326
2013-05-07,0.04194684598142806
2013-05-08,0.03903053194837902
2013-05-09,0.02288401253918515
2013-05-10,0.01429015222118668
2013-05-13,0.028401997503121112
2013-05-14,0.05488578680203049
2013-05-15,0.03599374021909241
2013-05-16,0.05091258405379451
2013-05-17,0.06092843326885866
2013-05-20,0.0523627075351214
2013-05-21,0.056140350877192935
2013-05-22,0.029765674477517656
2013-05-23,0.03246139300346673
2013-05-24,0.036254728877679554
2013-05-28,0.040970690198550264
2013-05-29,0.023631840796020098
2013-05-30,0.022818378045020182
2013-05-31,0.0033961099104662384
2013-06-03,0.015794363580055704
2013-06-04,0.01171032357473023
2013-06-05,0.008658008658008365
2013-06-06,0.011063306699446773
2013-06-07,-0.009088155104513662
2013-06-10,0.009193993257738287
2013-06-11,-0.0009188361408882795
2013-06-12,-0.004248861911987922
2013-06-13,-0.018646616541353356
2013-06-14,-0.008459214501510659
2013-06-17,-0.006093845216331606
2013-06-18,0.001823154056517895
2013-06-19,-0.014259708737864085
2013-06-20,-0.04892781636967691
2013-06-21,-0.03843788437884388
2013-06-24,-0.0644078144078144
2013-06-25,-0.054152722847581325
2013-06-26,-0.055101422948834355
2013-06-27,-0.046476306196840844
2013-06-28,-0.0642146517937896
2013-07-01,-0.03630769230769226
2013-07-02,-0.046036585365853644
2013-07-03,-0.048126713371915875
2013-07-05,-0.03862660944205998
2013-07-08,-0.025531914893616947
2013-07-09,-0.033934576582084985
2013-07-10,-0.022168235651381596
2013-07-11,0.013795217657878611
2013-07-12,0.0027430661383722743
2013-07-15,0.009193993257738287
2013-07-16,-0.000914076782449813
2013-07-17,0.01256897608828944
2013-07-18,0.0015165301789505925
2013-07-19,0.025854108956602007
2013-07-22,0.05747856462368994
2013-07-23,0.07707067476814844
2013-07-24,0.09983686786296908
2013-07-25,0.08652299774847227
2013-07-26,0.08010253123998723
2013-07-29,0.0790060528830836
2013-07-30,0.09117268041237114
2013-07-31,0.0814176245210727
2013-08-01,0.10610418664109944
2013-08-02,0.10880000000000001
2013-08-05,0.10809948979591844
2013-08-06,0.08078602620087327
2013-08-07,0.09588607594936716
2013-08-08,0.08726708074534151
2013-08-09,0.05110371938312652
2013-08-12,0.055623100303951345
2013-08-13,0.07105982386881271
2013-08-14,0.07288807563281496
2013-08-15,0.07175295186194353
2013-08-16,0.07419745608721984
2013-08-19,0.0612061206120611
2013-08-20,0.06606606606606613
2013-08-21,0.051068883610451365
2013-08-22,0.07356867398398093
2013-08-23,0.053285968028419006
2013-08-26,0.05369326609314751
2013-08-27,0.022733982875701386
2013-08-28,0.01741954532034251
2013-08-29,0.01889577797460884
2013-08-30,-0.014446691707598935
2013-09-03,-0.012698412698412653
2013-09-04,-0.010359712230215812
2013-09-05,-0.008658008658008587
2013-09-06,-0.0005775339301185012
2013-09-09,0.00285632676378178
2013-09-10,0.025604142692750242
2013-09-11,0.02879355024474517
2013-09-12,0.010490501842925992
2013-09-13,0.015918135304150205
2013-09-16,0.021468926553672274
2013-09-17,0.014096419509444624
2013-09-18,0.029403449250777536
2013-09-19,0.04394366197183097
2013-09-20,0.039265536723163796
2013-09-23,0.011052777010224002
2013-09-24,0.02557616638561
2013-09-25,0.025900900900900803
2013-09-26,0.05542725173210172
2013-09-27,0.06297156123041203
2013-09-30,0.06085192697768771
2013-10-01,0.08003518029903267
2013-10-02,0.07687810581701271
2013-10-03,0.07269555103227687
2013-10-04,0.07219796215429386
2013-10-07,0.06212077434267549
2013-10-08,0.03958986043862156
2013-10-09,0.014866760168303017
2013-10-10,0.030226700251889227
2013-10-11,0.03872053872053871
2013-10-14,0.04196978175713495
2013-10-15,0.019911504424778848
2013-10-16,0.04420350291909925
2013-10-17,0.04147212304312009
2013-10-18,0.029141932002158644
2013-10-21,0.041043761891818464
2013-10-22,0.06750478272752125
2013-10-23,0.06686763496848447
2013-10-24,0.07601536772777173
2013-10-25,0.06892778993435433
2013-10-28,0.05814905814905802
2013-10-29,0.06118546845124295
2013-10-30,0.05374592833876202
2013-10-31,0.024701411509229
2013-11-01,0.023583626999186702
2013-11-04,0.02525115395058375
2013-11-05,0.013873775843308067
2013-11-06,0.04356164383561656
2013-11-07,0.03482587064676612
2013-11-08,0.018201575658788327
2013-11-11,0.02133981631550519
2013-11-12,0.004833512352309333
2013-11-13,0.02331887201735361
2013-11-14,0.009052183173588801
2013-11-15,0.0029008438818565185
2013-11-18,-0.0005243838489775721
2013-11-19,-0.004699738903394257
2013-11-20,-0.0378904249871993
2013-11-21,-0.0269714872848702
2013-11-22,-0.02958428972200977
2013-11-25,-0.026356192425793235
2013-11-26,-0.013157894736842035
2013-11-27,-0.01776061776061788
2013-11-29,0.007727975270479082
2013-12-02,0.03231788079470199
2013-12-03,0.025158898305084776
2013-12-04,0.010593220338982912
2013-12-05,0.03300241481083965
2013-12-06,0.018902599107377238
2013-12-09,0.03872863247863245
2013-12-10,0.03708644610458922
2013-12-11,0.026976990214228946
2013-12-12,0.02324959914484226
2013-12-13,0.015898251192368873
2013-12-16,0.01662269129287597
2013-12-17,0.007362608466999765
2013-12-18,0.018363064008394714
2013-12-19,0.024658971668415575
2013-12-20,0.04922831293241092
2013-12-23,0.049630411826821375
2013-12-24,0.0446780551905388
2013-12-26,0.05676741130092
2013-12-27,0.05490196078431375
2013-12-30,0.06656184486373173
2013-12-31,0.04141104294478537
2014-01-02,0.037464716448550206
2014-01-03,0.05063291139240511
2014-01-06,0.07756813417190789
2014-01-07,0.07428571428571429
2014-01-08,0.06596238082968298
2014-01-09,0.0694265878117768
2014-01-10,0.08901466426550031
2014-01-13,0.07674478496008241
2014-01-14,0.09950378688952743
2014-01-15,0.09911319770474702
2014-01-16,0.09758629639242145
2014-01-17,0.08718350300182709
2014-01-21,0.09247810407006685
2014-01-22,0.08371735791090629
2014-01-23,0.07405528785188942
2014-01-24,0.041750503018108676
2014-01-27,0.021635220125786114
2014-01-28,0.018154687888584764
2014-01-29,0.0014869888475834703
2014-01-30,0.010319410319410194
2014-01-31,0.015218458517427536
2014-02-03,0.010883007667573441
2014-02-04,-0.001229407425620943
2014-02-05,0.008025291828793968
2014-02-06,0.01934235976789167
2014-02-07,0.03142373700749346
2014-02-10,0.03438326520798274
2014-02-11,0.023387668320340227
2014-02-12,0.03300645778521871
2014-02-13,0.03610451306413287
2014-02-14,0.04224015187470331
2014-02-18,0.0401986285173801
2014-02-19,0.06002400960384158
2014-02-20,0.04220702664465947
2014-02-21,0.05764233404205066
2014-02-24,0.06540731995277449
2014-02-25,0.11612747464992745
2014-02-26,0.12484609702043836
2014-02-27,0.1101612115290671
2014-02-28,0.14229151200197965
2014-03-03,0.07830739299610912
2014-03-04,0.10952611218568675
2014-03-05,0.12233912405187186
2014-03-06,0.14204825209256522
2014-03-07,0.11073582629674306
2014-03-10,0.08681214421252381
2014-03-11,0.06515116006561983
2014-03-12,0.04881450488145034
2014-03-13,0.0233148661126501
2014-03-14,0.015512850196804928
2014-03-17,0.02544704264099029
2014-03-18,0.02777777777777768
2014-03-19,0.008638326892475456
2014-03-20,-0.0009060022650055899
2014-03-21,-0.004072398190045234
2014-03-24,-0.015635470180924815
2014-03-25,-0.022606382978723305
2014-03-26,-0.04088254380272538
2014-03-27,-0.024080560420315256
2014-03-28,-0.014081408140814045
2014-03-31,-0.02751299826689768
2014-04-01,0.03879115922417675
2014-04-02,0.0010895619960775704
2014-04-03,0.0008720296490081214
2014-04-04,-0.011209312351800005
2014-04-07,-0.014118158123370916
2014-04-08,-0.015058926233085912
2014-04-09,0.009020902090209004
2014-04-10,-0.008200354609929073
2014-04-11,-0.0004511617414841851
2014-04-14,0.0020519835841315004
2014-04-15,-0.01810865191146871
2014-04-16,-0.01329198050509528
2014-04-17,0.01690331304935766
2014-04-21,0.022217184311947413
2014-04-22,0.044298046342571507
2014-04-23,0.04288631722260039
2014-04-24,0.041269841269841345
2014-04-25,0.027740189445196073
2014-04-28,0.014804845222072816
2014-04-29,0.025440749832626564
2014-04-30,0.02650924482067274
2014-05-01,0.008901432913590801
2014-05-02,0.012189812799303423
2014-05-05,0.01677194510999791
2014-05-06,0.018094615216917465
2014-05-07,0.026437541308658385
2014-05-08,0.023709284289829435
2014-05-09,0.014173571740078383
2014-05-12,0.0527374301675978
2014-05-13,0.05709772060482954
2014-05-14,0.06325369738339015
2014-05-15,0.06170309653916206
2014-05-16,0.04782218230803781
2014-05-19,0.0332446808510638
2014-05-20,0.03548458638278995
2014-05-21,0.02523384816184482
2014-05-22,0.02959094865100087
2014-05-23,0.023083623693379796
2014-05-27,0.0443274083827081
2014-05-28,0.041335101679929265
2014-05-29,0.0359085963003265
2014-05-30,0.03450520833333348
2014-06-02,0.020658489347966436
2014-06-03,0.017634408602150486
2014-06-04,0.02099400171379595
2014-06-05,0.03468950749464672
2014-06-06,0.03477141017385699
2014-06-09,0.04502164502164496
2014-06-10,0.03891636207267268
2014-06-11,0.014646571853109691
2014-06-12,0.028394534585824083
2014-06-13,0.025465439760325337
2014-06-16,0.02873686467939085
2014-06-17,0.02635526033854707
2014-06-18,0.04397254397254402
2014-06-19,0.04283572499464561
2014-06-20,0.03055378739656267
2014-06-23,0.020498732037193657
2014-06-24,0.022349936143039706
2014-06-25,0.008194998949359045
2014-06-26,0.023137338144767705
2014-06-27,0.014915966386554569
2014-06-30,0.017201594294105282
2014-07-01,0.027408812987560482
2014-07-02,0.03592561284868978
2014-07-03,0.028115820394460922
2014-07-07,0.0018625827814569007
2014-07-08,-0.010578718108276264
2014-07-09,-0.013256006628003303
2014-07-10,-0.029180463576159
2014-07-11,-0.00690376569037654
2014-07-14,-0.009341914054390776
2014-07-15,-0.006260434056761355
2014-07-16,-0.0008338544923910396
2014-07-17,-0.013778705636743105
2014-07-18,-0.025683172385453035
2014-07-21,-0.03306633805709591
2014-07-22,-0.023265390158534127
2014-07-23,-0.02153655001035404
2014-07-24,-0.011451176348115877
2014-07-25,-0.01479783243017907
2014-07-28,-0.01804979253112038
2014-07-29,-0.02256261643552071
2014-07-30,-0.02454114250360906
2014-07-31,-0.03878514262261423
2014-08-01,-0.05936352509179932
2014-08-04,-0.053469387755102016
2014-08-05,-0.04482544928733723
2014-08-06,-0.04004192872117407
2014-08-07,-0.054575986565911005
2014-08-08,-0.03965039437220208
2014-08-11,-0.038340004213187284
2014-08-12,-0.038767812238055366
2014-08-13,-0.029819403611927697
2014-08-14,-0.03838931775505938
2014-08-15,-0.029635901778154117
2014-08-18,-0.023618726275833057
2014-08-19,-0.012319456244689886
2014-08-20,-0.02318718381112972
2014-08-21,-0.013544973544973526
2014-08-22,-0.02232518955349616
2014-08-25,-0.014808546646921994
2014-08-26,-0.017325163743925676
2014-08-27,-0.015036001694197387
2014-08-28,-0.019027484143763207
2014-08-29,-0.014944491887275868
2014-09-02,-0.008458035133376729
2014-09-03,-0.0077619663648124115
2014-09-04,-0.01708477508650519
2014-09-05,-0.004586154182135815
2014-09-08,0.014653641207815316
2014-09-09,0.01043285238623759
2014-09-10,-0.0004381161007666057
2014-09-11,0.0021800741225201925
2014-09-12,-0.0010822510822511289
2014-09-15,-0.0023866348448688957
2014-09-16,0.0006544502617800152
2014-09-17,-0.006911447084233302
2014-09-18,-0.0034408602150537426
2014-09-19,-0.003236944324557789
2014-09-22,-0.005578202102553109
2014-09-23,-0.011848341232227555
2014-09-24,-0.01911101567532747
2014-09-25,-0.028380993334766735
2014-09-26,-0.023865835304235583
2014-09-29,-0.026077586206896597
2014-09-30,-0.031859557867360166
2014-10-01,-0.02602799650043741
2014-10-02,-0.040634506736201725
2014-10-03,-0.02662266226622667
2014-10-06,-0.03115401491882408
2014-10-07,-0.059737417943107274
2014-10-08,-0.048330404217926226
2014-10-09,-0.07275914968222663
2014-10-10,-0.09897759408309759
2014-10-13,-0.10422535211267592
2014-10-14,-0.09591126576772502
2014-10-15,-0.10289949858295178
2014-10-16,-0.11700739451935616
2014-10-17,-0.09775571860164012
2014-10-20,-0.08270188352457242
2014-10-21,-0.07098166127292338
2014-10-22,-0.05624591236102028
2014-10-23,-0.04006129597197894
2014-10-24,-0.026997123257357813
2014-10-27,-0.02753303964757714
2014-10-28,-0.024120380615180292
2014-10-29,-0.018804566823371505
2014-10-30,-0.0011228385358186266
2014-10-31,0.01834654586636475
2014-11-03,-0.00022603978300195227
2014-11-04,0.0009057971014494459
2014-11-05,0.023039329764952265
2014-11-06,0.010387811634348987
2014-11-07,0.03616166390924125
2014-11-10,0.0557701593433122
2014-11-11,0.06119980648282519
2014-11-12,0.05220110656723609
2014-11-13,0.05735115431348725
2014-11-14,0.07192118226600996
2014-11-17,0.03635493900980613
2014-11-18,0.045551097474628266
2014-11-19,0.030190431955410935
2014-11-20,0.022176022176022103
2014-11-21,0.007069555302166464
2014-11-24,0.013873095292244786
2014-11-25,0.019026047565118942
2014-11-26,0.0226757369614512
2014-11-28,0.02053388090349073
2014-12-01,0.0008992805755396738
2014-12-02,-0.0037811387900356097
2014-12-03,0.0067827266561157895
2014-12-04,0.011538461538461497
2014-12-05,0.022747952684258443
2014-12-08,0.01713502398903355
2014-12-09,0.018932481751824826
2014-12-10,0.016235993597073062
2014-12-11,0.0029633006610441104
2014-12-12,-0.009144947416552363
2014-12-15,-0.016318087795909042
2014-12-16,-0.019301470588235392
2014-12-17,-0.005308100623124812
2014-12-18,-0.00880361173814903
2014-12-19,-0.01510369702434633
2014-12-22,-0.002259887005649719
2014-12-23,-0.010190217391304213
2014-12-24,-0.015702108568864892
2014-12-26,-0.023783062902867358
2014-12-29,-0.031263858093126484
2014-12-30,-0.030628213726805242
2014-12-31,-0.037061994609164595
2015-01-02,-0.030587184639428333
2015-01-05,-0.04042218728946789
2015-01-06,-0.05412659360322081
2015-01-07,-0.06072064056939508
2015-01-08,-0.050089847259658704
2015-01-09,-0.04656368927691956
2015-01-12,-0.0384788478847885
2015-01-13,-0.027954545454545343
2015-01-14,-0.014997692662667372
2015-01-15,-0.005607476635513864
2015-01-16,-0.008434864104967188
2015-01-20,0.0009280742459396585
2015-01-21,-0.00888180368936442
2015-01-22,-0.01739528496223386
2015-01-23,-0.03578708946772369
2015-01-26,-0.0048043925875086435
2015-01-27,-0.007748404740200665
2015-01-28,-0.01775956284153013
2015-01-29,0.002288853284504455
2015-01-30,-0.004381918819188146
2015-02-02,0.013762537905295247
2015-02-03,0.015891294334408057
2015-02-04,0.015211794991809136
2015-02-05,0.041617403641522666
2015-02-06,0.014207909069382074
2015-02-09,0.016552376448333073
2015-02-10,0.01784456445174909
2015-02-11,0.003042358998361916
2015-02-12,0.021510404489127666
2015-02-13,0.025298664792691605
2015-02-17,0.05145676691729317
2015-02-18,0.06923440453686203
2015-02-19,0.04798331015299029
2015-02-20,0.06089154411764697
2015-02-23,0.07360819939436292
2015-02-24,0.08245243128964064
2015-02-25,0.06528735632183924
2015-02-26,0.0592558566835093
2015-02-27,0.07927677329624472
2015-03-02,0.0596026490066226
2015-03-03,0.06624971044706962
2015-03-04,0.053842613897836955
2015-03-05,0.046928134209929695
2015-03-06,0.046565237436606566
2015-03-09,0.03745743473325769
2015-03-10,0.050198459024048514
2015-03-11,0.03907885554780188
2015-03-12,0.04036908881199541
2015-03-13,0.04946336910872606
2015-03-16,0.04692149233234155
2015-03-17,0.034955448937628475
2015-03-18,0.03262569832402229
2015-03-19,0.013701657458563554
2015-03-20,0.03738111037381109
2015-03-23,0.03227203811999124
2015-03-24,0.037752223909741645
2015-03-25,0.03342013888888884
2015-03-26,0.028485110056106988
2015-03-27,0.04596704249783179
2015-03-30,0.04274054982817854
2015-03-31,0.032327586206896575
2015-04-01,0.055615902672170314
2015-04-02,0.07248908296943224
2015-04-06,0.07600692940666942
2015-04-07,0.08590308370044042
2015-04-08,0.0846827133479211
2015-04-09,0.09871053801689644
2015-04-10,0.11484217595701796
2015-04-13,0.09490022172949009
2015-04-14,0.10360160071142732
2015-04-15,0.08723218189768245
2015-04-16,0.09757174392935997
2015-04-17,0.05951092837048266
2015-04-20,0.07564857205144992
2015-04-21,0.0714285714285714
2015-04-22,0.045740663029794515
2015-04-23,0.045787162868492715
2015-04-24,0.056698866022679706
2015-04-27,0.06672261854804873
2015-04-28,0.047470978441127576
2015-04-29,0.026982492276004244
2015-04-30,0.050521920668058495
2015-05-01,0.04507100226384031
2015-05-04,0.03053745928338758
2015-05-05,0.012276111893741115
2015-05-06,0.020081135902636937
2015-05-07,0.017349203147064785
2015-05-08,0.0244840145690004
2015-05-11,0.02068273092369477
2015-05-12,0.0283515593357635
2015-05-13,0.030620467365028103
2015-05-14,0.038005228232455224
2015-05-15,0.04525341914722447
2015-05-18,0.05596405228758172
2015-05-19,0.0427644912849614
2015-05-20,0.022089552238806043
2015-05-21,0.0319020866773676
2015-05-22,0.021991203518592517
2015-05-26,0.002782193958664525
2015-05-27,0.0013768686073956093
2015-05-28,0.014248961013259454
2015-05-29,0.016847172081829287
2015-06-01,0.005365659777424536
2015-06-02,0.0074832611264277205
2015-06-03,0.025681548794942888
2015-06-04,0.0230616302186879
2015-06-05,0.01093656790614439
2015-06-08,0.007733491969066142
2015-06-09,-0.004345249851866573
2015-06-10,0.02242770017706075
2015-06-11,0.019889720362347374
2015-06-12,0.008209538702111052
2015-06-15,-0.022471910112359494
2015-06-16,-0.029440061573985044
2015-06-17,-0.03597678916827851
2015-06-18,-0.01827016520894076
2015-06-19,-0.02258566978193144
2015-06-22,0.0048609760839977145
2015-06-23,-0.0015649452269169695
2015-06-24,0.002774474831549689
2015-06-25,0.0
2015-06-26,-0.007219512195121847
2015-06-29,-0.019329388560157867
2015-06-30,-0.015418066811622833
2015-07-01,-0.017005473025801354
2015-07-02,-0.0327426810477659
2015-07-06,-0.04430625728721338
2015-07-07,-0.030094413847364332
2015-07-08,-0.04250295159386075
2015-07-09,-0.017060107121602885
2015-07-10,-0.0040407927650567554
2015-07-13,-0.000193087468623232
2015-07-14,0.005622334238076787
2015-07-15,0.0313119302417757
2015-07-16,0.03984932593180024
2015-07-17,0.047150882825039986
2015-07-20,0.042763809146703746
2015-07-21,0.04581673306772904
2015-07-22,0.017801857585139302
2015-07-23,0.03271943573667713
2015-07-24,0.03458498023715406
2015-07-27,0.01905323119230018
2015-07-28,0.02594339622641506
2015-07-29,0.050281576830249364
2015-07-30,0.035133507327845814
2015-07-31,0.038973951083714375
2015-08-03,0.046794105933890995
2015-08-04,0.06832045546970322
2015-08-05,0.07037112147637403
2015-08-06,0.06596794081381008
2015-08-07,0.037134207870837654
2015-08-10,-0.0019319938176197704
2015-08-11,-0.004441869447663227
2015-08-12,-0.005398110661268496
2015-08-13,-0.008070714834742532
2015-08-14,-0.008007626310772231
2015-08-17,-0.0022992910519256116
2015-08-18,-0.010632238465919874
2015-08-19,-0.00914285714285712
2015-08-20,-0.04486692015209126
2015-08-21,-0.05957123885410742
2015-08-24,-0.08175740210124172
2015-08-25,-0.05223592906707786
2015-08-26,-0.048467432950191625
2015-08-27,-0.04021447721179627
2015-08-28,-0.03335919317300229
2015-08-31,-0.043444976076555064
2015-09-01,-0.06182233212859045
2015-09-02,-0.05062809288161396
2015-09-03,-0.054187192118226535
2015-09-04,-0.04935415461731241
2015-09-08,-0.019069857949017388
2015-09-09,-0.02864885791715055
2015-09-10,-0.0180407371483996
2015-09-11,-0.014925373134328401
2015-09-14,-0.026733824099186232
2015-09-15,-0.03190467038247169
2015-09-16,-0.024390243902439046
2015-09-17,-0.01803876415275374
2015-09-18,-0.03152633602460597
2015-09-21,0.005772292993630579
2015-09-22,0.0032277587250353346
2015-09-23,0.03078843353442884
2015-09-24,0.007118161480577534
2015-09-25,-0.005033219247030374
2015-09-28,-0.022346368715083775
2015-09-29,-0.023475120385232806
2015-09-30,-0.017406962785114
2015-10-01,0.0026358475263585923
2015-10-02,-0.004811547714514863
2015-10-05,0.007411858974359031
2015-10-06,0.026769417967957843
2015-10-07,0.004959333465582194
2015-10-08,0.012554802710243118
2015-10-09,0.000790201501382759
2015-10-12,-0.0005903187721369996
2015-10-13,-0.005374203821656098
2015-10-14,-0.01449275362318836
2015-10-15,-0.01712598425196843
2015-10-16,-0.014461598592925617
2015-10-19,0.004962286621675194
2015-10-20,-0.00019790223629523318
2015-10-21,0.008043434546551431
2015-10-22,0.0008072653884965142
2015-10-23,0.010096930533117998
2015-10-26,0.018008903278025068
2015-10-27,0.018775510204081636
2015-10-28,0.0265050339017876
2015-10-29,-0.0014253716147424322
2015-10-30,-0.008088978766430888
2015-11-02,-0.0016116035455278066
2015-11-03,-0.013322728176575871
2015-11-04,-0.026466521825004974
2015-11-05,-0.01342281879194629
2015-11-06,-0.014957685494981443
2015-11-09,-0.020529016975917913
2015-11-10,-0.026776924591454976
2015-11-11,0.0006003602161297472
2015-11-12,0.0014101531023369418
2015-11-13,-0.014820749048668147
2015-11-16,-0.013484037279397176
2015-11-17,-0.01580090855224181
2015-11-18,-0.004948535233570861
2015-11-19,0.010373030121683557
2015-11-20,0.014317402702157533
2015-11-23,-0.0017992802878848968
2015-11-24,-0.005565493937586985
2015-11-25,0.004807692307692291
2015-11-27,0.013010408326661338
2015-11-30,0.040783034257748874
2015-12-01,0.05239551478083593
2015-12-02,0.03410008071025006
2015-12-03,0.04917372027408318
2015-12-04,0.06715358084804235
2015-12-07,0.05262104841936788
2015-12-08,0.03556443556443556
2015-12-09,0.04252317613865375
2015-12-10,0.04207970867893995
2015-12-11,0.006599999999999939
2015-12-14,0.015087507543753764
2015-12-15,0.030494002846106927
2015-12-16,0.035979899497487366
2015-12-17,0.025687336945615202
2015-12-18,0.005967774020290362
2015-12-21,0.000987166831194486
2015-12-22,0.015308151093439415
2015-12-23,0.03404766673342685
2015-12-24,0.033779732160703624
2015-12-28,0.037480063795853225
2015-12-29,0.03596127247579539
2015-12-30,0.02723354231974917
2015-12-31,0.0019372336303757898
2016-01-04,0.004682926829268297
2016-01-05,-0.017864003073376877
2016-01-06,-0.03136882129277563
2016-01-07,-0.043527846417031
2016-01-08,-0.04013119814779087
2016-01-11,-0.05026097042335187
2016-01-12,-0.03669190448456616
2016-01-13,-0.026624279753626023
2016-01-14,-0.025961157352358377
2016-01-15,-0.06727165121325696
2016-01-19,-0.07760962359332557
2016-01-20,-0.08530620230874586
2016-01-21,-0.06189440379671751
2016-01-22,-0.040828402366863914
2016-01-25,-0.04288231838652823
2016-01-26,-0.04338562851055594
2016-01-27,-0.04369682907965966
2016-01-28,-0.05265180630284405
2016-01-29,-0.04405874499332452
2016-02-01,-0.03795536906351327
2016-02-02,-0.040023201856148494
2016-02-03,-0.046028355020392375
2016-02-04,-0.04596127518091142
2016-02-05,-0.058292443572129704
2016-02-08,-0.08704292527821944
2016-02-09,-0.08824120603015073
2016-02-10,-0.05536332179930803
2016-02-11,-0.06852075775896815
2016-02-12,-0.04633598693610952
2016-02-16,-0.024415055951169773
2016-02-17,0.035321489001692186
2016-02-18,0.024400504838031134
2016-02-19,0.040855614973261956
2016-02-22,0.04026138279932545
2016-02-23,0.010692987867571446
2016-02-24,-0.008797054009820005
2016-02-25,-0.002632111763514966
2016-02-26,-0.008491710473109593
2016-02-29,-0.006288032454360937
2016-03-01,0.0007980845969672856
2016-03-02,-0.007930214115781098
2016-03-03,0.00825780463242709
2016-03-04,0.039087947882736174
2016-03-07,0.053505535055350606
2016-03-08,0.05293872446852865
2016-03-09,0.09490639965171965
2016-03-10,0.10978835978835977
2016-03-11,0.11053652230122823
2016-03-14,0.1151016875811337
2016-03-15,0.0935359589041096
2016-03-16,0.07507820646506769
2016-03-17,0.05495403472931559
2016-03-18,0.056673511293634515
2016-03-21,0.05548705302096191
2016-03-22,0.04437689969604852
2016-03-23,0.045167853509664235
2016-03-24,0.05036119711042297
2016-03-28,0.03735282176207888
2016-03-29,0.055872756933115886
2016-03-30,0.0675648091447234
2016-03-31,0.04346092503987253
2016-04-01,0.052757793764988126
2016-04-04,0.0571314422692768
2016-04-05,0.02311912225705326
2016-04-06,0.03093987157034439
2016-04-07,0.03503562945368155
2016-04-08,0.04711729622266403
2016-04-11,0.04072308303535954
2016-04-12,0.013387660069848595
2016-04-13,0.0093131548311991
2016-04-14,0.020943433157173397
2016-04-15,0.012027158098933066
2016-04-18,0.01917118512780802
2016-04-19,0.04003109211037703
2016-04-20,0.029984423676012506
2016-04-21,0.024447031431897415
2016-04-22,0.02374927000194682
2016-04-25,0.0324228728630378
2016-04-26,0.02563600782778863
2016-04-27,0.01950560061799922
2016-04-28,0.0017208413001912337
2016-04-29,0.012991975544516698
2016-05-02,0.011009870918754716
2016-05-03,-0.006802721088435382
2016-05-04,0.0021064726158559477
2016-05-05,-0.018308795771989406
2016-05-06,0.0
2016-05-09,-0.004936396430605727
2016-05-10,0.013552204619202257
2016-05-11,0.015508328546812278
2016-05-12,0.02056901191849292
2016-05-13,0.01111963190184051
2016-05-16,0.0189764232317422
2016-05-17,0.004750142504275079
2016-05-18,-0.017189835575485812
2016-05-19,-0.008317580340264641
2016-05-20,0.00454545454545463
2016-05-23,0.010077961589655793
2016-05-24,0.020365435858393566
2016-05-25,0.03415378744514408
2016-05-26,0.03030877060049253
2016-05-27,0.03283069288032059
2016-05-31,0.023198792908336374
2016-06-01,0.02403304543747664
2016-06-02,0.033675799086757996
2016-06-03,0.04796483852474687
2016-06-06,0.054412612959046536
2016-06-07,0.05622489959839361
2016-06-08,0.051326082808624385
2016-06-09,0.0227871939736346
2016-06-10,-0.013197586726998445
2016-06-13,-0.02957242418534567
2016-06-14,-0.048540007584376266
2016-06-15,-0.05210684725357406
2016-06-16,-0.05124810892586995
2016-06-17,-0.04030418250950574
2016-06-20,-0.019062142584826525
2016-06-21,-0.026583710407239725
2016-06-22,-0.027108433734939763
2016-06-23,-0.0009326618168251644
2016-06-24,-0.08634686346863463
2016-06-27,-0.11141753998896864
2016-06-28,-0.08408796895213444
2016-06-29,-0.06248847926267287
2016-06-30,-0.04950495049504944
2016-07-01,-0.038284557334805736
2016-07-05,-0.07257476294675425
2016-07-06,-0.08369803063457337
2016-07-07,-0.08600398334238635
2016-07-08,-0.07150635208711442
2016-07-11,-0.04713680721782365
2016-07-12,-0.005922812380588449
2016-07-13,0.012422360248447006
2016-07-14,0.04184934236747706
2016-07-15,0.026791029966263258
2016-07-18,0.03109427944987031
2016-07-19,0.024762282091917553
2016-07-20,0.014185775359502495
2016-07-21,0.005810575246949501
2016-07-22,0.008900928792569651
2016-07-25,-0.03080657206870807
2016-07-26,0.06421647819063003
2016-07-27,0.090420028967515
2016-07-28,0.07243744955609355
2016-07-29,0.053873377900117925
2016-08-01,0.030285493827160392
2016-08-02,0.014928229665071902
2016-08-03,0.03362170664569408
2016-08-04,0.049950248756218896
2016-08-05,0.028328050713153807
2016-08-08,0.0037138389366693225
2016-08-09,0.005990338164251208
2016-08-10,-0.005958101095521862
2016-08-11,-0.007860429447852701
2016-08-12,-0.007842387146136276
2016-08-15,0.009277155005798177
2016-08-16,0.006379277015271745
2016-08-17,0.0057993427411560106
2016-08-18,0.011496455259628391
2016-08-19,0.021567494704409773
2016-08-22,0.025700038358266175
2016-08-23,0.030822577538046625
2016-08-24,0.011195445920303637
2016-08-25,0.007590132827324458
2016-08-26,-0.006961429915333883
2016-08-29,-0.011007462686567271
2016-08-30,-0.010672158771765416
2016-08-31,-0.004714312653215202
2016-09-01,0.008369792657409114
2016-09-02,0.005496588324488183
2016-09-06,0.025235985359275626
2016-09-07,0.03797468354430378
2016-09-08,0.02112946600076815
2016-09-09,0.0017401392111369152
2016-09-12,0.016811594202898572
2016-09-13,0.0063620589936379535
2016-09-14,0.007851397931826876
2016-09-15,0.017095658855167173
2016-09-16,0.00788006919085138
2016-09-19,-0.006440613752604629
2016-09-20,-0.00791705937794518
2016-09-21,-0.006918474195961033
2016-09-22,-0.007101476359558823
2016-09-23,-0.009382623381497424
2016-09-26,-0.012806026365348444
2016-09-27,-0.013641530882910202
2016-09-28,-0.009620826259196358
2016-09-29,-0.026873580620741855
2016-09-30,-0.014778325123152691
2016-10-03,-0.024523674778343607
2016-10-04,-0.031291234684260094
2016-10-05,-0.022923712889891035
2016-10-06,-0.030956848030018747
2016-10-07,-0.03291948833709557
2016-10-10,-0.01042269832078746
2016-10-11,-0.04218928164196123
2016-10-12,-0.034865900383141746
2016-10-13,-0.04484134524035721
2016-10-14,-0.0504249291784703
2016-10-17,-0.0389016018306636
2016-10-18,-0.02897998093422316
2016-10-19,-0.026980809424282715
2016-10-20,-0.032762191677650154
2016-10-21,-0.030491247882552308
2016-10-24,-0.026141314642924796
2016-10-25,-0.02670736360167869
2016-10-26,-0.029965424510180583
2016-10-27,-0.0323809523809524
2016-10-28,-0.040840140023337246
2016-10-31,-0.047884615384615414
2016-11-01,-0.05627538193772974
2016-11-02,-0.0642148277875072
2016-11-03,-0.07519230769230767
2016-11-04,-0.07899322362052275
2016-11-07,-0.06671853724956234
2016-11-08,-0.07294714257850599
2016-11-09,-0.06567460317460305
2016-11-10,-0.07880111155220337
2016-11-11,-0.08633379749353498
2016-11-14,-0.09884645982498008
2016-11-15,-0.0882936507936507
2016-11-16,-0.10484979383467496
2016-11-17,-0.1046670572153876
2016-11-18,-0.11251703328791107
2016-11-21,-0.11046398757522802
2016-11-22,-0.11223497374051739
2016-11-23,-0.11603292826342615
2016-11-25,-0.09504950495049502
2016-11-28,-0.1009842519685038
2016-11-29,-0.0673154906731549
2016-11-30,-0.07513633609371839
2016-12-01,-0.06700819672131142
2016-12-02,-0.051777916406737456
2016-12-05,-0.037013932210438805
2016-12-06,-0.02102165230187092
2016-12-07,-0.028553563984993646
2016-12-08,-0.032821375973069666
2016-12-09,-0.008494372478233259
2016-12-12,0.0025856496444731647
2016-12-13,0.022425430002177338
2016-12-14,0.02118737585521968
2016-12-15,0.01284004352557111
2016-12-16,0.023031366527747288
2016-12-19,0.016357688113413316
2016-12-20,0.025005483658697036
2016-12-21,0.022915757311217755
2016-12-22,0.02892199824715158
2016-12-23,0.047671840354767125
2016-12-27,0.03632385120350112
2016-12-28,0.03262535581344417
2016-12-29,0.037826086956521676
2016-12-30,0.04345927058309673
2017-01-03,0.054908851306830764
2017-01-04,0.061622807017543746
2017-01-05,0.0647808248758368
2017-01-06,0.0560446639467469
2017-01-09,0.04762926410641488
2017-01-10,0.05786382423319569
2017-01-11,0.04562004711929757
2017-01-12,0.049645390070921946
2017-01-13,0.05025553662691662
2017-01-17,0.06894315971471787
2017-01-18,0.05801461108723682
2017-01-19,0.054888507718696466
2017-01-20,0.05901287553648071
2017-01-23,0.056708752407447216
2017-01-24,0.05035203755067208
2017-01-25,0.05962521294718903
2017-01-26,0.05248677248677236
2017-01-27,0.06081081081081097
2017-01-30,0.06170483460559795
2017-01-31,0.05760368663594462
2017-02-01,0.06843867727082453
2017-02-02,0.04622111180512167
2017-02-03,0.044618880396612326
2017-02-06,0.016426688298519565
2017-02-07,0.012200081333875623
2017-02-08,0.020069629326233906
2017-02-09,0.03372403865926388
2017-02-10,0.03031544448996315
2017-02-13,0.03194103194103182
2017-02-14,0.021289537712895212
2017-02-15,0.024059846340477087
2017-02-16,0.03878960194963432
2017-02-17,0.03313008130081285
2017-02-21,0.024721377912867215
2017-02-22,0.025111381125961785
2017-02-23,0.03148486695104613
2017-02-24,0.010048231511254002
2017-02-27,0.011662980092499664
2017-02-28,-0.0017914012738854401
2017-03-01,0.008388256440982733
2017-03-02,-0.004357298474945481
2017-03-03,-0.010773751224289807
2017-03-06,-0.0005970149253731183
2017-03-07,-0.015226418825390664
2017-03-08,-0.011971268954509062
2017-03-09,0.002008838891121023
2017-03-10,0.018670949608512233
2017-03-13,0.013924806047344251
2017-03-14,0.0083499005964216
2017-03-15,0.018849206349206504
2017-03-16,0.027000198530871433
2017-03-17,0.02507403751233972
2017-03-20,0.009970674486803555
2017-03-21,0.011017115876450934
2017-03-22,0.011864741941862711
2017-03-23,0.015013828526274198
2017-03-24,0.020874359984245805
2017-03-27,0.03601273378432168
2017-03-28,0.03716954879745571
2017-03-29,0.035692921236291086
2017-03-30,0.02277678748266987
2017-03-31,0.03262383131092084
2017-04-03,0.021584158415841603
2017-04-04,0.04340900039824769
2017-04-05,0.04799196787148596
2017-04-06,0.0523021001615509
2017-04-07,0.03769045709703289
2017-04-10,0.025029562475364475
2017-04-11,0.027270943692368155
2017-04-12,0.03134858044164046
2017-04-13,0.019279454722492817
2017-04-17,0.017204716798762787
2017-04-18,0.01001540832049308
2017-04-19,0.0199380565234224
2017-04-20,0.03327495621716281
2017-04-21,0.03146374829001375
2017-04-24,0.05780459322693643
2017-04-25,0.058834876543209846
2017-04-26,0.055118110236220375
2017-04-27,0.06400919892679191
2017-04-28,0.07335386984982684
2017-05-01,0.08152594887683962
2017-05-02,0.08495472933924098
2017-05-03,0.09866253149835225
2017-05-04,0.0938931297709924
2017-05-05,0.10844989461582677
2017-05-08,0.0959508731529457
2017-05-09,0.0888717156105101
2017-05-10,0.09267448567583148
2017-05-11,0.08632543926661573
2017-05-12,0.09577518638883564
2017-05-15,0.10030569354222396
2017-05-16,0.10034207525655647
2017-05-17,0.08257055682684977
2017-05-18,0.08160941355095863
2017-05-19,0.08719397363465142
2017-05-22,0.10250094732853343
2017-05-23,0.07028518859245625
2017-05-24,0.06394607396611396
2017-05-25,0.061885693483800575
2017-05-26,0.04791066282420742
2017-05-30,0.044304932735425906
2017-05-31,0.04995523724261419
2017-06-01,0.05308948863636376
2017-06-02,0.06033874382498228
2017-06-05,0.04361479413817171
2017-06-06,0.03336214347450306
2017-06-07,0.03974785501663458
2017-06-08,0.050922640170333544
2017-06-09,0.04187928910786565
2017-06-12,0.03867791842475388
2017-06-13,0.04570830425680383
2017-06-14,0.040632054176072074
2017-06-15,0.014507772020725396
2017-06-16,0.04738418178615467
2017-06-19,0.05246534479733267
2017-06-20,0.03065996882037081
2017-06-21,0.025949475854957882
2017-06-22,0.02389547876912501
2017-06-23,0.027397260273972712
2017-06-26,0.02605416523825843
2017-06-27,0.023547610862839408
2017-06-28,0.02559257986946073
2017-06-29,0.005457025920873049
2017-06-30,0.0026976901028494815
2017-07-03,-0.008818635607321101
2017-07-05,0.0
2017-07-06,-0.0051856808297089385
2017-07-07,0.00673627484001349
2017-07-10,0.012156002026000534
2017-07-11,0.015875696672859263
2017-07-12,0.0240352064996614
2017-07-13,0.009175842509175913
2017-07-14,0.019189053896212283
2017-07-17,0.04256043581886271
2017-07-18,0.038345105953582204
2017-07-19,0.023841280426808886
2017-07-20,0.042184873949579815
2017-07-21,0.03869346733668344
2017-07-24,0.023002014775016733
2017-07-25,0.020333333333333314
2017-07-26,0.03073838957567654
2017-07-27,0.03392107472712014
2017-07-28,0.03701222575782959
2017-07-31,0.0598710990502036
2017-08-01,0.04741886665545647
2017-08-02,0.04918583179452751
2017-08-03,0.03995319291206956
2017-08-04,0.046914410627207026
2017-08-07,0.042823686851789944
2017-08-08,0.02185154295246039
2017-08-09,0.03906899418121368
2017-08-10,0.020991735537190026
2017-08-11,0.032897999669366795
2017-08-14,0.023248199083169663
2017-08-15,0.01992161985630303
2017-08-16,0.014415289925494124
2017-08-17,0.005210877707213735
2017-08-18,0.0008063215610385477
2017-08-21,0.006128043863892874
2017-08-22,0.031347447891022506
2017-08-23,0.02727866710225424
2017-08-24,0.023338735818476453
2017-08-25,0.03638135455579028
2017-08-28,0.03343023255813948
2017-08-29,0.020003200512082042
2017-08-30,0.017980414191683947
2017-08-31,0.028000000000000025
2017-09-01,0.03600707281787496
2017-09-05,0.02312881464824934
2017-09-06,0.022297080526146873
2017-09-07,0.0522363695723147
2017-09-08,0.0283199999999999
2017-09-11,0.04791970212077068
2017-09-12,0.036011523687580205
2017-09-13,0.0283199999999999
2017-09-14,0.033141210374639796
2017-09-15,0.014529778061631804
2017-09-18,0.037097035477077656
2017-09-19,0.03577183370931358
2017-09-20,0.027889084789229024
2017-09-21,0.02371101209420745
2017-09-22,0.028621402448719913
2017-09-25,0.018213493823250104
2017-09-26,-0.004231311706629048
2017-09-27,-0.005782153461478479
2017-09-28,0.0047066206463759475
2017-09-29,0.016243494716921658
2017-10-02,0.0035797665369650122
2017-10-03,0.0010861132660977546
2017-10-04,0.01616954474097332
2017-10-05,0.01412207751451433
2017-10-06,0.0013962147067949626
2017-10-09,0.0024894974327058783
2017-10-10,0.003707708944847843
2017-10-11,0.01065966321643752
2017-10-12,0.012603080753073037
2017-10-13,-0.004649000464900022
2017-10-16,0.017469310670443994
2017-10-17,0.003592627303967477
2017-10-18,0.011045426260111846
2017-10-19,0.012162794324029225
2017-10-20,0.007927871910461848
2017-10-23,-0.0029370845571184967
2017-10-24,0.0
2017-10-25,0.016210261252754155
2017-10-26,0.006758880855076921
2017-10-27,0.0
2017-10-30,0.004500310366232219
2017-10-31,0.0069789081885855975
2017-11-01,0.00046497210167384395
2017-11-02,-0.00942376023482161
2017-11-03,-0.017948321213058893
2017-11-06,-0.010844306738961973
2017-11-07,-0.020021729008226075
2017-11-08,-0.022010158534708335
2017-11-09,-0.056863344542953165
2017-11-10,-0.046558082360172115
2017-11-13,-0.04312626498520944
2017-11-14,-0.044392884764114515
2017-11-15,-0.038132295719844445
2017-11-16,-0.035851669487613425
2017-11-17,-0.037128331535972836
2017-11-20,-0.040561381863047585
2017-11-21,-0.033953488372093
2017-11-22,-0.028775859387152103
2017-11-24,-0.028031593619327833
2017-11-27,-0.031850117096018704
2017-11-28,-0.019362898188632238
2017-11-29,-0.03800401668469022
2017-11-30,-0.029724318496842872
2017-12-01,-0.02896979085979856
2017-12-04,-0.02557704304429209
2017-12-05,-0.03166850480541983
2017-12-06,-0.034612372748629605
2017-12-07,-0.02027241051631301
2017-12-08,-0.018570978910922298
2017-12-11,0.015072933549432843
2017-12-12,0.008541498791297286
2017-12-13,0.01789781972014315
2017-12-14,0.009711880867594669
2017-12-15,0.008737864077670077
2017-12-18,0.00654324928183847
2017-12-19,0.010720000000000063
2017-12-20,0.018164282269731657
2017-12-21,0.019419033862943413
2017-12-22,0.02210121716848179
2017-12-26,0.015296367112810794
2017-12-27,0.033542976939203495
2017-12-28,0.02197452229299368
2017-12-29,0.03886301589850638
2018-01-02,0.032857142857142696
2018-01-03,0.04211869814932978
2018-01-04,0.04753521126760574
2018-01-05,0.0712658639765702
2018-01-08,0.06927319922128472
2018-01-09,0.06660200452634979
2018-01-10,0.05339961513790881
2018-01-11,0.05125339294267928
2018-01-12,0.05449025247682959
2018-01-16,0.058503836317135516
2018-01-17,0.07149727476755374
2018-01-18,0.07106191851138899
2018-01-19,0.06801966069446652
2018-01-22,0.07297767927813825
2018-01-23,0.06994000631512454
2018-01-24,0.0700566750629723
2018-01-25,0.055468505170792826
2018-01-26,0.06685499058380429
2018-01-29,0.05336245904197234
2018-01-30,0.042224992209410894
2018-01-31,0.03153501313958884
2018-02-01,0.011372368218841356
2018-02-02,-0.02005511328842602
2018-02-05,-0.04461420932009175
2018-02-06,-0.03599635479951402
2018-02-07,-0.043089060840540094
2018-02-08,-0.0528948166110943
2018-02-09,-0.0423199878215863
2018-02-12,-0.02536452004860268
2018-02-13,-0.029549931807849483
2018-02-14,-0.014799154334038112
2018-02-15,-0.013464991023339423
2018-02-16,-0.005092107233787502
2018-02-20,-0.027909738717339594
2018-02-21,-0.039244614930658006
2018-02-22,-0.020067876641581828
2018-02-23,-0.01677210534059148
2018-02-26,0.0019299287410925459
2018-02-27,-0.03250956163577534
2018-02-28,-0.032439638572063556
2018-03-01,-0.03573030348333084
2018-03-02,-0.029222238873070627
2018-03-05,-0.010940586537000474
2018-03-06,0.021871582565224035
2018-03-07,0.049576203422357246
2018-03-08,0.03513470931148577
2018-03-09,0.045187886475344774
2018-03-12,0.05776924307889253
2018-03-13,0.04387219837863632
2018-03-14,0.025868786037088976
2018-03-15,0.023735165521548973
2018-03-16,0.005211526670754196
2018-03-19,-0.006066120715802148
2018-03-20,-0.01475237091675452
2018-03-21,0.0035125229077579423
2018-03-22,-0.006756756756756688
2018-03-23,-0.026351453094413446
2018-03-26,-0.01690857399371537
2018-03-27,-0.044747369980737806
2018-03-28,-0.006385890223506219
2018-03-29,0.006582976117575079
2018-04-02,0.008062015503875974
2018-04-03,0.00015436863229401077
2018-04-04,-0.01382700875710563
2018-04-05,-0.012842073077511174
2018-04-06,-0.017674843821423036
2018-04-09,-0.008219178082191858
2018-04-10,-0.005916262135922334
2018-04-11,-0.014523449319213233
2018-04-12,-0.007156997106745888
2018-04-13,-0.009722011241075523
2018-04-16,-0.004270896888346587
2018-04-17,-0.00045745654162854255
2018-04-18,0.005035093072932595
2018-04-19,-0.0022918258212376585
2018-04-20,-0.010044133313042103
2018-04-23,0.004638218923933124
2018-04-24,0.0029384472626043934
2018-04-25,-0.021308980213089912
2018-04-26,0.00046533271288984324
2018-04-27,-0.009181331293037442
2018-04-30,-0.025855513307984856
2018-05-01,-0.014149492463857327
2018-05-02,0.0004630344188916169
2018-05-03,0.014332450537466901
2018-05-04,0.006039956636208821
2018-05-07,0.014735535908174446
2018-05-08,0.009208103130755152
2018-05-09,0.004272852128796023
2018-05-10,0.018882407123119505
2018-05-11,0.022546012269938576
2018-05-14,0.01978831109065826
2018-05-15,-0.003370098039215619
2018-05-16,-0.006559877955758853
2018-05-17,-0.013966904508881162
2018-05-18,-0.008269525267993738
2018-05-21,-0.001537279016141313
2018-05-22,0.0
2018-05-23,-0.005859676175790196
2018-05-24,-0.002488335925349916
2018-05-25,-0.008062015503875974
2018-05-29,-0.04957528957528956
2018-05-30,-0.01795472287275568
2018-05-31,-0.014196567862714504
2018-06-01,-0.018049984572662714
2018-06-04,-0.014437106435263414
2018-06-05,-0.01462438423645307
2018-06-06,-0.018495872821767123
2018-06-07,-0.033911192214111985
2018-06-08,-0.037380337334751546
2018-06-11,-0.03902365526593343
2018-06-12,-0.05054747262636872
2018-06-13,-0.03925992779783405
2018-06-14,-0.023670458038733466
2018-06-15,-0.02533783783783794
2018-06-18,-0.03017705927636649
2018-06-19,-0.038604076590488035
2018-06-20,-0.03002309468822173
2018-06-21,-0.031394275161588325
2018-06-22,-0.014270203195284603
2018-06-25,-0.016682257561584035
2018-06-26,-0.025320412628946465
2018-06-27,-0.0014624634384139412
2018-06-28,-0.02368839427662961
2018-06-29,-0.01851558790947927
2018-07-02,-0.02765121759622935
2018-07-03,-0.026959638460339774
2018-07-05,-0.021246680206217894
2018-07-06,-0.016664071016975424
2018-07-09,0.002046277349283754
2018-07-10,0.016101026045777456
2018-07-11,-0.006428347444339955
2018-07-12,0.019273301737756654
2018-07-13,0.01080319398778773
2018-07-16,0.014955919395466033
2018-07-17,0.026626752796596875
2018-07-18,0.02682965550087313
2018-07-19,0.04015419209765514
2018-07-20,0.03777777777777769
2018-07-23,0.03654273911661887
2018-07-24,0.03147128245476005
2018-07-25,0.05660377358490565
2018-07-26,0.06462475946119306
2018-07-27,0.07827502034174127
2018-07-30,0.0814199641752158
2018-07-31,0.06223798774588829
2018-08-01,0.05703667797705614
2018-08-02,0.04852658552210132
2018-08-03,0.045810055865921795
2018-08-06,0.027241051631295532
2018-08-07,0.018535972353125985
2018-08-08,-0.008233649215473093
2018-08-09,0.004260691178791243
2018-08-10,-0.027898326100433968
2018-08-13,-0.024318463444857552
2018-08-14,-0.021560415697223556
2018-08-15,-0.044198895027624197
2018-08-16,-0.030457637600494802
2018-08-17,-0.022235948116121174
2018-08-20,-0.028907922912205453
2018-08-21,-0.0137952176578785
2018-08-22,-0.008848207475209757
2018-08-23,-0.03226290516206487
2018-08-24,-0.016870010543756697
2018-08-27,0.0006036824630242243
2018-08-28,-0.003312754103297677
2018-08-29,0.00834851244687318
2018-08-30,0.011005808621216806
2018-08-31,0.002291125706430419
2018-09-04,-0.015567765567765512
2018-09-05,-0.016497070613629372
2018-09-06,-0.015422578655151176
2018-09-07,-0.003289473684210509
2018-09-10,0.0021998742928974746
2018-09-11,0.01211734693877542
2018-09-12,0.01730433402127307
2018-09-13,0.01474318325935342
2018-09-14,0.015253692999357638
2018-09-17,0.007973210014351695
2018-09-18,0.0017372078332280605
2018-09-19,-0.00614269963773828
2018-09-20,-0.004662729250854758
2018-09-21,-0.016007388025242375
2018-09-24,-0.011784772832997281
2018-09-25,-0.01593381339053157
2018-09-26,-0.034087481146304555
2018-09-27,-0.04728810998640276
2018-09-28,-0.056450398916152444
2018-10-01,-0.051103719383126744
2018-10-02,-0.04373666565071632
2018-10-03,-0.03271317829457365
2018-10-04,-0.06364633955165389
2018-10-05,-0.0653195488721805
2018-10-08,-0.0828225679710829
2018-10-09,-0.0940733772342427
2018-10-10,-0.10964083175803396
2018-10-11,-0.11985018726591756
2018-10-12,-0.1046711451335729
2018-10-15,-0.09251937371500862
2018-10-16,-0.0705584559405158
2018-10-17,-0.08024594040674748
2018-10-18,-0.07892234548335986
2018-10-19,-0.09244222361024368
2018-10-22,-0.09526044110746124
2018-10-23,-0.11046602855797893
2018-10-24,-0.1365405573719446
2018-10-25,-0.13585259212991885
2018-10-26,-0.11925150650174443
2018-10-29,-0.10721123165283986
2018-10-30,-0.10803059273422566
2018-10-31,-0.10358565737051795
2018-11-01,-0.07741625260458407
2018-11-02,-0.02829398961995644
2018-11-05,-0.040221216691804895
2018-11-06,-0.010966415352981485
2018-11-07,0.01834544825199025
2018-11-08,0.03874734607218677
2018-11-09,0.03936170212765955
2018-11-12,0.008026522421915816
2018-11-13,-0.00453119553851522
2018-11-14,-0.025021276595744713
2018-11-15,-0.024854302365443948
2018-11-16,-0.02253957329662759
2018-11-19,-0.02185134205092909
2018-11-20,-0.04253112033195017
2018-11-21,-0.011113071088375337
2018-11-23,0.016768842408943385
2018-11-26,0.037766534152511744
2018-11-27,0.023226503420957778
2018-11-28,0.02841315225160823
2018-11-29,0.026080743122543826
2018-11-30,0.00817777777777784
2018-12-03,-0.00886031966643508
2018-12-04,-0.026533425223983498
2018-12-06,-0.011000523834468368
2018-12-07,-0.01680526680526684
2018-12-10,-0.03823929299796058
2018-12-11,-0.037301992846193066
2018-12-12,-0.02456499488229269
2018-12-13,0.0
2018-12-14,-0.005252100840336116
2018-12-17,-0.011173184357541888
2018-12-18,-0.007206890490420226
2018-12-19,-0.013377926421404784
2018-12-20,-0.02779243623570793
2018-12-21,-0.016973636691946625
2018-12-24,-0.0349625401355691
2018-12-26,-0.027487143110480505
2018-12-27,-0.04057113007139124
2018-12-28,-0.03026570473341539
2018-12-31,-0.03805386620330142
2019-01-02,-0.033600278551532026
2019-01-03,-0.028213718920825248
2019-01-04,-0.00876424189307623
2019-01-07,0.015398230088495612
2019-01-08,0.02012711864406791
2019-01-09,0.03383259911894276
2019-01-10,0.0263297402367908
2019-01-11,0.02777777777777768
2019-01-14,-0.0005246589716684236
2019-01-15,-0.013501817552362794
2019-01-16,0.004223864836325308
2019-01-17,0.014300847457627164
2019-01-18,0.018944759206798834
2019-01-22,0.027118644067796627
2019-01-23,0.041071105482178405
2019-01-24,0.04794268919911837
2019-01-25,0.0580406654343808
2019-01-28,0.044675419401896344
2019-01-29,0.04446460980036293
2019-01-30,0.05407367084013792
2019-01-31,0.04154624277456653
2019-02-01,0.053503873176004246
2019-02-04,0.060424605334785
2019-02-05,0.048452696728558786
2019-02-06,0.023008541049329034
2019-02-07,0.009345794392523255
2019-02-08,-0.011590250553945802
2019-02-11,-0.0003443526170797684
2019-02-12,0.013943880185918411
2019-02-13,0.02484689413823271
2019-02-14,0.03702403930514131
2019-02-15,0.04398878373641768
2019-02-19,0.038816362053959885
2019-02-20,0.039791485664639525
2019-02-21,0.03439291297550806
2019-02-22,0.041188738269030134
2019-02-25,0.05276073619631916
2019-02-26,0.05817610062893075
2019-02-27,0.05376156397276999
2019-02-28,0.0510860121633363
2019-03-01,0.042520227233602936
2019-03-04,0.05254942767950044
2019-03-05,0.04172366621067036
2019-03-06,0.03490759753593431
2019-03-07,0.005734525215044695
2019-03-08,0.019935253024365274
2019-03-11,0.029492455418381303
2019-03-12,0.043973098810139666
2019-03-13,0.05167068549776088
2019-03-14,0.042444821731748794
2019-03-15,0.05309885606966014
2019-03-18,0.05042301184433162
2019-03-19,0.050360919926137226
2019-03-20,0.05495978552278813
2019-03-21,0.04428475935828868
2019-03-22,0.03392107472712014
2019-03-25,0.02119846436321149
2019-03-26,0.022311022311022333
2019-03-27,0.014528644543503333
2019-03-28,0.01540500248467791
2019-03-29,0.015705075219044407
2019-04-01,0.024603698811096253
2019-04-02,0.02784643269072351
2019-04-03,0.024130006565988182
2019-04-04,0.02314814814814814
2019-04-05,0.046453127620325274
2019-04-08,0.04510524557300366
2019-04-09,0.037808127914723544
2019-04-10,0.03320118929633287
2019-04-11,0.021126760563380254
2019-04-12,0.021009771986970627
2019-04-15,0.021725032425421675
2019-04-16,0.011920103092783574
2019-04-17,-0.004155346012466032
2019-04-18,-0.011277001270648013
2019-04-22,-0.003200512081933171
2019-04-23,0.008608088354718157
2019-04-24,0.009970578620464243
2019-04-25,0.002117263843648187
2019-04-26,0.013506916192026042
2019-04-29,0.02316476345840135
2019-04-30,0.01969401041666674
2019-05-01,0.005801772763900148
2019-05-02,-0.009939083039435803
2019-05-03,-0.009456643692899558
2019-05-06,-0.005979314802844304
2019-05-07,-0.019551282051281982
2019-05-08,-0.012148337595908054
2019-05-09,-0.010592200288878195
2019-05-10,-0.008792965627497984
2019-05-13,-0.03159582999198074
2019-05-14,-0.033498165576646866
2019-05-15,-0.04093938432243738
2019-05-16,-0.03342884431709647
2019-05-17,-0.02904830685283266
2019-05-20,-0.03421686746987951
2019-05-21,-0.02343875421415964
2019-05-22,-0.009178743961352653
2019-05-23,-0.014565463667260081
2019-05-24,0.0009751340809360798
2019-05-28,-0.020873474630700106
2019-05-29,-0.04926658163265296
2019-05-30,-0.04453312051077418
2019-05-31,-0.0448646050312449
2019-06-03,-0.026068652849740914
2019-06-04,-0.025242718446601864
2019-06-05,-0.021134774833360348
2019-06-06,-0.0052304674730303535
2019-06-07,-0.006310679611650549
2019-06-10,0.0009732360097323145
2019-06-11,0.0053225806451613344
2019-06-12,0.03892017224246436
2019-06-13,0.02789239148374323
2019-06-14,0.018365320979483846
2019-06-17,0.01449275362318847
2019-06-18,0.029090909090909056
2019-06-19,0.04374584165003337
2019-06-20,0.029919447640966546
2019-06-21,0.015602145294978165
2019-06-24,0.025127278699293765
2019-06-25,0.012989121610651022
2019-06-26,0.020334535913414165
2019-06-27,0.033707865168539186
2019-06-28,0.04042766455061808
2019-07-01,0.05401778225130016
2019-07-02,0.0418952618453865
2019-07-03,0.05594289508632144
2019-07-05,0.03570835409400419
2019-07-08,0.019388761091028606
2019-07-09,0.005373717635564379
2019-07-10,0.008264462809917328
2019-07-11,-0.006738328252847814
2019-07-12,-0.023593177108241603
2019-07-15,-0.011721258831085435
2019-07-16,-0.00032493907392361354
2019-07-17,-0.0008116883116884299
2019-07-18,-0.013652425313202765
2019-07-19,-0.025179282868525887
2019-07-22,-0.019154030327214633
2019-07-23,-0.015682509201472294
2019-07-24,-0.012976610060877913
2019-07-25,-0.014104824491104395
2019-07-26,-0.011732561877209835
2019-07-29,-0.0035691109669045984
2019-07-30,-0.029383429672447003
2019-07-31,-0.04504217730383575
2019-08-01,-0.03303015797032072
2019-08-02,-0.05124980349001729
2019-08-05,-0.05243745991019877
2019-08-06,-0.03642811089619602
2019-08-07,-0.022999676060900587
2019-08-08,-0.021857923497267784
2019-08-09,-0.02390566952027129
2019-08-12,-0.023020408163265227
2019-08-13,-0.015272136474411058
2019-08-14,-0.03494230456687797
2019-08-15,-0.03980503655564571
2019-08-16,-0.018889431688649982
2019-08-19,-0.014713094654242198
2019-08-20,-0.015785191212367877
2019-08-21,-0.0014631767192325729
2019-08-22,-0.0009738678785912169
2019-08-23,-0.012843440091042102
2019-08-26,-0.01073345259391778
2019-08-27,-0.0113969391077825
2019-08-28,0.0041356492969395475
2019-08-29,0.009500000000000064
2019-08-30,0.0018151815181517428
2019-09-03,0.012758906379453094
2019-09-04,0.046200710780165855
2019-09-05,0.04014720642355307
2019-09-06,0.028348806366047752
2019-09-09,0.011666118961551009
2019-09-10,0.0052953830878703645
2019-09-11,0.03225267379679142
2019-09-12,0.017323873948193347
2019-09-13,0.034860222297069754
2019-09-16,0.03011844331641278
2019-09-17,0.018755186721991723
2019-09-18,0.015762402521984242
2019-09-19,0.016699735449735575
2019-09-20,0.0019537609899056285
2019-09-23,0.002274573517465406
2019-09-24,0.0186100131752307
2019-09-25,0.0034522439585731313
2019-09-26,0.007740447957839347
2019-09-27,0.004612850082372333
2019-09-30,0.0028066699686313257
2019-10-01,-0.012024378191401786
2019-10-02,-0.03975785340314131
2019-10-03,-0.044160465868650856
2019-10-04,-0.03698938565455123
2019-10-07,-0.03208125100757697
2019-10-08,-0.036056521032970634
2019-10-09,-0.013991769547325172
2019-10-10,-0.03869192164481139
2019-10-11,-0.02562439182614329
2019-10-14,-0.014320585842148126
2019-10-15,0.007884362680683266
2019-10-16,-0.005050505050505083
2019-10-17,0.001960143743874543
2019-10-18,-0.0037404456009108022
2019-10-21,-0.0008124796880077945
2019-10-22,0.00016210082671430648
2019-10-23,0.0027485852869846283
2019-10-24,0.0183486238532109
2019-10-25,0.01552541264912577
2019-10-28,0.028861921941620183
2019-10-29,0.024201514652617773
2019-10-30,0.050516838946315534
2019-10-31,0.06713239052649533
2019-11-01,0.07920121848028439
2019-11-04,0.06997327989311941
2019-11-05,0.05712858094603601
2019-11-06,0.06672283066554341
2019-11-07,0.06761268781302188
2019-11-08,0.0882452004041765
2019-11-11,0.07639813581890809
2019-11-12,0.06422321281162291
2019-11-13,0.05704041720990882
2019-11-14,0.06156869166530199
2019-11-15,0.06194978806651452
2019-11-18,0.0652954619653936
2019-11-19,0.05887136119694247
2019-11-20,0.04197730956239876
2019-11-21,0.030635278942276578
2019-11-22,0.03104890604890609
2019-11-25,0.04892178950756376
2019-11-26,0.04542556582722357
2019-11-27,0.055296576113165186
2019-11-29,0.034121568005078595
2019-12-02,0.04710202778221295
2019-12-03,0.031362709738121275
2019-12-04,0.0334009676915874
2019-12-05,0.04947219158657634
2019-12-06,0.05591533722950559
2019-12-09,0.03940578577013287
2019-12-10,0.033116682141751896
2019-12-11,0.034173496211535426
2019-12-12,0.04049022649705236
2019-12-13,0.03792784458834397
2019-12-16,0.05491284898966531
2019-12-17,0.04897144611605775
2019-12-18,0.03447747471651863
2019-12-19,0.038396559668253616
2019-12-20,0.0527298180121325
2019-12-23,0.06727158948685852
2019-12-24,0.06366047745358094
2019-12-26,0.04848112918073033
2019-12-27,0.052751943893886155
2019-12-30,0.0435643564356436
