Date,mr_21
2010-12-09,0.05641871007624122
2010-12-10,0.05004319980251504
2010-12-13,0.05725425815719265
2010-12-14,0.06070143884892065
2010-12-15,0.04375288652231779
2010-12-16,0.047247817980382134
2010-12-17,0.03808614755861495
2010-12-20,0.03585299868748826
2010-12-21,0.048123849907992566
2010-12-22,0.042612504978096544
2010-12-23,0.03949140457894318
2010-12-27,0.029352226720647856
2010-12-28,0.03167438574456405
2010-12-29,0.022455518795425844
2010-12-30,0.02445662739608845
2010-12-31,0.012240945186906771
2011-01-03,0.02821397312464624
2011-01-04,0.0398440105703366
2011-01-05,0.03797889350815509
2011-01-06,0.03089349973202693
2011-01-07,0.01641369123414682
2011-01-10,0.0016535232765202412
2011-01-11,0.02114052229525698
2011-01-12,0.05050453959181622
2011-01-13,0.041924095322153576
2011-01-14,0.045080577292653246
2011-01-18,0.05377003240213685
2011-01-19,0.0371986337231045
2011-01-20,0.019207101033080987
2011-01-21,0.01369965006328644
2011-01-24,0.015281733746130177
2011-01-25,0.00394474878504214
2011-01-26,0.02419444341681798
2011-01-27,0.026342975206611774
2011-01-28,-0.007786688937743258
2011-01-31,0.0037152841640610834
2011-02-01,0.0334514355528408
2011-02-02,0.03598226466575727
2011-02-03,0.030677978462211986
2011-02-04,0.03140916808149408
2011-02-07,0.033707049816770196
2011-02-08,0.01638236784326974
2011-02-09,0.0033207002346147263
2011-02-10,-0.01542382457954139
2011-02-11,0.00856724021916766
2011-02-14,-0.0017898757898278106
2011-02-15,-0.015435660703981613
2011-02-16,-0.0013593821427710928
2011-02-17,-0.010399740006499902
2011-02-18,-0.01318022604990432
2011-02-22,-0.021297856970864393
2011-02-23,-0.012713547874453779
2011-02-24,0.005590420543893693
2011-02-25,0.02805488529549449
2011-02-28,0.04113101299946087
2011-03-01,0.027021215596330084
2011-03-02,0.04863764596650344
2011-03-03,0.05958613812016944
2011-03-04,0.04809640610003174
2011-03-07,0.049950345218953585
2011-03-08,0.05032203269870461
2011-03-09,0.03999576016676665
2011-03-10,0.0023895847066577325
2011-03-11,0.0006938482706715376
2011-03-14,0.009468497008095822
2011-03-15,-0.0151707145371347
2011-03-16,-0.02549631576477207
2011-03-17,0.011609943354712104
2011-03-18,0.013652714192282644
2011-03-21,0.022249388753056376
2011-03-22,0.01618014044454763
2011-03-23,0.03138650703769619
2011-03-24,0.03648224208746065
2011-03-25,0.031689616032836154
2011-03-28,0.03449931961898667
2011-03-29,0.02405690537084393
2011-03-30,0.03450396283137458
2011-03-31,0.033644115974985844
2011-04-01,0.052430886558627154
2011-04-04,0.05993390973699708
2011-04-05,0.05311762647188334
2011-04-06,0.054765363694719404
2011-04-07,0.04547088425593082
2011-04-08,0.0557859322431733
2011-04-11,0.03456105786890151
2011-04-12,0.004619553147070299
2011-04-13,0.004038682836150942
2011-04-14,-0.012582014666152275
2011-04-15,-0.011106585798100421
2011-04-18,-0.05036280155470685
2011-04-19,-0.027518795337215574
2011-04-20,-0.00723243825498221
2011-04-21,0.001438422347153745
2011-04-25,-0.005071461502997088
2011-04-26,-0.004970866115811434
2011-04-27,-0.0022270004607588545
2011-04-28,-0.004857189847047971
2011-04-29,0.007462441237384487
2011-05-02,-0.00841772984348299
2011-05-03,-0.04044978401134369
2011-05-04,-0.057151373310960096
2011-05-05,-0.08462495003774939
2011-05-06,-0.06258369788411777
2011-05-09,-0.048600058284202774
2011-05-10,-0.029045222736330367
2011-05-11,-0.05182595710019022
2011-05-12,-0.05775041461253616
2011-05-13,-0.07047608174449127
2011-05-16,-0.07256584381022302
2011-05-17,-0.06729605422415885
2011-05-18,-0.04092426009538208
2011-05-19,-0.040446158657354125
2011-05-20,-0.05723466679085343
2011-05-23,-0.08266294532917406
2011-05-24,-0.06015268256421735
2011-05-25,-0.03360098679918866
2011-05-26,-0.02673216563927061
2011-05-27,0.006379337171308785
2011-05-31,0.02339328839707333
2011-06-01,0.0057786731973317185
2011-06-02,0.02664862710042204
2011-06-03,0.01240613777342503
2011-06-06,0.003203307263650812
2011-06-07,0.032283778397768303
2011-06-08,0.03289910538579521
2011-06-09,0.057156643947162245
2011-06-10,0.03609682044362006
2011-06-13,0.022756811398863874
2011-06-14,0.0369717042263662
2011-06-15,0.01001197604790427
2011-06-16,0.007088298927790282
2011-06-17,-0.0043503722914747245
2011-06-20,-0.009393711233014135
2011-06-21,0.005045986472461905
2011-06-22,-0.006231937490336903
2011-06-23,-0.02125512082170644
2011-06-24,-0.02772006885498901
2011-06-27,-0.0183656036446469
2011-06-28,0.0023248090335437066
2011-06-29,0.007212764695414764
2011-06-30,0.013684996267728344
2011-07-01,0.026136363636363624
2011-07-05,0.026550868486352464
2011-07-06,0.018657640551473786
2011-07-07,0.0395525463644395
2011-07-08,0.027631718248226855
2011-07-11,-0.00115463917525771
2011-07-12,0.0009431404218196437
2011-07-13,0.014185567010309486
2011-07-14,0.0007075388261934545
2011-07-15,0.01431348294751733
2011-07-18,-0.003215434083601032
2011-07-19,0.012747392311582395
2011-07-20,0.007396449704142327
2011-07-21,0.03392411587615851
2011-07-22,0.029351623570101903
2011-07-25,0.019598019225167906
2011-07-26,0.030353328999907392
2011-07-27,0.01074459586194143
2011-07-28,0.01150129461808791
2011-07-29,0.01005355741262326
2011-08-01,0.011505649066175128
2011-08-02,-0.017215119767387876
2011-08-03,-0.02716662814883264
2011-08-04,-0.0843186169286998
2011-08-05,-0.08096065692323828
2011-08-08,-0.18301030927835038
2011-08-09,-0.1442709322194795
2011-08-10,-0.19960915020141956
2011-08-11,-0.14550094952402837
2011-08-12,-0.14139344262295073
2011-08-15,-0.09613328910022478
2011-08-16,-0.10740057679692028
2011-08-17,-0.08818650135335715
2011-08-18,-0.1316038151876726
2011-08-19,-0.1278229045791307
2011-08-22,-0.11233258496554943
2011-08-23,-0.06717137496090908
2011-08-24,-0.06214183145164498
2011-08-25,-0.07287114995204103
2011-08-26,-0.042499057670561946
2011-08-29,0.0022137414947505096
2011-08-30,0.017632552404438506
2011-08-31,0.03070683661645357
2011-09-01,0.036882287617989507
2011-09-02,0.00610725340918572
2011-09-06,-0.0003643344590339437
2011-09-07,0.031002444987774602
2011-09-08,0.01479029622491268
2011-09-09,-0.030976412200970804
2011-09-12,-0.03332077525220867
2011-09-13,-0.04212070410729307
2011-09-14,-0.036959172518186034
2011-09-15,-0.02576559625942565
2011-09-16,-0.03320799357809856
2011-09-19,-0.05449956287543389
2011-09-20,-0.05562691433652833
2011-09-21,-0.08877909281386287
2011-09-22,-0.1793427766898703
2011-09-23,-0.16401032727062959
2011-09-26,-0.13882916908774012
2011-09-27,-0.11139073816665468
2011-09-28,-0.13921185763734845
2011-09-29,-0.09537110337719812
2011-09-30,-0.14544491525423764
2011-10-03,-0.1501381215469616
2011-10-04,-0.14929270946681206
2011-10-05,-0.14155517078545599
2011-10-06,-0.08311555867168108
2011-10-07,-0.07797610409713174
2011-10-10,-0.011508058887500394
2011-10-11,-0.018800680094167244
2011-10-12,0.02426402943882211
2011-10-13,0.023781212841854638
2011-10-14,0.07081758504077951
2011-10-17,0.03540840470556805
2011-10-18,0.07579021189199953
2011-10-19,0.05355288284364579
2011-10-20,0.051109582837109535
2011-10-21,0.08497549264779347
2011-10-24,0.12401998081312571
2011-10-25,0.09317434210526243
2011-10-26,0.12798431244382624
2011-10-27,0.18469887106933425
2011-10-28,0.16300764873427798
2011-10-31,0.10037710736468441
2011-11-01,0.04219508745462197
2011-11-02,0.06708246492674208
2011-11-03,0.07846302873748723
2011-11-04,0.07042639733101708
2011-11-07,0.0702876363142726
2011-11-08,0.08080611618964917
2011-11-09,-0.009248090068355808
2011-11-10,0.01808747220163065
2011-11-11,0.029812455767869395
2011-11-14,0.016636783163339608
2011-11-15,0.015163257248972606
2011-11-16,-1.4580022453691832e-05
2011-11-17,-0.04324607482211229
2011-11-18,-0.028711535392516807
2011-11-21,-0.08234063571387085
2011-11-22,-0.06876056173882672
2011-11-23,-0.08382262728945777
2011-11-25,-0.0792013848139893
2011-11-28,-0.01908790755262102
2011-11-29,-0.01781113973527626
2011-11-30,0.04297845898922903
2011-12-01,0.0278376383763832
2011-12-02,0.0170737106175749
2011-12-05,0.03769882255732249
2011-12-06,-0.023501553944058395
2011-12-07,-0.01501113585746161
2011-12-08,-0.04226151364912534
2011-12-09,-0.054728081074203794
2011-12-12,-0.0962946226841398
2011-12-13,-0.08895091317274495
2011-12-14,-0.08352675299291556
2011-12-15,-0.04885463366701559
2011-12-16,-0.04576383638579973
2011-12-19,-0.06910336065446887
2011-12-20,-0.02444748375866579
2011-12-21,-0.02633870265563898
2011-12-22,-0.020102378988969716
2011-12-23,-0.017794092485730162
2011-12-27,-0.023050720918297074
2011-12-28,-0.03784011614293181
2011-12-29,-0.03603321322262343
2011-12-30,-0.013442808963974762
2012-01-03,0.030075901328272314
2012-01-04,0.03428263351515848
2012-01-05,0.022064680579894302
2012-01-06,0.01902056838309152
2012-01-09,0.030839538525453847
2012-01-10,0.058575803981622654
2012-01-11,0.05599847233493982
2012-01-12,0.044926732673266745
2012-01-13,0.033368042408178145
2012-01-17,0.0470000941885651
2012-01-18,0.07135493142553595
2012-01-19,0.067868521252622
2012-01-20,0.057087252675964706
2012-01-23,0.06526885356780476
2012-01-24,0.06435628421986306
2012-01-25,0.0856235179668019
2012-01-26,0.07584893684544558
2012-01-27,0.0855547550432274
2012-01-30,0.060096906448005694
2012-01-31,0.0588444286539056
2012-02-01,0.07801480959097251
2012-02-02,0.06718293395675001
2012-02-03,0.09034710935686019
2012-02-06,0.07783059636992151
2012-02-07,0.0806087453558153
2012-02-08,0.06854386835945747
2012-02-09,0.053110452814218556
2012-02-10,0.025699359622513906
2012-02-13,0.04791881857011204
2012-02-14,0.031043144002997236
2012-02-15,0.02754421571469967
2012-02-16,0.03652032877917333
2012-02-17,0.031722137070286704
2012-02-21,0.022715194789267867
2012-02-22,0.010498438136629096
2012-02-23,0.017375771354335656
2012-02-24,0.057454231945361034
2012-02-27,0.05786785699923569
2012-02-28,0.050770976570322146
2012-02-29,0.03882191890059916
2012-03-01,0.049264015447079146
2012-03-02,0.05348488041302257
2012-03-05,0.04472541741536906
2012-03-06,-0.022371511421936274
2012-03-07,-0.0030155629269319473
2012-03-08,0.02160081690362059
2012-03-09,0.019878455204861423
2012-03-12,0.0146092037983927
2012-03-13,0.030845590146042046
2012-03-14,0.021402367094022434
2012-03-15,0.027871457921463394
2012-03-16,0.018978779328205242
2012-03-19,0.0046050346663919495
2012-03-20,-0.019940602460755463
2012-03-21,-0.02064570833922197
2012-03-22,-0.04463287724031639
2012-03-23,-0.023305982510882894
2012-03-26,-0.0033276373774624446
2012-03-27,-0.018724422824492715
2012-03-28,-0.044111763567142304
2012-03-29,-0.04844429488506963
2012-03-30,-0.03305077044902871
2012-04-02,-0.017235319387131076
2012-04-03,-0.016785663007584106
2012-04-04,-0.03375158312551452
2012-04-05,-0.03357389394414856
2012-04-09,-0.05053924269857568
2012-04-10,-0.06883188780217797
2012-04-11,-0.047121388506720985
2012-04-12,-0.029138721030613546
2012-04-13,-0.02856838148054408
2012-04-16,-0.044827724842199324
2012-04-17,-0.031947978512864905
2012-04-18,-0.03702551758644579
2012-04-19,-0.024394874228762298
2012-04-20,-0.012164292704143653
2012-04-23,-0.03344048819026457
2012-04-24,-0.03242075912688214
2012-04-25,-0.017687093498724993
2012-04-26,-0.02185047501032744
2012-04-27,-0.012728927625773379
2012-04-30,-0.009264372894461914
2012-05-01,-0.00582263775171632
2012-05-02,-0.025939959195570794
2012-05-03,-0.0318225516559163
2012-05-04,-0.06564744424377433
2012-05-07,-0.0656685756096197
2012-05-08,-0.06390403797790356
2012-05-09,-0.07791802581194252
2012-05-10,-0.05666690396526053
2012-05-11,-0.058867298171308646
2012-05-14,-0.08808745373104343
2012-05-15,-0.08802781197943177
2012-05-16,-0.08909981628903962
2012-05-17,-0.12635060639470885
2012-05-18,-0.12937545442405096
2012-05-21,-0.085153491712047
2012-05-22,-0.08900712961427848
2012-05-23,-0.10202933799498481
2012-05-24,-0.09566911618060037
2012-05-25,-0.09662733438632454
2012-05-29,-0.055722962107137786
2012-05-30,-0.06891007959650208
2012-05-31,-0.07424749163879696
2012-06-01,-0.08669208862287114
2012-06-04,-0.057167900272692806
2012-06-05,-0.04950980392156967
2012-06-06,-0.007846871101189645
2012-06-07,-0.001335641850112479
2012-06-08,0.010106356584017151
2012-06-11,-0.001695422359630272
2012-06-12,0.025517862503751543
2012-06-13,0.017996791658310363
2012-06-14,0.0333511741486574
2012-06-15,0.06128315256446548
2012-06-18,0.05220448562002056
2012-06-19,0.05477542077482189
2012-06-20,0.030285941750147982
2012-06-21,-0.01284732596355076
2012-06-22,0.0007793456812628108
2012-06-25,-0.0182360742705584
2012-06-26,-3.310216984875325e-05
2012-06-27,0.010604155637901957
2012-06-28,-0.002892179546507778
2012-06-29,0.04377880184331606
2012-07-02,0.05077313261883143
2012-07-03,0.07335913614778966
2012-07-05,0.04979615608619503
2012-07-06,0.027531226801792652
2012-07-09,0.01671820641669708
2012-07-10,0.008364835518376967
2012-07-11,0.015324625308897888
2012-07-12,0.009136372379302093
2012-07-13,0.021637959986564592
2012-07-16,0.024790881808312015
2012-07-17,0.040492284147428226
2012-07-18,0.035959885386817714
2012-07-19,0.04871538204871362
2012-07-20,0.026973026973025283
2012-07-23,-0.015365382789506943
2012-07-24,-0.034162080091100444
2012-07-25,-0.02127491674689619
2012-07-26,-0.00037791109641605036
2012-07-27,0.03767961347806836
2012-07-30,0.022269104547584018
2012-07-31,0.002655129867086048
2012-08-01,-0.002952755905513138
2012-08-02,-0.013544194785877872
2012-08-03,0.02355648077133643
2012-08-06,0.04034109544112674
2012-08-07,0.049460557657277526
2012-08-08,0.04703546275324855
2012-08-09,0.042854933498297276
2012-08-10,0.037584596173707796
2012-08-13,0.03252745224693032
2012-08-14,0.03429228998849121
2012-08-15,0.028698823240989046
2012-08-16,0.03326603652381266
2012-08-17,0.023247283231691895
2012-08-20,0.013693611174718123
2012-08-21,0.014577658748876399
2012-08-22,0.02137231142078022
2012-08-23,0.005027401603332038
2012-08-24,0.010931923928263476
2012-08-27,0.001490312965721552
2012-08-28,-0.003821445228460507
2012-08-29,-0.016384571445751783
2012-08-30,-0.03286152181752733
2012-08-31,-0.028994642294359774
2012-09-04,-0.020096656060516138
2012-09-05,-0.02488504192588703
2012-09-06,0.009378663540444476
2012-09-07,0.03813069520964274
2012-09-10,0.03326185084654165
2012-09-11,0.043445064898123054
2012-09-12,0.04690978083869801
2012-09-13,0.07790100483810836
2012-09-14,0.10045026364121012
2012-09-17,0.07644637244920438
2012-09-18,0.06606505092667336
2012-09-19,0.043109509579889904
2012-09-20,0.041859514388750796
2012-09-21,0.03495281370150227
2012-09-24,0.03318670789599665
2012-09-25,0.004261796042617005
2012-09-26,-0.008642404238687562
2012-09-27,0.01263264274886211
2012-09-28,-0.003585622947987921
2012-10-01,0.006038526083276041
2012-10-02,0.0034580320653869734
2012-10-03,-0.011585157318742434
2012-10-04,-0.0020728919682547753
2012-10-05,-0.008715245302271302
2012-10-08,-0.009248767775197897
2012-10-09,-0.020150669800901633
2012-10-10,-0.02861272905063661
2012-10-11,-0.021074128174947693
2012-10-12,-0.02708928799966004
2012-10-15,-0.016627180087347426
2012-10-16,-0.007897673620054335
2012-10-17,0.010601871086977077
2012-10-18,0.00762669342699307
2012-10-19,-0.009146647904313299
2012-10-22,0.005187526943525089
2012-10-23,-0.020463709677420505
2012-10-24,-0.02943212297753417
2012-10-25,-0.021712785295900927
2012-10-26,-0.03201179838639823
2012-10-31,-0.04125010866730505
2012-11-01,-0.02988716071973274
2012-11-02,-0.032834386557559325
2012-11-05,-0.023262936818156277
2012-11-06,-0.01398509425690575
2012-11-07,-0.043971028092195
2012-11-08,-0.05495362873546383
2012-11-09,-0.04038092425808448
2012-11-12,-0.03590457021075166
2012-11-13,-0.05707026432699969
2012-11-14,-0.06751615165396008
2012-11-15,-0.047327352513891974
2012-11-16,-0.031667543398212095
2012-11-19,-0.010497737556561804
2012-11-20,-0.009883756130048438
2012-11-21,0.0030031396459928583
2012-11-23,0.02036567016733204
2012-11-26,0.013722596643896301
2012-11-27,-0.004357232091167562
2012-11-28,0.001998901367186612
2012-11-29,0.003848620910839484
2012-11-30,0.01607731769878984
2012-12-03,0.01931474638898112
2012-12-04,0.020895659075644613
2012-12-05,0.03528119708964339
2012-12-06,0.034372331340733364
2012-12-07,0.039088294813078184
2012-12-10,0.04267515923566778
2012-12-11,0.04649158615684579
2012-12-12,0.053955100195870465
2012-12-13,0.035597442746944985
2012-12-14,0.030205252307967
2012-12-17,0.03372407842670433
2012-12-18,0.04452541770351792
2012-12-19,0.030600640959369985
2012-12-20,0.04595334059015466
2012-12-21,0.03148924936200026
2012-12-24,0.024517696653881815
2012-12-26,0.03028931772399357
2012-12-27,0.03381797034021372
2012-12-28,0.03369924115159462
2012-12-31,0.046958100920999835
2013-01-02,0.06720472497383634
2013-01-03,0.054239125782841846
2013-01-04,0.056601899030612746
2013-01-07,0.039236479321313356
2013-01-08,0.023747780251992756
2013-01-09,0.021612051037039448
2013-01-10,0.024519419380147234
2013-01-11,0.01515363323733987
2013-01-14,0.02840409956075951
2013-01-15,0.019340934371522067
2013-01-16,0.012813046010481832
2013-01-17,0.018185338330266365
2013-01-18,0.022998178908447242
2013-01-22,0.015122327104602595
2013-01-23,0.016645379259196735
2013-01-24,0.017752938275662267
2013-01-25,0.02445318260014595
2013-01-28,0.025575412759121452
2013-01-29,0.021407433551433375
2013-01-30,0.008575841326611933
2013-01-31,0.013352272727271242
2013-02-01,0.01953600302841707
2013-02-04,-0.001176232001623756
2013-02-05,0.00946252838758399
2013-02-06,-0.002108336036329428
2013-02-07,-0.015851137146796423
2013-02-08,-0.013497081712063208
2013-02-11,-0.01586443609632271
2013-02-12,-0.01843168520195193
2013-02-13,-0.004202702702703509
2013-02-14,-0.01228561002311257
2013-02-15,-0.02557409861783655
2013-02-19,-0.010227272727273529
2013-02-20,-0.03074734060573303
2013-02-21,-0.03586555169417993
2013-02-22,-0.028541901796277802
2013-02-25,-0.04503804303362613
2013-02-26,-0.0380912000437682
2013-02-27,-0.02724167729723148
2013-02-28,-0.037715591405250826
2013-03-01,-0.040102742563593585
2013-03-04,-0.04335047759000832
2013-03-05,-0.025348507192744396
2013-03-06,-0.015615850087840277
2013-03-07,-0.013505578391075801
2013-03-08,0.0037802419354826533
2013-03-11,-0.004990467646070806
2013-03-12,-0.010658016682114413
2013-03-13,-0.011900240536778073
2013-03-14,-0.004112733982169936
2013-03-15,-0.0021169397518958633
2013-03-18,-0.02571650980114748
2013-03-19,-0.03838183108587789
2013-03-20,-0.024577091758274272
2013-03-21,-0.023430030964171067
2013-03-22,-0.025720576461170097
2013-03-25,-0.033576098176397506
2013-03-26,-0.035581923176373764
2013-03-27,-0.03462524115292809
2013-03-28,-0.025412355513226847
2013-04-01,-0.03511461421650264
2013-04-02,-0.041967469774724986
2013-04-03,-0.06043069227749376
2013-04-04,-0.04049876039084277
2013-04-05,-0.0434426229508208
2013-04-08,-0.032012217506866114
2013-04-09,-0.01746242263483755
2013-04-10,-0.010048766070638204
2013-04-11,-0.01978833155460835
2013-04-12,-0.02556552001070933
2013-04-15,-0.065102920057445
2013-04-16,-0.04723450329333345
2013-04-17,-0.07044808610993658
2013-04-18,-0.06075787939515531
2013-04-19,-0.05592421399478431
2013-04-22,-0.054175864606329616
2013-04-23,-0.04692456956294222
2013-04-24,-0.013031126482214828
2013-04-25,-0.007597678916829276
2013-04-26,-0.007320099255584633
2013-04-29,0.000870511425461018
2013-04-30,0.0194016149860734
2013-05-01,0.00395669444660629
2013-05-02,0.025243171737606263
2013-05-03,0.04381287022497049
2013-05-06,0.04305499487625197
2013-05-07,0.05600595247321971
2013-05-08,0.061669917340018365
2013-05-09,0.05240363793849978
2013-05-10,0.0450682899697159
2013-05-13,0.03081007656211243
2013-05-14,0.02941810013231816
2013-05-15,0.017241908739174194
2013-05-16,0.0005511666360447087
2013-05-17,0.014190890363926068
2013-05-20,0.02146288076852776
2013-05-21,0.030411692614950026
2013-05-22,0.02882573532733801
2013-05-23,0.005485339865645367
2013-05-24,-0.005506954969015321
2013-05-28,-0.015511892450880138
2013-05-29,-0.03292372246366082
2013-05-30,-0.03314337132573608
2013-05-31,-0.06656151419558476
2013-06-03,-0.04503799563614597
2013-06-04,-0.05310589478451322
2013-06-05,-0.0716473120887795
2013-06-06,-0.05478575996589319
2013-06-07,-0.052450387869701354
2013-06-10,-0.05684369138042478
2013-06-11,-0.07262690767399171
2013-06-12,-0.07419670755025065
2013-06-13,-0.04813727633263687
2013-06-14,-0.04123565920632055
2013-06-17,-0.019351291918637714
2013-06-18,-0.01102535832414675
2013-06-19,-0.04321808510638403
2013-06-20,-0.06897376604736583
2013-06-21,-0.03742697566925712
2013-06-24,-0.04167944599590101
2013-06-25,-0.030386605882640416
2013-06-26,-0.020057026476579698
2013-06-27,-0.016054145958672494
2013-06-28,-0.005214225982587584
2013-07-01,0.002822540943252738
2013-07-02,-0.006184922606222165
2013-07-03,0.0025369003690025593
2013-07-05,0.011068834313385345
2013-07-08,0.008653513326409179
2013-07-09,0.016815866264403567
2013-07-10,0.010946979688735148
2013-07-11,0.05062126092958885
2013-07-12,0.057821069002208514
2013-07-15,0.06295280986880614
2013-07-16,0.07265130947929577
2013-07-17,0.09423880307004628
2013-07-18,0.06867035966342994
2013-07-19,0.0739115761052973
2013-07-22,0.063834544438232
2013-07-23,0.05880950867602963
2013-07-24,0.04071854393649321
2013-07-25,0.033486043546024025
2013-07-26,0.020469624958823873
2013-07-29,0.0077084245418708175
2013-07-30,-0.007597978032952257
2013-07-31,-0.015982802131041973
2013-08-01,-0.004924883869064978
2013-08-02,-0.007269176521646492
2013-08-05,-0.010767160161509137
2013-08-06,-0.03349045668804729
2013-08-07,-0.03503081414207099
2013-08-08,-0.027504820671038877
2013-08-09,-0.02100243819635339
2013-08-12,-0.01273737841593503
2013-08-13,-0.0010502254895919938
2013-08-14,0.007633941679156431
2013-08-15,-0.002060067223247808
2013-08-16,-0.011017146403911937
2013-08-19,-0.011557187077106401
2013-08-20,-0.004629196670720592
2013-08-21,-0.01289203506633696
2013-08-22,0.007837064151296147
2013-08-23,0.01156892826951239
2013-08-26,-0.0018804945700734432
2013-08-27,-0.014497528830314299
2013-08-28,-0.016109279321715908
2013-08-29,-0.019197235095437692
2013-08-30,-0.018324236752286116
2013-09-03,-0.01617271896948258
2013-09-04,-0.005310180735232817
2013-09-05,0.022255426234663478
2013-09-06,0.02879470240243398
2013-09-09,0.05310412788787788
2013-09-10,0.053487610522867435
2013-09-11,0.058422983645294524
2013-09-12,0.04895755770662591
2013-09-13,0.05573699444332503
2013-09-16,0.07095271874903464
2013-09-17,0.06770369460397241
2013-09-18,0.10472354448919652
2013-09-19,0.08492140559567707
2013-09-20,0.06309053038306978
2013-09-23,0.055823601028090586
2013-09-24,0.045613141855971095
2013-09-25,0.043441315463854435
2013-09-26,0.03755617852533999
2013-09-27,0.021630001476449
2013-09-30,0.003867192095045935
2013-10-01,0.021415719489180862
2013-10-02,0.007774962872366675
2013-10-03,-0.002842639593910179
2013-10-04,0.007878568847125234
2013-10-07,0.0012543252595140775
2013-10-08,0.006706483413684516
2013-10-09,0.011950073969806851
2013-10-10,0.030069479263661325
2013-10-11,0.021645949421344124
2013-10-14,0.02476983154234058
2013-10-15,0.016239912324398142
2013-10-16,0.02914855535668459
2013-10-17,0.02826825006747269
2013-10-18,0.03275756844600064
2013-10-21,0.03141606087658699
2013-10-22,0.031345479235032725
2013-10-23,0.00804035722360208
2013-10-24,0.007976282910988619
2013-10-25,0.012915051110326203
2013-10-28,0.008586469975505828
2013-10-29,0.0026548672566355513
2013-10-30,-0.0034387895460812334
2013-10-31,-0.009675655210131473
2013-11-01,-0.011750864858052767
2013-11-04,-0.006983122953344689
2013-11-05,-0.026180647869587848
2013-11-06,-0.020344769687133835
2013-11-07,-0.030149416756523495
2013-11-08,-0.03152622274602379
2013-11-11,-0.04682401260267932
2013-11-12,-0.04021829565806134
2013-11-13,-0.04117721894745907
2013-11-14,-0.024556829292486926
2013-11-15,-0.0230685094958748
2013-11-18,-0.011019048432563183
2013-11-19,-0.0190726359068083
2013-11-20,-0.026011974675567817
2013-11-21,-0.015742720606175098
2013-11-22,-0.004354574458913074
2013-11-25,-0.019033759347579893
2013-11-26,-0.019227435571479434
2013-11-27,-0.023248739787938177
2013-11-29,-0.02403601771839503
2013-12-02,-0.03776388828183175
2013-12-03,-0.039426366108237465
2013-12-04,-0.037078882497947
2013-12-05,-0.04944634232536349
2013-12-06,-0.0209342151883799
2013-12-09,-0.01002572974891447
2013-12-10,-0.0067966771800467285
2013-12-11,-0.020547945205480866
2013-12-12,-0.02184177703866641
2013-12-13,-0.01870326043323911
2013-12-16,-0.008979628305934462
2013-12-17,-0.006219239373603469
2013-12-18,0.019673109933575628
2013-12-19,0.013397257818799302
2013-12-20,0.013801756587200176
2013-12-23,0.03132699228023883
2013-12-24,0.029393314813153326
2013-12-26,0.019831551281283666
2013-12-27,0.024910075969013512
2013-12-30,0.01894306639022525
2013-12-31,0.03242285237697895
2014-01-02,-0.0035572357747796213
2014-01-03,-0.009787588504791556
2014-01-06,-0.028908958355033043
2014-01-07,-0.025230824127627893
2014-01-08,-0.027390127056864944
2014-01-09,-0.03137570394207745
2014-01-10,-0.012641245043381488
2014-01-13,-0.028282466660701555
2014-01-14,-0.016721360381863226
2014-01-15,-0.013975687970767647
2014-01-16,-0.02143347562613973
2014-01-17,-0.019790888722929223
2014-01-21,-0.017014590347925296
2014-01-22,-0.011298249820188455
2014-01-23,-0.03190482628092617
2014-01-24,-0.0459152890068798
2014-01-27,-0.04353160358068042
2014-01-28,-0.04393047762419755
2014-01-29,-0.059198459280999316
2014-01-30,-0.04530798992814755
2014-01-31,-0.046795633848483176
2014-02-03,-0.07829529576152916
2014-02-04,-0.046763935652825994
2014-02-05,-0.03287962369708397
2014-02-06,-0.011726027397261696
2014-02-07,-0.008812645047984957
2014-02-10,-0.012501963247999015
2014-02-11,0.002265967993200446
2014-02-12,0.00430036387694166
2014-02-13,-0.0016415177725882524
2014-02-14,0.008095629624942813
2014-02-18,-0.0019327651215123032
2014-02-19,-0.033024342931647466
2014-02-20,-0.012517141308162727
2014-02-21,-0.0024303279343831363
2014-02-24,-0.000224190113217837
2014-02-25,-0.014993585631817075
2014-02-26,-0.030421367274131472
2014-02-27,-0.03659793814433154
2014-02-28,-0.05827923650809208
2014-03-03,-0.12522753868157754
2014-03-04,-0.08370741581103969
2014-03-05,-0.08501374885426394
2014-03-06,-0.09909198578760547
2014-03-07,-0.10069002035312014
2014-03-10,-0.09476122238144613
2014-03-11,-0.11060898782024542
2014-03-12,-0.11540742497924517
2014-03-13,-0.1488286003187732
2014-03-14,-0.10372280586372384
2014-03-17,-0.06397194794319971
2014-03-18,-0.016610187347463667
2014-03-19,-0.03914043155288449
2014-03-20,-0.059188034188035754
2014-03-21,-0.03605816643058379
2014-03-24,-0.028901734104047838
2014-03-25,0.016584320279007247
2014-03-26,0.021408234778798274
2014-03-27,0.02822757913247198
2014-03-28,0.024926928803836734
2014-03-31,0.07422111938240805
2014-04-01,0.07682453700314595
2014-04-02,0.06518959596697438
2014-04-03,0.04913816689466333
2014-04-04,0.049904484672062654
2014-04-07,0.025478516689062536
2014-04-08,0.02901255821539106
2014-04-09,0.03462656388221785
2014-04-10,0.017895683453236
2014-04-11,0.021891418563921627
2014-04-14,-0.013397708849259282
2014-04-15,-0.041220585353689776
2014-04-16,-0.019790329482243574
2014-04-17,0.030198538952381337
2014-04-21,-0.00788867222123879
2014-04-22,-0.018232992866121567
2014-04-23,-0.019992575701332393
2014-04-24,-0.04437283093703648
2014-04-25,-0.06839048819904592
2014-04-28,-0.022682831443098794
2014-04-29,-0.024176762555373155
2014-04-30,-0.020484636522609345
2014-05-01,-0.017187667848320043
2014-05-02,-0.02905660377358632
2014-05-05,-0.02073911241644144
2014-05-06,0.0001624871364336311
2014-05-07,0.05011356671593736
2014-05-08,0.05022683084899393
2014-05-09,0.04248083774155087
2014-05-12,0.05347007687333716
2014-05-13,0.06645036389058023
2014-05-14,0.07588496760027685
2014-05-15,0.058337626347857
2014-05-16,0.06376129751145077
2014-05-19,0.08852412771734164
2014-05-20,0.09305180456665685
2014-05-21,0.09827123488201717
2014-05-22,0.08174651303820335
2014-05-23,0.08486818345973135
2014-05-27,0.05408588203167519
2014-05-28,0.050338588958094954
2014-05-29,0.05247975708501862
2014-05-30,0.029435950794634902
2014-06-02,0.03149409172841833
2014-06-03,0.03642241379310196
2014-06-04,0.03241266861010783
2014-06-05,0.02981628843697659
2014-06-06,0.03912937148446893
2014-06-09,0.037710426778784445
2014-06-10,0.03615742535866451
2014-06-11,0.039513677811548575
2014-06-12,0.022953499927867993
2014-06-13,0.026894865525670886
2014-06-16,0.010197740563105073
2014-06-17,0.008344459279037153
2014-06-18,0.030821917808217414
2014-06-19,0.020831024930745956
2014-06-20,0.015909414388054932
2014-06-23,0.023994064626116973
2014-06-24,0.041499984250478406
2014-06-25,0.02994848922670812
2014-06-26,0.01834733015793244
2014-06-27,0.020434327168115995
2014-06-30,0.002808068516869877
2014-07-01,-0.004018503808235319
2014-07-02,0.02041862850216547
2014-07-03,0.019101367484261056
2014-07-07,0.013880506940251447
2014-07-08,0.012857562317450055
2014-07-09,0.027068295391447172
2014-07-10,0.007981878977454615
2014-07-11,0.006175881718772036
2014-07-14,-0.0026317004478527695
2014-07-15,-0.011650634859563413
2014-07-16,-0.0002459532996192948
2014-07-17,-0.06518591540618157
2014-07-18,-0.04362726935902361
2014-07-21,-0.06231711282107033
2014-07-22,-0.05105366065609562
2014-07-23,-0.053120622568095244
2014-07-24,-0.04563349476644463
2014-07-25,-0.05657950463522321
2014-07-28,-0.06704896338773902
2014-07-29,-0.08154730789336295
2014-07-30,-0.05354275630733207
2014-07-31,-0.06541519011589103
2014-08-01,-0.05872063166003516
2014-08-04,-0.047132833293009435
2014-08-05,-0.07167440501315159
2014-08-06,-0.088943054851218
2014-08-07,-0.07153811903230756
2014-08-08,-0.040213009505799535
2014-08-11,-0.02081248749249709
2014-08-12,-0.02310026318877667
2014-08-13,-0.0015987882867737335
2014-08-14,0.008062471477104038
2014-08-15,0.005194409664646127
2014-08-18,0.0272357723577219
2014-08-19,0.03595733875063334
2014-08-20,0.034908327549135976
2014-08-21,0.04850822001217647
2014-08-22,0.02918189200162269
2014-08-25,0.04615098738111567
2014-08-26,0.04017533507544324
2014-08-27,0.03204600097516552
2014-08-28,-3.3628140028940656e-05
2014-08-29,-0.021966192919015692
2014-09-02,-0.033369250454577615
2014-09-03,0.023821932316794747
2014-09-04,0.011403273410247827
2014-09-05,0.02970726659768186
2014-09-08,0.012687696426491035
2014-09-09,0.001294498381875231
2014-09-10,0.009956595208904462
2014-09-11,-0.019650040558215176
2014-09-12,-0.01990033277594916
2014-09-15,-0.04146632622608515
2014-09-16,-0.02496516488620726
2014-09-17,-0.03717126043156105
2014-09-18,-0.039677908740811785
2014-09-19,-0.04200668896321247
2014-09-22,-0.05388879556526316
2014-09-23,-0.035934499140808596
2014-09-24,-0.0072456424807478825
2014-09-25,-0.02966302800190035
2014-09-26,-0.029477802347339654
2014-09-29,-0.0532081911262815
2014-09-30,-0.06110122510437499
2014-10-01,-0.07188690251518515
2014-10-02,-0.060123143788484046
2014-10-03,-0.055611396090394005
2014-10-06,-0.03006025984882954
2014-10-07,-0.050051662843034195
2014-10-08,-0.03532785587360965
2014-10-09,-0.05268748672190526
2014-10-10,-0.06345136997276235
2014-10-13,-0.04921259842519832
2014-10-14,-0.04720405376266956
2014-10-15,-0.034892326576293486
2014-10-16,-0.05189551968075601
2014-10-17,-0.029257546517133748
2014-10-20,-0.03835255836060336
2014-10-21,-0.026049018349802555
2014-10-22,-0.04615781330582913
2014-10-23,-0.04584383805427983
2014-10-24,-0.02416502215437455
2014-10-27,-0.03174217201002727
2014-10-28,-0.013877428549997739
2014-10-29,-0.022016244265625207
2014-10-30,0.024582769508342928
2014-10-31,0.008783643989691337
2014-11-03,-0.004746835443039221
2014-11-04,-0.006724593879865237
2014-11-05,-0.013948294787843207
2014-11-06,-0.05069860279441207
2014-11-07,-0.03233920914721378
2014-11-10,-0.012777724802137014
2014-11-11,-0.01805054151624641
2014-11-12,-0.011244979919679765
2014-11-13,-0.04228621860670456
2014-11-14,-0.03213530655391217
2014-11-17,-0.03143550998381095
2014-11-18,-0.025085452754766036
2014-11-19,-0.02076961790097276
2014-11-20,-0.003020446096655416
2014-11-21,0.013599783332042259
2014-11-24,0.017098646034815035
2014-11-25,-0.01190337939844488
2014-11-26,-0.02331264546159917
2014-11-28,-0.07484662576687218
2014-12-01,-0.06485564767448826
2014-12-02,-0.10205008690156547
2014-12-03,-0.07701478302336773
2014-12-04,-0.09411764705882464
2014-12-05,-0.084548163659795
2014-12-08,-0.13108439596975396
2014-12-09,-0.12398112398112504
2014-12-10,-0.13418583066928047
2014-12-11,-0.1743911854927912
2014-12-12,-0.18904515173945313
2014-12-15,-0.2701343363782921
2014-12-16,-0.2514751518860101
2014-12-17,-0.1461186204455468
2014-12-18,-0.1845804886812804
2014-12-19,-0.0931167651067708
2014-12-22,-0.047493282502355405
2014-12-23,-0.053226631926675205
2014-12-24,-0.019357117626281894
2014-12-26,0.005374937569860849
2014-12-29,-0.07786351579455153
2014-12-30,-0.0026237154726345135
2014-12-31,-0.05232144172457087
2015-01-02,-0.045147397341651185
2015-01-05,-0.07331297557068617
2015-01-06,-0.06562847608453959
2015-01-07,-0.02067822539520814
2015-01-08,0.04500843428921786
2015-01-09,0.016320246343339395
2015-01-12,-0.01110882004227165
2015-01-13,-0.01792123950936253
2015-01-14,0.016530843820918406
2015-01-15,-0.028206970894719463
2015-01-16,-0.001301186375814778
2015-01-20,-0.02187228829564747
2015-01-21,0.011868154209762505
2015-01-22,0.06570342205323043
2015-01-23,0.05284769219070662
2015-01-26,-0.02630976893159609
2015-01-27,0.024038094268033383
2015-01-28,-0.006597115679657706
2015-01-29,-0.01142375220424885
2015-01-30,-0.02858095800087379
2015-02-02,-0.015372375917468095
2015-02-03,0.03408276144627531
2015-02-04,-0.012497124894580991
2015-02-05,0.03437221727515438
2015-02-06,0.06747207658992327
2015-02-09,0.06484408588553503
2015-02-10,0.09126614466627925
2015-02-11,0.0872851029753996
2015-02-12,0.12478602793420679
2015-02-13,0.13899005807658082
2015-02-17,0.1341534713763688
2015-02-18,0.13647774452061245
2015-02-19,0.11850063350146867
2015-02-20,0.10261459618487057
2015-02-23,0.047664126473231816
2015-02-24,0.05480356553317778
2015-02-25,0.06684754642840263
2015-02-26,0.048412236826798516
2015-02-27,0.0605913717886557
2015-03-02,0.03206876790830804
2015-03-03,0.05038161003089092
2015-03-04,0.023512703171846505
2015-03-05,0.03190750408926801
2015-03-06,0.0015801655835472328
2015-03-09,-0.015872312125915666
2015-03-10,-0.05945838134917225
2015-03-11,-0.043362773092504026
2015-03-12,-0.054779045298483875
2015-03-13,-0.08249711393304437
2015-03-16,-0.0705355352009106
2015-03-17,-0.06105588393337058
2015-03-18,-0.013628505354858822
2015-03-19,-0.05230720606826933
2015-03-20,-0.01105397875280456
2015-03-23,-0.015319226310886114
2015-03-24,0.00525059665870975
2015-03-25,0.015343698854335841
2015-03-26,-0.010937179574818323
2015-03-27,-0.027440138914276546
2015-03-30,0.012360939431395268
2015-03-31,0.004538265832357835
2015-04-01,0.0443399472416548
2015-04-02,0.09213837916990641
2015-04-06,0.11466697080291821
2015-04-07,0.11452513966480304
2015-04-08,0.12328117591275345
2015-04-09,0.1421060873845037
2015-04-10,0.09953996933128706
2015-04-13,0.10221634138273084
2015-04-14,0.1105482652459644
2015-04-15,0.14944983818770075
2015-04-16,0.13494145498752186
2015-04-17,0.06495295414088198
2015-04-20,0.0448112711597084
2015-04-21,0.04771853585157837
2015-04-22,0.04603543421434697
2015-04-23,0.05940879596250781
2015-04-24,0.057733224222584756
2015-04-27,0.02574313753377777
2015-04-28,0.0320377198815196
2015-04-29,0.02595869025698372
2015-04-30,0.017549438537214135
2015-05-01,0.018438370783184777
2015-05-04,0.015201937656301068
2015-05-05,0.03421889102538822
2015-05-06,0.023298122065726456
2015-05-07,0.022421262147288346
2015-05-08,0.025038971161339463
2015-05-11,0.02517629232472607
2015-05-12,0.03684628342401153
2015-05-13,0.02926857540280392
2015-05-14,0.02540964600401785
2015-05-15,0.04136253041362403
2015-05-18,0.027861750264752905
2015-05-19,0.007893523853421014
2015-05-20,-0.012276528811479781
2015-05-21,0.00017235436056428632
2015-05-22,0.00021049408702866756
2015-05-26,-0.023667279411765718
2015-05-27,-0.03561990118350111
2015-05-28,-0.04254462488256716
2015-05-29,-0.05909929296034566
2015-06-01,-0.08889317392981222
2015-06-02,-0.04842418503990409
2015-06-03,-0.07438577439935001
2015-06-04,-0.11124992679641732
2015-06-05,-0.08706404192263295
2015-06-08,-0.08201930098083865
2015-06-09,-0.06080799666805636
2015-06-10,-0.03999760970460087
2015-06-11,-0.041516462388850206
2015-06-12,-0.053493713733076764
2015-06-15,-0.030880447108376563
2015-06-16,-0.009280742459398139
2015-06-17,-0.0010629816635677747
2015-06-18,0.0024616899501492817
2015-06-19,-0.0036007489557843275
2015-06-22,0.006317745432020905
2015-06-23,0.010234523908177806
2015-06-24,-0.012889544915907769
2015-06-25,-0.020505225390602178
2015-06-26,-0.00880421598561365
2015-06-29,-0.03410306424212062
2015-06-30,-0.0006079792029198838
2015-07-01,-0.022578203834512145
2015-07-02,-0.013360545362735121
2015-07-06,-0.04587638628759161
2015-07-07,-0.028293545534926245
2015-07-08,-0.06386075949367231
2015-07-09,-0.051713197969544655
2015-07-10,-0.01832976626899363
2015-07-13,-0.011287687509284106
2015-07-14,-0.0019943140832536788
2015-07-15,-0.008815345072967107
2015-07-16,0.0076784005104737485
2015-07-17,0.005795125276971236
2015-07-20,-0.007881079003013047
2015-07-21,0.00053485088357208
2015-07-22,-0.01761764768996532
2015-07-23,-0.029704463208686915
2015-07-24,-0.041122828247905474
2015-07-27,-0.0655225532099557
2015-07-28,-0.05258686417601721
2015-07-29,-0.01901687966153598
2015-07-30,-0.025467673121104317
2015-07-31,-0.031385708645875976
2015-08-03,-0.0621529919802607
2015-08-04,-0.047014398021377746
2015-08-05,-0.04488358182503094
2015-08-06,-0.04939422180801656
2015-08-07,-0.041592566245777673
2015-08-10,-0.013768212805776225
2015-08-11,-0.037278887224099666
2015-08-12,-0.025974900657792954
2015-08-13,-0.03699695637470568
2015-08-14,-0.033514615907547674
2015-08-17,-0.03421334365959927
2015-08-18,-0.04141199093469006
2015-08-19,-0.06027927554265333
2015-08-20,-0.05974507531865747
2015-08-21,-0.09392355439399058
2015-08-24,-0.12563807014655182
2015-08-25,-0.09697715123705164
2015-08-26,-0.057653933865452034
2015-08-27,0.004909203565128584
2015-08-28,0.026713456993481044
2015-08-31,0.051428980732037166
2015-09-01,-0.019517795637200686
2015-09-02,-0.007022000671046302
2015-09-03,-0.007516630244232547
2015-09-04,-0.03375009033750298
2015-09-08,-0.0023656640757033776
2015-09-09,-0.020319092187577992
2015-09-10,0.004081632653059053
2015-09-11,0.005504140282511116
2015-09-14,0.016434615103262606
2015-09-15,0.02635239001536971
2015-09-16,0.05110076309822498
2015-09-17,0.058814940990385534
2015-09-18,0.015725639841525973
2015-09-21,0.01623589370221845
2015-09-22,-0.009587449157468897
2015-09-23,-0.03605560382276518
2015-09-24,-0.03125150479125771
2015-09-25,-0.019357010604277636
2015-09-28,-0.03855055692174425
2015-09-29,-0.019583665772106684
2015-09-30,-0.004949414076718228
2015-10-01,-0.023433705682372574
2015-10-02,-0.019622146035453425
2015-10-05,0.011205639280503332
2015-10-06,0.04046032707449809
2015-10-07,0.055403870780677655
2015-10-08,0.08882535258643243
2015-10-09,0.08292472912530546
2015-10-12,0.05380471059406666
2015-10-13,0.04700427960056852
2015-10-14,0.06594943008127974
2015-10-15,0.09383264072534736
2015-10-16,0.08194405199208621
2015-10-19,0.04465103176279839
2015-10-20,0.050466764932966424
2015-10-21,0.02068708165216626
2015-10-22,0.03491960370310032
2015-10-23,0.03732428502181118
2015-10-26,0.01055827755158223
2015-10-27,-0.020500825536600265
2015-10-28,-0.006789192154712742
2015-10-29,-0.026766155531217306
2015-10-30,-0.02204477204477384
2015-11-02,-0.0017220283681532722
2015-11-03,0.03489106409851406
2015-11-04,0.012759924385631338
2015-11-05,0.01357181376954708
2015-11-06,-0.010936339701615339
2015-11-09,-0.024874836498129937
2015-11-10,-0.025218431806382058
2015-11-11,-0.0365404183154342
2015-11-12,-0.054530601130099
2015-11-13,-0.05660506502395768
2015-11-16,-0.012403597500974195
2015-11-17,0.0110345459124086
2015-11-18,0.044307706384242085
2015-11-19,0.03623784080010761
2015-11-20,0.0403722457917044
2015-11-23,0.04461661159849406
2015-11-24,0.024285324107791162
2015-11-25,0.02764537654909227
2015-11-27,-0.01427695939351492
2015-11-30,-0.022823694897567526
2015-12-01,-0.02200394709979081
2015-12-02,-0.04376193507320347
2015-12-03,-0.026988182689238416
2015-12-04,-0.04971717773146933
2015-12-07,-0.08012252136063347
2015-12-08,-0.08906995046525779
2015-12-09,-0.08188452956489567
2015-12-10,-0.07532376618831105
2015-12-11,-0.09718706047820125
2015-12-14,-0.08691358024691531
2015-12-15,-0.058786123083446884
2015-12-16,-0.04829639431028965
2015-12-17,-0.055064824049011585
2015-12-18,-0.06939127105666332
2015-12-21,-0.06681294304865859
2015-12-22,-0.0554516074162289
2015-12-23,-0.010024940094871981
2015-12-24,-0.018570901488133673
2015-12-28,-0.04062763373159661
2015-12-29,-0.015289986801804711
2015-12-30,-0.03470031545741503
2015-12-31,-0.021867136386514052
2016-01-04,-0.03987861929447645
2016-01-05,-0.019160398454972416
2016-01-06,-0.03358942290512945
2016-01-07,-0.06502793868867773
2016-01-08,-0.07567567567567757
2016-01-11,-0.08820865785184029
2016-01-12,-0.07698309492848043
2016-01-13,-0.08767209174743518
2016-01-14,-0.06004667383381146
2016-01-15,-0.12254720473898728
2016-01-19,-0.10283215104805776
2016-01-20,-0.1211852091070581
2016-01-21,-0.1086490737978375
2016-01-22,-0.026898992649062703
2016-01-25,-0.05857706210976199
2016-01-26,-0.022825008269932834
2016-01-27,0.013400149505798042
2016-01-28,0.053317075874298014
2016-01-29,0.07260570413938261
2016-02-01,0.03590584442653233
2016-02-02,-0.01038525963149306
2016-02-03,0.06219294327824665
2016-02-04,0.046800301937429456
2016-02-05,0.039010466222642703
2016-02-08,0.01519986563654463
2016-02-09,-0.02394034536891898
2016-02-10,-0.009361773691736519
2016-02-11,-0.013655992372836101
2016-02-12,0.009547541717995323
2016-02-16,0.03497148607849465
2016-02-17,0.06961445582479575
2016-02-18,0.04513083802583395
2016-02-19,0.040760944053066295
2016-02-22,0.07023456823679464
2016-02-23,0.037142392717812944
2016-02-24,0.04646464646464388
2016-02-25,0.053152138951428896
2016-02-26,0.023938161977102634
2016-02-29,0.049186894176077134
2016-03-01,0.08819300207700675
2016-03-02,0.0806203605514293
2016-03-03,0.0891508565113257
2016-03-04,0.11743623283191384
2016-03-07,0.13028690120731934
2016-03-08,0.08446887581294305
2016-03-09,0.10336796847008012
2016-03-10,0.08374733853796767
2016-03-11,0.09513890631665878
2016-03-14,0.08912071535022115
2016-03-15,0.04135227104601036
2016-03-16,0.07555338143573209
2016-03-17,0.0924914427208483
2016-03-18,0.08019072388382953
2016-03-21,0.08837642340471019
2016-03-22,0.084516388974472
2016-03-23,0.04119973632168539
2016-03-24,0.03636363636363438
2016-03-28,0.01853447272219033
2016-03-29,0.02072874493926924
2016-03-30,0.019924076843435223
2016-03-31,0.02659611023297148
2016-04-01,0.017519846701339326
2016-04-04,-0.00785143715436798
2016-04-05,-0.011073718677522604
2016-04-06,0.019412846536337458
2016-04-07,-0.0018577254191229908
2016-04-08,0.02425132783365158
2016-04-11,0.043475324207490784
2016-04-12,0.06953597848015924
2016-04-13,0.05935553024720108
2016-04-14,0.04377096896038224
2016-04-15,0.025866081521375817
2016-04-18,0.023154399557275607
2016-04-19,0.05034764374792888
2016-04-20,0.08105552501374191
2016-04-21,0.0470505617977508
2016-04-22,0.049793438107934795
2016-04-25,0.03877066498224635
2016-04-26,0.04751891434888944
2016-04-27,0.04644236787016687
2016-04-28,0.05270618556700857
2016-04-29,0.05033679033465033
2016-05-02,0.03575611729880368
2016-05-03,0.002100572883511953
2016-05-04,-0.023679532757746702
2016-05-05,-0.013476405728530372
2016-05-06,-0.01946902654867433
2016-05-09,-0.03964358688096559
2016-05-10,-0.022875197472355557
2016-05-11,-0.00048459820488133687
2016-05-12,-0.003434832999685722
2016-05-13,-0.007121486663016152
2016-05-16,0.007614800479604389
2016-05-17,0.0021424070573390352
2016-05-18,-0.017321841496743207
2016-05-19,-0.036896398962092736
2016-05-20,-0.03701902748414532
2016-05-23,-0.0431067384758933
2016-05-24,-0.03125664017678964
2016-05-25,-0.008961641619483096
2016-05-26,-0.004883666375212314
2016-05-27,0.0026287106494822243
2016-05-31,-0.025141582289344377
2016-06-01,-0.027555919140601404
2016-06-02,-0.02636404824060068
2016-06-03,-0.005911797704325483
2016-06-06,0.010700032358966993
2016-06-07,0.03620503984492607
2016-06-08,0.047678337590964626
2016-06-09,0.025850427625231154
2016-06-10,-0.0045919790571441466
2016-06-13,-0.018721117678669352
2016-06-14,-0.024139193350418697
2016-06-15,-0.013769586049123483
2016-06-16,-0.023414338577396943
2016-06-17,-0.0009744056125784439
2016-06-20,0.017557136370514037
2016-06-21,0.02503128911138708
2016-06-22,-0.0007111915691492277
2016-06-23,0.033748925193463064
2016-06-24,-0.025463311737232708
2016-06-27,-0.03703384164096557
2016-06-28,-0.007966837230392598
2016-06-29,0.013084434480823859
2016-06-30,0.00903750564843886
2016-07-01,0.02094915108716444
2016-07-05,0.0035390258027134802
2016-07-06,0.005747989276137622
2016-07-07,-0.008897485493231772
2016-07-08,0.02182193814965272
2016-07-11,0.0252281728947803
2016-07-12,0.04709141274238049
2016-07-13,0.039928920099338905
2016-07-14,0.05776650395412597
2016-07-15,0.053566878980889854
2016-07-18,0.056810259227175974
2016-07-19,0.032105163369776646
2016-07-20,0.030948426297750853
2016-07-21,0.022239022239020745
2016-07-22,0.023649922493609532
2016-07-25,0.0031847133757947343
2016-07-26,0.003092481925695223
2016-07-27,-0.006499593775390666
2016-07-28,-0.008630550067590281
2016-07-29,-0.0018074166406996106
2016-08-01,-0.02871509308510789
2016-08-02,-0.03542676457739746
2016-08-03,-0.014199288996072479
2016-08-04,-0.00016610950769457844
2016-08-05,0.001968177674648297
2016-08-08,0.017228898219196154
2016-08-09,0.013610640670823182
2016-08-10,0.0021484939883467113
2016-08-11,0.01872303531985864
2016-08-12,0.01982160555004775
2016-08-15,0.04107525994388328
2016-08-16,0.03815455689153602
2016-08-17,0.03884174973226617
2016-08-18,0.03576790966494392
2016-08-19,0.023811480461846557
2016-08-22,0.014640657084187048
2016-08-23,0.02336161318086627
2016-08-24,0.012032660077351043
2016-08-25,0.01723574579316911
2016-08-26,0.004118834492178536
2016-08-29,0.01109527687296219
2016-08-30,0.0033707637013402625
2016-08-31,-0.009702837928172503
2016-09-01,-0.013534017114767982
2016-09-02,0.007311211197057688
2016-09-06,0.03524104877360967
2016-09-07,0.04105736782901981
2016-09-08,0.03912494741270356
2016-09-09,0.010657016035508393
2016-09-12,0.017488171527817897
2016-09-13,-0.012756018684873749
2016-09-14,-0.010609602589464084
2016-09-15,0.002158273381293485
2016-09-16,-0.013563797863403337
2016-09-19,-0.007768078801955625
2016-09-20,0.0013011189623060027
2016-09-21,0.019107771026541265
2016-09-22,0.02606682367969171
2016-09-23,0.011821226377480398
2016-09-26,0.006932409012130103
2016-09-27,-0.0002786291446100764
2016-09-28,0.019056892474612397
2016-09-29,0.012499999999998401
2016-09-30,0.009663366336632118
2016-10-03,0.019393317007660782
2016-10-04,0.0019534718522449257
2016-10-05,0.01004578826872815
2016-10-06,0.026441975649701632
2016-10-07,0.018415442918046976
2016-10-10,0.03434009102192648
2016-10-11,0.021062992125982616
2016-10-12,0.010119269840644485
2016-10-13,0.0032371983519703385
2016-10-14,-0.0035684875102952596
2016-10-17,-0.012809965918440747
2016-10-18,-0.004577733435062181
2016-10-19,0.005958544161602131
2016-10-20,-0.0003711227439657794
2016-10-21,-0.0009378113826870038
2016-10-24,0.0006639846892926293
2016-10-25,0.008993016269359888
2016-10-26,-0.007213178672386578
2016-10-27,-0.0029831539541427254
2016-10-28,-0.011663513487158217
2016-10-31,-0.00590988882387522
2016-11-01,-0.002966143038346858
2016-11-02,-0.02513475509725971
2016-11-03,-0.03260827041195713
2016-11-04,-0.048770435499383424
2016-11-07,-0.01092488161436922
2016-11-08,-0.007343387014216107
2016-11-09,0.012132910519782714
2016-11-10,0.00033504138746365264
2016-11-11,-0.006409750710005269
2016-11-14,-0.012315708449288643
2016-11-15,0.011693945967262698
2016-11-16,0.0034115559061307366
2016-11-17,0.012267760640603642
2016-11-18,0.01252218497337565
2016-11-21,0.03279366580004495
2016-11-22,0.044198895027621976
2016-11-23,0.038142001374838364
2016-11-25,0.03470384095053003
2016-11-28,0.02843212124772143
2016-11-29,0.016506620249943982
2016-11-30,0.04946748332227768
2016-12-01,0.050326822815343064
2016-12-02,0.05835867438842279
2016-12-05,0.06830395839352565
2016-12-06,0.06149517684887251
2016-12-07,0.06871144619602254
2016-12-08,0.08734392735527607
2016-12-09,0.09264761188416504
2016-12-12,0.11559194941336459
2016-12-13,0.12727978269305207
2016-12-14,0.06470080921885413
2016-12-15,0.08355500491928525
2016-12-16,0.06255994498633499
2016-12-19,0.04973558297657843
2016-12-20,0.06129193611775885
2016-12-21,0.04546665955972329
2016-12-22,0.0333592755058707
2016-12-23,0.02748336209021285
2016-12-27,0.04018279231011501
2016-12-28,0.03632850577913782
2016-12-29,0.03609103171583561
2016-12-30,0.03365161290322405
2017-01-03,0.053105818386990356
2017-01-04,0.05328370385478132
2017-01-05,0.03966374615202284
2017-01-06,0.02793493635077615
2017-01-09,0.01652684563758222
2017-01-10,0.0183564532052658
2017-01-11,0.029466728959485433
2017-01-12,0.027590343379815252
2017-01-13,0.01439640089977301
2017-01-17,0.002461661288710948
2017-01-18,-0.0004987282429823603
2017-01-19,-0.011579996677190785
2017-01-20,-0.012133787036270438
2017-01-23,-0.009558896744002676
2017-01-24,-0.0015914064054126653
2017-01-25,-0.0020194329035160274
2017-01-26,-0.0002313475997705039
2017-01-27,0.026940579041085044
2017-01-30,0.010257001267717447
2017-01-31,-0.006352759171180722
2017-02-01,-0.0006579704900253613
2017-02-02,0.0075687771488728295
2017-02-03,0.013743046183216867
2017-02-06,0.011998222485555932
2017-02-07,0.0017777777777761017
2017-02-08,-0.005021154700954766
2017-02-09,-0.007988404460331222
2017-02-10,0.0014010681083918008
2017-02-13,0.002457731958761311
2017-02-14,0.005179125156691722
2017-02-15,0.0010222757176525654
2017-02-16,-0.004714726100790934
2017-02-17,-0.02057470695880237
2017-02-21,-0.009936721376311297
2017-02-22,-0.027072479060873067
2017-02-23,-0.02382798963713595
2017-02-24,-0.039837344617827064
2017-02-27,-0.048301574150788285
2017-02-28,-0.06333349982518488
2017-03-01,-0.04378037984198413
2017-03-02,-0.05549969837120583
2017-03-03,-0.03432459677419497
2017-03-06,-0.03782745018711564
2017-03-07,-0.04619786023835459
2017-03-08,-0.0678104575163414
2017-03-09,-0.07417422556905828
2017-03-10,-0.0631513775668161
2017-03-13,-0.038978749848954664
2017-03-14,-0.04815348054606494
2017-03-15,-0.02115545340576852
2017-03-16,-0.006813774306831277
2017-03-17,0.01810382561498547
2017-03-20,0.018244333730964346
2017-03-21,0.019406733521837083
2017-03-22,0.025714536980034897
2017-03-23,0.02455251069222042
2017-03-24,0.03064081567964294
2017-03-27,0.02146769279537697
2017-03-28,0.02063053389427516
2017-03-29,0.022319859402458064
2017-03-30,0.02959608194217478
2017-03-31,0.00941708754208559
2017-04-03,0.02195780176643569
2017-04-04,0.029642332190100706
2017-04-05,0.03552103333914958
2017-04-06,0.029877221661853248
2017-04-07,-0.008083401273224378
2017-04-10,-0.035959378899211636
2017-04-11,-0.0289837496968246
2017-04-12,-0.04449563530553058
2017-04-13,-0.04054077476384643
2017-04-17,-0.03136329730948906
2017-04-18,-0.044491599123388625
2017-04-19,-0.05076673470456028
2017-04-20,-0.03001800730782178
2017-04-21,-0.024214178084593696
2017-04-24,0.0031213832287009247
2017-04-25,0.014405530600784422
2017-04-26,0.003687315634216537
2017-04-27,0.0068341531974684955
2017-04-28,0.008614324390842532
2017-05-01,0.011456023651143843
2017-05-02,0.005897264373479816
2017-05-03,-0.010740740740742716
2017-05-04,-0.03075779563232428
2017-05-05,-0.01279980116813928
2017-05-08,-0.012627117134768495
2017-05-09,-0.006883269731447372
2017-05-10,0.010885250574546923
2017-05-11,0.009223482487845436
2017-05-12,0.0008183160478874019
2017-05-15,0.018523122824463556
2017-05-16,0.012613763372184339
2017-05-17,-0.009058195805932812
2017-05-18,-0.025548803174998636
2017-05-19,-0.020183583782253156
2017-05-22,-0.017369727047148342
2017-05-23,-0.0045415838773792405
2017-05-24,-0.00737450022212538
2017-05-25,-0.024090593451206455
2017-05-26,-0.01487585616438547
2017-05-30,-0.011649930314835966
2017-05-31,-0.037805861790805806
2017-06-01,-0.042518750337238065
2017-06-02,-0.034030281182409805
2017-06-05,-0.0363078588829755
2017-06-06,-0.03194316394598551
2017-06-07,-0.046336734139138525
2017-06-08,-0.043806893544344305
2017-06-09,-0.039658661998798084
2017-06-12,-0.035935813221599666
2017-06-13,-0.02851637764932724
2017-06-14,-0.057272542760671286
2017-06-15,-0.05638114320699261
2017-06-16,-0.05029255021801715
2017-06-19,-0.04201020808794853
2017-06-20,-0.05660519100026451
2017-06-21,-0.06771531619993731
2017-06-22,-0.04603439766126438
2017-06-23,-0.02436374034887201
2017-06-26,-0.01998661183896122
2017-06-27,-0.017565077171160293
2017-06-28,0.0019639556377064604
2017-06-29,-0.010420284821120007
2017-06-30,0.004887566648634545
2017-07-03,0.009439619320268378
2017-07-05,0.00863771933222135
2017-07-06,0.009619300661325214
2017-07-07,0.011699650756691993
2017-07-10,0.021846261301460945
2017-07-11,0.0199080272425618
2017-07-12,0.04558404558404372
2017-07-13,0.047702940777881286
2017-07-14,0.059803997222006355
2017-07-17,0.045881086070300725
2017-07-18,0.0407001265288891
2017-07-19,0.05611689427943656
2017-07-20,0.047104687648567234
2017-07-21,0.027755163861487242
2017-07-24,0.012344280860700385
2017-07-25,0.010113565738175456
2017-07-26,0.026342470897482206
2017-07-27,0.019787708033021323
2017-07-28,0.010856769130148658
2017-07-31,0.007213958170225077
2017-08-01,0.006902839281060835
2017-08-02,0.01372050277566128
2017-08-03,0.007763428507900461
2017-08-04,0.01013051355048411
2017-08-07,0.014548874260107425
2017-08-08,0.019811268693778805
2017-08-09,0.013580473481370925
2017-08-10,-0.003320613487930113
2017-08-11,-0.00570516583504721
2017-08-14,-0.003964757709252864
2017-08-15,-0.0005506304718920774
2017-08-16,0.0007707129094394194
2017-08-17,-3.6727573227257615e-05
2017-08-18,0.006006502452194251
2017-08-21,0.0033787505967886045
2017-08-22,0.00873026062395521
2017-08-23,0.017412798681678998
2017-08-24,0.01953682361979836
2017-08-25,0.03082542001460742
2017-08-28,0.03527054108216254
2017-08-29,0.029138567247739777
2017-08-30,0.03560809340778692
2017-08-31,0.05068324777673161
2017-09-01,0.05629693662542379
2017-09-05,0.04013792360325219
2017-09-06,0.053289179271456266
2017-09-07,0.05629505388623035
2017-09-08,0.04990662516673883
2017-09-11,0.05987006319814303
2017-09-12,0.053774050320668954
2017-09-13,0.04294510815220076
2017-09-14,0.04279251742266599
2017-09-15,0.039025408253767546
2017-09-18,0.025499333067713348
2017-09-19,0.020385265992334256
2017-09-20,0.01836566240197901
2017-09-21,0.01999383223684026
2017-09-22,0.01465389147922136
2017-09-25,0.031352068590090765
2017-09-26,0.023130797537687542
2017-09-27,0.016524312896404103
2017-09-28,0.015026562104728747
2017-09-29,0.021272302285299416
2017-10-02,0.011096748199504791
2017-10-03,0.011500997535498714
2017-10-04,0.013567771940975915
2017-10-05,0.017837458663190864
2017-10-06,0.011094242671959131
2017-10-09,0.008498300339930376
2017-10-10,0.01363636363636167
2017-10-11,0.022746545617796432
2017-10-12,0.016770165709160345
2017-10-13,0.02613913245263455
2017-10-16,0.02604278694220441
2017-10-17,0.017505036826632292
2017-10-18,0.013862332695983026
2017-10-19,0.0025021399881461903
2017-10-20,0.000772886484351698
2017-10-23,-0.005290396779760176
2017-10-24,-0.00489632282869612
2017-10-25,-0.016914049016225285
2017-10-26,-0.018004242095399525
2017-10-27,-0.009749921901976433
2017-10-30,-0.008700801000018354
2017-10-31,-0.016634582161016875
2017-11-01,-0.008951490818141838
2017-11-02,-0.006039859783093515
2017-11-03,-0.012204160284600918
2017-11-06,0.007062425918607396
2017-11-07,0.013454832554771645
2017-11-08,0.02272391186473932
2017-11-09,0.028039531142264318
2017-11-10,0.024633854328963256
2017-11-13,0.020249885223320607
2017-11-14,0.004019754220740079
2017-11-15,-0.008786480316643641
2017-11-16,0.002628725396771392
2017-11-17,0.015990018551046425
2017-11-20,0.006974416200336009
2017-11-21,0.022711631108050412
2017-11-22,0.03691834799385041
2017-11-24,0.031731537495717665
2017-11-27,0.018173535297657084
2017-11-28,0.020215305178039156
2017-11-29,-0.00027574125738161204
2017-11-30,-0.008198182142222232
2017-12-01,-0.02191874027993934
2017-12-04,-0.006345609065157354
2017-12-05,-0.008392761849320252
2017-12-06,-0.013358994679046221
2017-12-07,-0.015486940479660039
2017-12-08,-0.012473069509016277
2017-12-11,0.0072758503346226355
2017-12-12,0.005576268438967524
2017-12-13,0.00928807624975514
2017-12-14,0.012662737223911869
2017-12-15,0.007405131853383429
2017-12-18,0.004797673855098994
2017-12-19,-0.006754463925023768
2017-12-20,-0.007157976377063502
2017-12-21,-0.008684261595188758
2017-12-22,0.0036264732547584
2017-12-26,0.011421073094866285
2017-12-27,0.011859628657527432
2017-12-28,0.009887028542715282
2017-12-29,0.010982602779666006
2018-01-02,0.02524337785827324
2018-01-03,0.04185941554778139
2018-01-04,0.0687451836629831
2018-01-05,0.06479157006028058
2018-01-08,0.06948467390266244
2018-01-09,0.06656214367160596
2018-01-10,0.0630230249160777
2018-01-11,0.07008048195039107
2018-01-12,0.07699030793001538
2018-01-16,0.05489586571339555
2018-01-17,0.06710288180425805
2018-01-18,0.07751937984495894
2018-01-19,0.062819375172116
2018-01-22,0.07121034791992598
2018-01-23,0.060641302541947883
2018-01-24,0.06165616561655929
2018-01-25,0.05533773610220538
2018-01-26,0.03787126143625841
2018-01-29,0.020882834752576684
2018-01-30,0.014512125262552633
2018-01-31,0.022077732320278542
2018-02-01,0.02266976879453031
2018-02-02,-0.0027839401452888213
2018-02-05,-0.034755752751317814
2018-02-06,-0.010079506451755038
2018-02-07,-0.03812380455573139
2018-02-08,-0.06716136152416541
2018-02-09,-0.06304025146250081
2018-02-12,-0.0383314872034064
2018-02-13,-0.021103327495623492
2018-02-14,0.004258608368455263
2018-02-15,0.014840299138444424
2018-02-16,0.0011528134485159214
2018-02-20,0.004671737448353808
2018-02-21,0.019557438107060676
2018-02-22,0.0414337628978807
2018-02-23,0.03751367914204273
2018-02-26,0.06404242300632124
2018-02-27,0.031608986212016355
2018-02-28,0.012968865988383538
2018-03-01,0.011146195596814845
2018-03-02,0.013797319128497465
2018-03-05,0.02474058766172238
2018-03-06,0.005848974247052663
2018-03-07,-0.0020339672531282105
2018-03-08,-0.001975366023705627
2018-03-09,0.014097363083162895
2018-03-12,0.007779349363506549
2018-03-13,-0.010936353301772672
2018-03-14,-0.026028342292104822
2018-03-15,-0.03829236739974251
2018-03-16,-0.022019588948497426
2018-03-19,-0.03362724757953095
2018-03-20,-0.02394579398832397
2018-03-21,0.0010375237765849477
2018-03-22,-0.022684964717088807
2018-03-23,-0.025453650913091597
2018-03-26,-0.027281170188067305
2018-03-27,-0.029648417001925664
2018-03-28,-0.02997558086826979
2018-03-29,-0.006661201065793709
2018-04-02,-0.019316231794783367
2018-04-03,-0.014752339950337423
2018-04-04,-0.0009420631182307515
2018-04-05,0.0025926198718400073
2018-04-06,-0.018500486854918896
2018-04-09,-0.13390800326967534
2018-04-10,-0.11852473260029506
2018-04-11,-0.09336108974069024
2018-04-12,-0.0809990592091302
2018-04-13,-0.08998076746955008
2018-04-16,-0.0743535474371968
2018-04-17,-0.0679189414268545
2018-04-18,-0.02487238979118489
2018-04-19,-0.03301703654237542
2018-04-20,-0.042859375000001365
2018-04-23,-0.032883893955329535
2018-04-24,-0.02903759754079127
2018-04-25,-0.027593085106384585
2018-04-26,-0.008543615314987818
2018-04-27,-0.00242057488653713
2018-04-30,-0.00838185424531479
2018-05-01,-0.011756769779321052
2018-05-02,-0.017250560764254574
2018-05-03,0.0016699362830121522
2018-05-04,0.016641969679697555
2018-05-07,0.0061627488802415975
2018-05-08,0.011751283513974586
2018-05-09,0.00856813045669469
2018-05-10,0.04205357576936031
2018-05-11,0.03518497567598011
2018-05-14,0.03456106163335493
2018-05-15,0.017048832612921005
2018-05-16,0.03307916573222558
2018-05-17,0.013709599923122262
2018-05-18,0.014194043942326262
2018-05-21,0.025322518840207975
2018-05-22,0.021386454183265347
2018-05-23,0.011822738483569406
2018-05-24,0.01016712206900805
2018-05-25,0.0010321228384952974
2018-05-29,-0.017699958689505135
2018-05-30,0.0059361310392980204
2018-05-31,-0.005613701236918511
2018-06-01,0.003798670465335663
2018-06-04,0.007933623073882456
2018-06-05,-0.002874834144185323
2018-06-06,0.0044630184513467785
2018-06-07,-0.011254551473023677
2018-06-08,-0.023440578842002235
2018-06-11,-0.03025372049669972
2018-06-12,-0.033060991829756525
2018-06-13,-0.02534035733553519
2018-06-14,-0.030964378248638513
2018-06-15,-0.04466279589102429
2018-06-18,-0.04988321121172512
2018-06-19,-0.045056320400502226
2018-06-20,-0.029677315522653958
2018-06-21,-0.032986195204651736
2018-06-22,-0.009818511209603531
2018-06-25,-0.006060115044966619
2018-06-26,-0.01287149604765725
2018-06-27,-0.013077098021379907
2018-06-28,0.0039037720197123704
2018-06-29,0.025806136884724218
2018-07-02,0.023148750650700878
2018-07-03,0.017667844522966547
2018-07-05,0.04157648934958247
2018-07-06,0.05495041456673522
2018-07-09,0.072915653273663
2018-07-10,0.07715795085542387
2018-07-11,0.03906778841504521
2018-07-12,0.045664154763241926
2018-07-13,0.044667318198566175
2018-07-16,0.04097863234213639
2018-07-17,0.03172431348839999
2018-07-18,0.017025728824842767
2018-07-19,-0.017514714258592856
2018-07-20,-0.0160034123761843
2018-07-23,-0.011776390465381703
2018-07-24,-0.014126429178873301
2018-07-25,0.007590759075906339
2018-07-26,0.0010349045065374263
2018-07-27,-0.0018930208545203664
2018-07-30,0.005933050212339364
2018-07-31,0.019887780548627054
2018-08-01,0.007704519985056502
2018-08-02,-0.011695542629631905
2018-08-03,-0.013225455111250728
2018-08-06,-0.015578993285455311
2018-08-07,-0.006836486233378292
2018-08-08,-0.044721373148367105
2018-08-09,-0.04850095115317621
2018-08-10,-0.08072315812762865
2018-08-13,-0.07072856938642746
2018-08-14,-0.04137568162250227
2018-08-15,-0.06328708302624564
2018-08-16,-0.05597477193377798
2018-08-17,-0.044115512987956906
2018-08-20,-0.043526046128236184
2018-08-21,-0.03184734011533885
2018-08-22,-0.04339208837625064
2018-08-23,-0.058156051527373576
2018-08-24,-0.028000786446900294
2018-08-27,-0.016369194359532546
2018-08-28,-0.018775779574329632
2018-08-29,0.0007619552434094956
2018-08-30,-0.016105417276722322
2018-08-31,0.007372318777727482
2018-09-04,-0.008266952272577122
2018-09-05,-0.009184478734659551
2018-09-06,-0.017655688774221745
2018-09-07,-0.02805397727272929
2018-09-10,-0.03007901251314249
2018-09-11,-0.011324913113505364
2018-09-12,-0.002016846601022193
2018-09-13,0.01254577512545585
2018-09-14,0.01896183929841011
2018-09-17,0.025489765216948568
2018-09-18,0.04220647773279196
2018-09-19,0.05111294311623893
2018-09-20,0.0565372803705364
2018-09-21,0.05677827206742947
2018-09-24,0.0687618540578292
2018-09-25,0.07188297273118649
2018-09-26,0.05331219343011262
2018-09-27,0.07730365889739788
2018-09-28,0.07463126360763983
2018-10-01,0.08347845900945416
2018-10-02,0.055380773222623914
2018-10-03,0.058065973791231684
2018-10-04,0.02164717991604692
2018-10-05,0.02841636782786705
2018-10-08,0.027595541401272072
2018-10-09,0.02065088288858785
2018-10-10,-0.015599096894392206
2018-10-11,-0.014374783512298484
2018-10-12,0.002040495997486902
2018-10-15,-0.007578841877800779
2018-10-16,0.017276089704572284
2018-10-17,-0.001480050477512873
2018-10-18,-0.021993084327592838
2018-10-19,-0.02093555773634448
2018-10-22,-0.030054091128744687
2018-10-23,-0.02828774822030866
2018-10-24,-0.03058223571004115
2018-10-25,-0.021122349920146832
2018-10-26,-0.039036727512647196
2018-10-29,-0.03581054456616117
2018-10-30,-0.01921617005124443
2018-10-31,-0.004895437262358748
2018-11-01,0.004792661831684253
2018-11-02,0.0065388522092417745
2018-11-05,0.02175672458938216
2018-11-06,0.01869900631765975
2018-11-07,0.03317467872441604
2018-11-08,0.009493771198528123
2018-11-09,-0.008447980726559057
2018-11-12,-0.019875539751080473
2018-11-13,-0.030121823213207555
2018-11-14,-0.008192932400339026
2018-11-15,0.014271135631596321
2018-11-16,0.0059940378453338106
2018-11-19,0.01121769336180134
2018-11-20,-0.021924229861599476
2018-11-21,0.002358678502556444
2018-11-23,-0.014599936244821254
2018-11-26,-0.03516865950415993
2018-11-27,-0.023115481625747725
2018-11-28,0.0030450378636892594
2018-11-29,0.007454128440365526
2018-11-30,-0.006261650972708477
2018-12-03,0.024390243902437492
2018-12-04,0.005223096276949946
2018-12-06,0.012237678665326657
2018-12-07,0.016560935955878486
2018-12-10,0.003879867797095704
2018-12-11,0.0025884383088852214
2018-12-12,-0.0017097567990812523
2018-12-13,0.004118971215094636
2018-12-14,-0.014567444235250915
2018-12-17,-0.016777344997128574
2018-12-18,-0.02775600313555049
2018-12-19,-0.02763130479380893
2018-12-20,-0.02973637283724717
2018-12-21,-0.03708766907377503
2018-12-24,-0.039698152149377886
2018-12-26,-0.024761505060452826
2018-12-27,-0.038007397955064914
2018-12-28,-0.027076833546177848
2018-12-31,-0.028596889176929707
2019-01-02,-0.007270248778827093
2019-01-03,-0.00440149423420666
2019-01-04,0.029485387341112057
2019-01-07,0.030291703908343015
2019-01-08,0.030067611493951985
2019-01-09,0.0482262361120116
2019-01-10,0.05464835325214268
2019-01-11,0.04697367142718156
2019-01-14,0.04005109465446255
2019-01-15,0.043099132849966804
2019-01-16,0.05207981061886868
2019-01-17,0.052596089008764224
2019-01-18,0.05864577504196822
2019-01-22,0.04212136177534043
2019-01-23,0.05494505494505342
2019-01-24,0.056905824645520076
2019-01-25,0.047265710789695214
2019-01-28,0.03266319883780744
2019-01-29,0.03913556846782318
2019-01-30,0.059289452962155265
2019-01-31,0.05289966247314992
2019-02-01,0.038362898055138706
2019-02-04,0.03392173543172983
2019-02-05,0.04399527973614803
2019-02-06,0.023841838581250885
2019-02-07,0.009114289581733992
2019-02-08,0.00486464573667722
2019-02-11,0.007405630677898678
2019-02-12,0.008273984080434449
2019-02-13,-0.027411395244505643
2019-02-14,-0.02382518235083242
2019-02-15,-0.012144841803353623
2019-02-19,-0.0110490638158105
2019-02-20,0.001775642364736374
2019-02-21,-0.010781068265188987
2019-02-22,-0.0011030781843944792
2019-02-25,-0.0005068045970173518
2019-02-26,0.0016689266715328444
2019-02-27,-0.0047808408918295076
2019-02-28,-0.01099539623653678
2019-03-01,-0.014807075154863791
2019-03-04,-0.01206765062132864
2019-03-05,-0.004101673602588396
2019-03-06,-0.004211315099289847
2019-03-07,-0.012603464074871229
2019-03-08,-0.02282204525268483
2019-03-11,-0.005001732527834868
2019-03-12,-0.0007536135771037955
2019-03-13,0.004116529449016859
2019-03-14,0.0016749660479840056
2019-03-15,0.014266560207292889
2019-03-18,0.03232642019837506
2019-03-19,0.030736690517976673
2019-03-20,0.041467758107236685
2019-03-21,0.038752857164197296
2019-03-22,0.008985476961653305
2019-03-25,0.024955277280857002
2019-03-26,0.022529297020413175
2019-03-27,0.007204739646906377
2019-03-28,0.008389860764011159
2019-03-29,-0.0018287243532577602
2019-04-01,0.018446241745193825
2019-04-02,0.01897356143079132
2019-04-03,0.01350391953852803
2019-04-04,0.00995539275058177
2019-04-05,0.016623192890930616
2019-04-08,0.027519163558399118
2019-04-09,0.02324253075570981
2019-04-10,0.0329527536062586
2019-04-11,0.013098846019347521
2019-04-12,0.012923577897627103
2019-04-15,0.011567153348231773
2019-04-16,0.018397703549058564
2019-04-17,0.02252884879899053
2019-04-18,0.018334683954617015
2019-04-22,0.031030495736376063
2019-04-23,0.02838484603851721
2019-04-24,0.010455821991788739
2019-04-25,-7.197040577111569e-05
2019-04-26,-0.0036088625612880065
2019-04-29,0.0016799483092806433
2019-04-30,-0.0026949154971995792
2019-05-01,-0.015667330820064218
2019-05-02,-0.010419204586171849
2019-05-03,-0.0033225446108920975
2019-05-06,-0.008158007728640837
2019-05-07,-0.0201162590916919
2019-05-08,-0.02109970758557611
2019-05-09,-0.040463673187970395
2019-05-10,-0.026616188515742878
2019-05-13,-0.0316915623738413
2019-05-14,-0.006895954757922262
2019-05-15,-0.005730617665316573
2019-05-16,0.0006933310222281275
2019-05-17,0.00017350568230911634
2019-05-20,0.003313414263595549
2019-05-21,0.0235079542000185
2019-05-22,0.03176027793861991
2019-05-23,0.01651636437328796
2019-05-24,0.022923506356389955
2019-05-28,0.012677257549254417
2019-05-29,0.026905246739740596
2019-05-30,0.02697634160415263
2019-05-31,0.024913953253933308
2019-06-03,0.04609373877820544
2019-06-04,0.03863522328148328
2019-06-05,0.03526415931102389
2019-06-06,0.04189900315169326
2019-06-07,0.043643236790493534
2019-06-10,0.04631724840187612
2019-06-11,0.057018222753815184
2019-06-12,0.03995630435695796
2019-06-13,0.05096633851130705
2019-06-14,0.044517884914461625
2019-06-17,0.04070539419086927
2019-06-18,0.05304959462621461
2019-06-19,0.05277576122837346
2019-06-20,0.06977568208454654
2019-06-21,0.06072693231307502
2019-06-24,0.06229760362694092
2019-06-25,0.04400564174893984
2019-06-26,0.050911762741297606
2019-06-27,0.0429631402584949
2019-06-28,0.03212138866085623
2019-07-01,0.04035732637653444
2019-07-02,0.03715613187736033
2019-07-03,0.03734873631112379
2019-07-05,0.03154155443650497
2019-07-08,0.03327761147610864
2019-07-09,0.020507522438171888
2019-07-10,0.03020907044065413
2019-07-11,0.019145386885664584
2019-07-12,0.013381777243300697
2019-07-15,0.005400436631044725
2019-07-16,-0.0031222123104391875
2019-07-17,-0.007468003358695241
2019-07-18,-0.00227451777681964
2019-07-19,-0.013437138829269113
2019-07-22,-0.019562233068946555
2019-07-23,-0.01206626911976183
2019-07-24,-0.02265899485717382
2019-07-25,-0.017254552400358558
2019-07-26,-0.009989297181593026
2019-07-29,-0.006487299422645032
2019-07-30,-0.008527398569846079
2019-07-31,-0.013180055118915845
2019-08-01,-0.034945720971270466
2019-08-02,-0.048319651103131744
2019-08-05,-0.057486063009361876
2019-08-06,-0.04177970699945921
2019-08-07,-0.034498393615920664
2019-08-08,-0.026759373578532197
2019-08-09,-0.02897927258506261
2019-08-12,-0.0297890703665461
2019-08-13,-0.02230176211453938
2019-08-14,-0.051949932216330486
2019-08-15,-0.04996961128874744
2019-08-16,-0.055312201338007516
2019-08-19,-0.04526376100947582
2019-08-20,-0.032021383227532785
2019-08-21,-0.01561180869169232
2019-08-22,-0.008149291803720926
2019-08-23,-0.022216836322509814
2019-08-26,-0.013613159387409701
2019-08-27,-0.017537202179277123
2019-08-28,-0.006552296022404924
2019-08-29,0.0081876762530122
2019-08-30,0.018414273447187934
2019-09-03,0.030311695739203115
2019-09-04,0.0441374251130926
2019-09-05,0.04151296517304792
2019-09-06,0.04728513218989683
2019-09-09,0.045614888699669676
2019-09-10,0.04556675164906121
2019-09-11,0.050324959295987126
2019-09-12,0.05494638231622839
2019-09-13,0.05613083387891793
2019-09-16,0.072294119210224
2019-09-17,0.05401012276829764
2019-09-18,0.0476115340617711
2019-09-19,0.039745503102661006
2019-09-20,0.03381075369804942
2019-09-23,0.03478260869565042
2019-09-24,0.012215342366380888
2019-09-25,0.009555414950348728
2019-09-26,0.009121786789489716
2019-09-27,-0.008546679499520593
2019-09-30,-0.013590715786239271
2019-10-01,-0.019063215670220846
2019-10-02,-0.029653319687861446
2019-10-03,-0.02854436536787819
2019-10-04,-0.02723989549715844
2019-10-07,-0.024607812980622756
2019-10-08,-0.030023094688223173
2019-10-09,-0.02580239144115959
2019-10-10,-0.009818410805393918
2019-10-11,0.002699784017277107
2019-10-14,-0.006177844704430058
2019-10-15,0.004460832344900689
2019-10-16,0.01772377229983202
2019-10-17,0.021819354838708005
2019-10-18,0.02067523617778977
2019-10-21,0.030059861698832124
2019-10-22,0.03892570721266475
2019-10-23,0.04379721746740439
2019-10-24,0.05525741430221931
2019-10-25,0.062031880161319775
2019-10-28,0.04970513900589557
2019-10-29,0.04993321035557363
2019-10-30,0.06138528577219149
2019-10-31,0.041985744023211646
2019-11-01,0.06711333609364822
2019-11-04,0.07054920108268403
2019-11-05,0.06094021334656241
2019-11-06,0.056473489519110576
2019-11-07,0.058235294117645386
2019-11-08,0.04498122226015555
2019-11-11,0.03329690346083636
2019-11-12,0.01194105691056735
2019-11-13,0.009573993464602415
2019-11-14,0.004377472851248676
2019-11-15,0.011486948284750165
2019-11-18,0.00032290470723173037
2019-11-19,-0.00303131563872594
2019-11-20,-0.010666444200792768
2019-11-21,-0.004117528055123887
2019-11-22,-0.0070992829367499954
2019-11-25,-0.0038391137946623966
2019-11-26,-0.01375770752397032
2019-11-27,-0.016166775553841273
2019-11-29,-0.02133983237234882
2019-12-02,-0.023331311761979334
2019-12-03,-0.03173562780055439
2019-12-04,-0.018450184501846434
2019-12-05,-0.016582914572865648
2019-12-06,-0.002635866960607247
2019-12-09,0.0017761349862572828
2019-12-10,0.00473398375546541
2019-12-11,0.021676179032741105
2019-12-12,0.030456852791876488
2019-12-13,0.03470092024539717
2019-12-16,0.042102619904576866
2019-12-17,0.044736213893529
2019-12-18,0.0431473894817056
2019-12-19,0.043363588841893286
2019-12-20,0.043133677676157944
2019-12-23,0.044814385973201754
2019-12-24,0.04756351814551585
2019-12-26,0.04667058132706803
2019-12-27,0.05361111760989923
2019-12-30,0.043330808227956874
