Date,mom_63
2011-06-02,-0.043587896253602376
2011-06-03,-0.04228406216118541
2011-06-06,-0.05803893294881035
2011-06-07,-0.05888689407540393
2011-06-08,-0.06794362125045184
2011-06-09,-0.028899592441644972
2011-06-10,-0.03847576766555694
2011-06-13,-0.03804550540842966
2011-06-14,-0.0015186028853454436
2011-06-15,0.006203955021326202
2011-06-16,-0.030060882800608923
2011-06-17,-0.01366223908918418
2011-06-20,-0.015753938484621255
2011-06-21,0.0007501875468867159
2011-06-22,-0.006741573033707815
2011-06-23,-0.02186805040770945
2011-06-24,-0.019687964338781616
2011-06-27,-0.0185459940652819
2011-06-28,-0.01655020228025017
2011-06-29,-0.01818843215714805
2011-06-30,-0.008008736803785887
2011-07-01,-0.020988971896122366
2011-07-05,-0.028782028782028624
2011-07-06,-0.03161917998610142
2011-07-07,-0.015695849319846578
2011-07-08,-0.02713178294573637
2011-07-11,-0.05360250609119388
2011-07-12,-0.04412283798093897
2011-07-13,-0.019706198495163085
2011-07-14,-0.02285714285714291
2011-07-15,-0.018840579710145078
2011-07-18,-0.03358613217768147
2011-07-19,-0.006280014776505416
2011-07-20,-0.01673335758457606
2011-07-21,-0.013362224629830277
2011-07-22,-0.011159107271418334
2011-07-25,-0.018358531317494653
2011-07-26,0.0014561339643248683
2011-07-27,-0.003302752293578015
2011-07-28,-0.010564663023679421
2011-07-29,-0.06056287851799069
2011-08-01,-0.054676258992805704
2011-08-02,-0.034658883619117065
2011-08-03,-0.031840059237319585
2011-08-04,-0.07853403141361248
2011-08-05,-0.10512630014858848
2011-08-08,-0.189878093830809
2011-08-09,-0.19068255687974
2011-08-10,-0.157241882524626
2011-08-11,-0.1283758786533482
2011-08-12,-0.13133555308916023
2011-08-15,-0.11648678823967262
2011-08-16,-0.11384845091452034
2011-08-17,-0.1260565968393973
2011-08-18,-0.16838614591009582
2011-08-19,-0.17725258493353013
2011-08-22,-0.15532154945468213
2011-08-23,-0.14855208725084612
2011-08-24,-0.15892053973013487
2011-08-25,-0.156671664167916
2011-08-26,-0.15554722638680651
2011-08-29,-0.14640474425500372
2011-08-30,-0.1283987915407856
2011-08-31,-0.13483992467043326
2011-09-01,-0.1350943396226414
2011-09-02,-0.125908916953693
2011-09-06,-0.16253338420450214
2011-09-07,-0.13067080263668074
2011-09-08,-0.14994276993513922
2011-09-09,-0.17429780684878793
2011-09-12,-0.18922062815044582
2011-09-13,-0.2064638783269962
2011-09-14,-0.18882466281310206
2011-09-15,-0.16202432326402505
2011-09-16,-0.177375913813005
2011-09-19,-0.1852134146341463
2011-09-20,-0.2005247376311845
2011-09-21,-0.19570135746606343
2011-09-22,-0.29556650246305416
2011-09-23,-0.3027661993179235
2011-09-26,-0.29138321995464855
2011-09-27,-0.2741211667913238
2011-09-28,-0.30715079659133016
2011-09-29,-0.3299082568807339
2011-09-30,-0.34120639534883723
2011-10-03,-0.3765811348030358
2011-10-04,-0.3896663078579117
2011-10-05,-0.356839121190645
2011-10-06,-0.3426294820717132
2011-10-07,-0.3324751746965797
2011-10-10,-0.32976366322008865
2011-10-11,-0.3366228070175439
2011-10-12,-0.2759502923976609
2011-10-13,-0.26846381093057603
2011-10-14,-0.24588938714499253
2011-10-17,-0.2602230483271376
2011-10-18,-0.26970033296337415
2011-10-19,-0.2887994143484627
2011-10-20,-0.30724426647251535
2011-10-21,-0.275027502750275
2011-10-24,-0.25808796801163214
2011-10-25,-0.2551546391752577
2011-10-26,-0.26178203240058906
2011-10-27,-0.18998862343572243
2011-10-28,-0.1925418569254187
2011-10-31,-0.23960695389266817
2011-11-01,-0.2562141491395793
2011-11-02,-0.19967532467532478
2011-11-03,-0.12826899128268987
2011-11-04,-0.04012767897856817
2011-11-07,-0.05979473449352968
2011-11-08,-0.07359307359307377
2011-11-09,-0.12648556876061123
2011-11-10,-0.129045996592845
2011-11-11,-0.10994102780117943
2011-11-14,-0.11457455770850877
2011-11-15,-0.11480235492010094
2011-11-16,-0.06734603455914934
2011-11-17,-0.09380610412926393
2011-11-18,-0.10106856634016026
2011-11-21,-0.13295053003533575
2011-11-22,-0.12032085561497341
2011-11-23,-0.14888888888888896
2011-11-25,-0.15090989791389264
2011-11-28,-0.14676508901432928
2011-11-29,-0.1377816291161178
2011-11-30,-0.08837614279494987
2011-12-01,-0.08638743455497389
2011-12-02,-0.07880910683012265
2011-12-05,-0.02596810933940774
2011-12-06,-0.044603033006244464
2011-12-07,-0.060143626570915654
2011-12-08,-0.04799627213420321
2011-12-09,-0.0028694404591104172
2011-12-12,-0.0009583133684715195
2011-12-13,-0.020427553444180457
2011-12-14,-0.048689138576779034
2011-12-15,-0.04957904583723105
2011-12-16,-0.04957904583723105
2011-12-19,-0.08251289263947481
2011-12-20,-0.07313642756680727
2011-12-21,0.05271651425497592
2011-12-22,0.08641304347826084
2011-12-23,0.06133333333333324
2011-12-27,0.025244719216898526
2011-12-28,0.0604278074866309
2011-12-29,0.07886089813800634
2011-12-30,0.08880308880308885
2012-01-03,0.1965217391304348
2012-01-04,0.2292768959435625
2012-01-05,0.1520661157024794
2012-01-06,0.14380165289256208
2012-01-09,0.14655647382920112
2012-01-10,0.16639118457300284
2012-01-11,0.16749311294765867
2012-01-12,0.07420494699646651
2012-01-13,0.06764260474507822
2012-01-17,0.0525272547076312
2012-01-18,0.08442211055276383
2012-01-19,0.09321175278622085
2012-01-20,0.13793103448275867
2012-01-23,0.17183394640042038
2012-01-24,0.12493677288821448
2012-01-25,0.10436060754532095
2012-01-26,0.12160158180919423
2012-01-27,0.11970074812967568
2012-01-30,0.02434456928838946
2012-01-31,0.035815268614514784
2012-02-01,0.1033797216699801
2012-02-02,0.14550128534704387
2012-02-03,0.12981744421906716
2012-02-06,0.052857142857142936
2012-02-07,0.03420427553444183
2012-02-08,0.029425723777883217
2012-02-09,0.020560747663551426
2012-02-10,0.0388726919339164
2012-02-13,0.053300733496332464
2012-02-14,0.013251301467108512
2012-02-15,0.03139866793529977
2012-02-16,0.029928741092636546
2012-02-17,0.029928741092636546
2012-02-21,0.10054482417038124
2012-02-22,0.09014363546310045
2012-02-23,0.14161996943453903
2012-02-24,0.11499493414387052
2012-02-27,0.12898172323759804
2012-02-28,0.1390486147412442
2012-02-29,0.07989821882951653
2012-03-01,0.09195979899497497
2012-03-02,0.035816618911174825
2012-03-05,0.03151862464183375
2012-03-06,-0.04039923954372615
2012-03-07,-0.03274087932647329
2012-03-08,-0.014472455648926297
2012-03-09,0.013371537726838412
2012-03-12,0.004894762604013669
2012-03-13,-0.01534772182254196
2012-03-14,-0.019664268585131928
2012-03-15,-0.0009699321047526022
2012-03-16,0.013779527559055094
2012-03-19,0.0290354330708662
2012-03-20,0.010334645669291431
2012-03-21,0.04701073071027073
2012-03-22,0.029843196762771917
2012-03-23,0.0413898824731731
2012-03-26,0.023011505752876582
2012-03-27,0.013567839195980147
2012-03-28,-0.0015075376884421399
2012-03-29,0.0020171457387798686
2012-03-30,0.020304568527918843
2012-04-02,0.006585612968591725
2012-04-03,-0.04651162790697683
2012-04-04,-0.09612625538020092
2012-04-05,-0.0956480153036825
2012-04-09,-0.09441233140655114
2012-04-10,-0.11004324843825075
2012-04-11,-0.11809163911195086
2012-04-12,-0.10901368570080239
2012-04-13,-0.11560150375939848
2012-04-16,-0.14231678486997623
2012-04-17,-0.14642184557438798
2012-04-18,-0.19508804448563477
2012-04-19,-0.19138090824837806
2012-04-20,-0.19719583898688375
2012-04-23,-0.23004484304932726
2012-04-24,-0.22392086330935235
2012-04-25,-0.22937000887311443
2012-04-26,-0.22124283825473778
2012-04-27,-0.21425389755011126
2012-04-30,-0.18190127970749548
2012-05-01,-0.188808007279345
2012-05-02,-0.2112612612612612
2012-05-03,-0.23294434470377023
2012-05-04,-0.2553859964093358
2012-05-07,-0.2492085029398461
2012-05-08,-0.24483233807992644
2012-05-09,-0.24204702627939145
2012-05-10,-0.2509157509157509
2012-05-11,-0.24275023386342365
2012-05-14,-0.254410399257196
2012-05-15,-0.28584773470340963
2012-05-16,-0.30765682656826565
2012-05-17,-0.31549815498154976
2012-05-18,-0.32426199261992616
2012-05-21,-0.3213321332133213
2012-05-22,-0.3112221717401181
2012-05-23,-0.32530120481927716
2012-05-24,-0.31712857791912774
2012-05-25,-0.29879740980573544
2012-05-29,-0.3001376778338687
2012-05-30,-0.3067860508953817
2012-05-31,-0.3299585826046939
2012-06-01,-0.33056708160442605
2012-06-04,-0.3407407407407408
2012-06-05,-0.2947003467062903
2012-06-06,-0.27611218568665374
2012-06-07,-0.2960682141165325
2012-06-08,-0.29971724787935905
2012-06-11,-0.28251339503166095
2012-06-12,-0.30102289332683885
2012-06-13,-0.28767123287671237
2012-06-14,-0.3087378640776699
2012-06-15,-0.3087378640776699
2012-06-18,-0.3065518890483022
2012-06-19,-0.26156843643448613
2012-06-20,-0.2684236212786725
2012-06-21,-0.2888015717092337
2012-06-22,-0.2728164867517173
2012-06-25,-0.29731051344743276
2012-06-26,-0.2875557759048092
2012-06-27,-0.25415198792148974
2012-06-28,-0.2682435832913942
2012-06-29,-0.2766169154228857
2012-07-02,-0.2682435832913942
2012-07-03,-0.19715447154471544
2012-07-05,-0.17089947089947088
2012-07-06,-0.17133791644632468
2012-07-09,-0.1664893617021277
2012-07-10,-0.15388768898488114
2012-07-11,-0.2051419389394752
2012-07-12,-0.21822033898305082
2012-07-13,-0.21360255047821464
2012-07-16,-0.18412348401323042
2012-07-17,-0.18587975730832873
2012-07-18,-0.14565342544617166
2012-07-19,-0.1358166189111747
2012-07-20,-0.16957746478873237
2012-07-23,-0.15084449621432738
2012-07-24,-0.1523754345307069
2012-07-25,-0.1577432354634427
2012-07-26,-0.1550650820599888
2012-07-27,-0.13095238095238093
2012-07-30,-0.15642458100558654
2012-07-31,-0.15311273135165449
2012-08-01,-0.15248429468874936
2012-08-02,-0.13165593914569929
2012-08-03,-0.06268836648583476
2012-08-06,-0.046987951807229034
2012-08-07,0.0
2012-08-08,0.00060827250608253
2012-08-09,-0.005501222493887514
2012-08-10,0.00494132180358231
2012-08-13,0.013075965130759704
2012-08-14,0.06409417920209282
2012-08-15,0.07594936708860756
2012-08-16,0.09366576819407002
2012-08-17,0.10034129692832772
2012-08-20,0.073607427055703
2012-08-21,0.08047493403693928
2012-08-22,0.059523809523809534
2012-08-23,0.07984031936127756
2012-08-24,0.06068601583113442
2012-08-27,0.047213114754098395
2012-08-28,0.08565601631543163
2012-08-29,0.09409340659340648
2012-08-30,0.07988980716253447
2012-08-31,0.101123595505618
2012-09-04,0.12008426966292118
2012-09-05,0.06546426185704735
2012-09-06,0.07940780619111698
2012-09-07,0.07940780619111698
2012-09-10,0.09640190088255252
2012-09-11,0.12543554006968627
2012-09-12,0.1119505494505495
2012-09-13,0.163623595505618
2012-09-14,0.2148876404494382
2012-09-17,0.1875862068965517
2012-09-18,0.1253298153034299
2012-09-19,0.12875250166777863
2012-09-20,0.15676795580110503
2012-09-21,0.15587044534412953
2012-09-24,0.1858037578288101
2012-09-25,0.18302018093249828
2012-09-26,0.1201079622132255
2012-09-27,0.1616231086657498
2012-09-28,0.1616231086657498
2012-10-01,0.16918844566712532
2012-10-02,0.07341772151898729
2012-10-03,0.07402680280791318
2012-10-04,0.08487555839183147
2012-10-05,0.09827696234843653
2012-10-08,0.09827696234843653
2012-10-09,0.12668463611859826
2012-10-10,0.10840108401084003
2012-10-11,0.12094594594594588
2012-10-12,0.12094594594594588
2012-10-15,0.10840108401084003
2012-10-16,0.12870619946091644
2012-10-17,0.11339522546419101
2012-10-18,0.14043419267299861
2012-10-19,0.13786008230452684
2012-10-22,0.11825017088174983
2012-10-23,0.10663021189336974
2012-10-24,0.07702612190221014
2012-10-25,0.0365296803652968
2012-10-26,0.05827814569536427
2012-10-31,0.039735099337748325
2012-11-01,0.07614555256064692
2012-11-02,0.07614555256064692
2012-11-05,0.02700964630225089
2012-11-06,-0.015802781289506962
2012-11-07,-0.06873479318734799
2012-11-08,-0.08085106382978724
2012-11-09,-0.06699446834665024
2012-11-12,-0.07191149354640447
2012-11-13,-0.08789182544560536
2012-11-14,-0.1051014136447449
2012-11-15,-0.10092879256965936
2012-11-16,-0.12014787430683926
2012-11-19,-0.08312655086848642
2012-11-20,-0.07906114885731941
2012-11-21,-0.09645909645909634
2012-11-23,-0.06679151061173538
2012-11-26,-0.08009858287122618
2012-11-27,-0.0652985074626865
2012-11-28,-0.07451471509079532
2012-11-29,-0.04257983719474023
2012-11-30,-0.048336472065285574
2012-12-03,-0.039540816326530615
2012-12-04,-0.020408163265306145
2012-12-05,-0.04514106583072097
2012-12-06,-0.03573667711598738
2012-12-07,-0.04301745635910226
2012-12-10,-0.013715710723191998
2012-12-11,-0.00804953560371513
2012-12-12,0.002476780185758587
2012-12-13,-0.006794317479926093
2012-12-14,-0.016294508147254083
2012-12-17,-0.05317919075144517
2012-12-18,-0.03252032520325199
2012-12-19,-0.028722157092614164
2012-12-20,-0.01891252955082745
2012-12-21,-0.02985074626865669
2012-12-24,-0.04962054874489186
2012-12-26,-0.049882629107981136
2012-12-27,-0.032352941176470584
2012-12-28,-0.03253012048192783
2012-12-31,-0.039076376554174064
2013-01-02,0.002368265245707546
2013-01-03,-0.0005882352941177782
2013-01-04,-0.000589622641509524
2013-01-07,0.013666072489601833
2013-01-08,-0.0052941176470587825
2013-01-09,-0.0011621150493899002
2013-01-10,0.009296920395119201
2013-01-11,0.03169856459330145
2013-01-14,0.055623471882640496
2013-01-15,0.03315250150693183
2013-01-16,0.03315250150693183
2013-01-17,0.05929095354523217
2013-01-18,0.03761194029850734
2013-01-22,0.04645622394282323
2013-01-23,0.04342653182629386
2013-01-24,0.047016274864376095
2013-01-25,0.0635696821515892
2013-01-28,0.06114885731933284
2013-01-29,0.08706467661691564
2013-01-30,0.09502831969792314
2013-01-31,0.11264080100125162
2013-02-01,0.12929936305732492
2013-02-04,0.08515967438948002
2013-02-05,0.08829054477144638
2013-02-06,0.08766437069505328
2013-02-07,0.10340398201669876
2013-02-08,0.11430437622468959
2013-02-11,0.11309523809523814
2013-02-12,0.10671936758893286
2013-02-13,0.12516556291390724
2013-02-14,0.1367924528301887
2013-02-15,0.1524725274725276
2013-02-19,0.15013774104683186
2013-02-20,0.14845938375350132
2013-02-21,0.10148849797023018
2013-02-22,0.0905432595573441
2013-02-25,0.09864864864864864
2013-02-26,0.08695652173913038
2013-02-27,0.1031480241125251
2013-02-28,0.06586826347305386
2013-03-01,0.08795669824086594
2013-03-04,0.04120340091563124
2013-03-05,0.07058047493403685
2013-03-06,0.09163346613545831
2013-03-07,0.07747395833333348
2013-03-08,0.09258043335522004
2013-03-11,0.0968790637191157
2013-03-12,0.10553745928338754
2013-03-13,0.0701643489254109
2013-03-14,0.06054931335830216
2013-03-15,0.0481778875849288
2013-03-18,0.04788557213930367
2013-03-19,0.024539877300613355
2013-03-20,0.028693528693528814
2013-03-21,0.007202881152461149
2013-03-22,0.01810500905250456
2013-03-25,0.02228915662650577
2013-03-26,0.027692307692307683
2013-03-27,0.025798525798525596
2013-03-28,0.030265596046942456
2013-04-01,0.0036474164133739606
2013-04-02,0.021170610211706187
2013-04-03,-0.009242144177449285
2013-04-04,-0.04843473124630837
2013-04-05,-0.050618010594467355
2013-04-08,-0.04601769911504405
2013-04-09,-0.027549824150058577
2013-04-10,-0.021289178001182685
2013-04-11,-0.036067481093659204
2013-04-12,-0.06793321819228548
2013-04-15,-0.09565217391304348
2013-04-16,-0.09554140127388533
2013-04-17,-0.10851808634772464
2013-04-18,-0.11201866977829633
2013-04-19,-0.11309867282169639
2013-04-22,-0.10011507479861903
2013-04-23,-0.10017074558907224
2013-04-24,-0.08323831242873436
2013-04-25,-0.060449050086355816
2013-04-26,-0.06724137931034468
2013-04-29,-0.0454016298020955
2013-04-30,-0.05892448512585824
2013-05-01,-0.04999999999999982
2013-05-02,-0.08098987626546683
2013-05-03,-0.07219402143260023
2013-05-06,-0.04731679169070957
2013-05-07,-0.016110471806674243
2013-05-08,-0.014392630972941856
2013-05-09,-0.005820721769499548
2013-05-10,-0.004103165298944944
2013-05-13,0.008318478906714333
2013-05-14,0.013095238095238049
2013-05-15,-0.002354326074161195
2013-05-16,0.004742145820983978
2013-05-17,0.011323003575685275
2013-05-20,0.03413173652694623
2013-05-21,0.05243902439024417
2013-05-22,0.041769041769041726
2013-05-23,0.03321033210332103
2013-05-24,0.03505535055350539
2013-05-28,0.03938461538461535
2013-05-29,0.021857923497267784
2013-05-30,0.06367041198501866
2013-05-31,0.05970149253731338
2013-06-03,0.05841708542713575
2013-06-04,0.03758471965495991
2013-06-05,0.017639902676398922
2013-06-06,0.009667673716012182
2013-06-07,0.0042067307692308376
2013-06-10,-0.003556609365738095
2013-06-11,-0.03123158515026503
2013-06-12,-0.03071470761961015
2013-06-13,-0.053560918187168904
2013-06-14,-0.051856216853270465
2013-06-17,-0.04569732937685478
2013-06-18,-0.037125748502994105
2013-06-19,-0.051038575667655905
2013-06-20,-0.08462455303933258
2013-06-21,-0.10195613515115598
2013-06-24,-0.13847967000589279
2013-06-25,-0.10059880239520957
2013-06-26,-0.10179640718562866
2013-06-27,-0.08153477218225413
2013-06-28,-0.07207752877044227
2013-07-01,-0.051219512195121886
2013-07-02,-0.045398009950248674
2013-07-03,-0.03724394785847296
2013-07-05,-0.04401735895846248
2013-07-08,-0.04638218923933224
2013-07-09,-0.05605786618444841
2013-07-10,-0.0507552870090634
2013-07-11,-0.051901025950512936
2013-07-12,-0.02655960469425578
2013-07-15,0.018589743589743746
2013-07-16,0.01984635083226638
2013-07-17,0.06479057591623039
2013-07-18,0.06964520367936933
2013-07-19,0.054001301236174415
2013-07-22,0.05434782608695632
2013-07-23,0.051865907653383836
2013-07-24,0.02674129353233856
2013-07-25,0.016544117647058876
2013-07-26,0.02402957486136792
2013-07-29,0.01097560975609757
2013-07-30,0.006686930091185372
2013-07-31,0.003629764065335772
2013-08-01,0.033659730722154224
2013-08-02,0.03221884498480243
2013-08-05,0.028467595396729273
2013-08-06,-0.021052631578947545
2013-08-07,-0.02219626168224309
2013-08-08,0.00819672131147553
2013-08-09,0.021188934667451642
2013-08-12,0.0424278137890397
2013-08-13,0.05934195064629866
2013-08-14,0.07492625368731565
2013-08-15,0.07905604719764003
2013-08-16,0.06540954625810258
2013-08-19,0.03705848291835556
2013-08-20,0.044611819235225836
2013-08-21,0.05188679245283012
2013-08-22,0.08452380952380945
2013-08-23,0.08437314319667277
2013-08-26,0.0746003552397867
2013-08-27,0.04099821746880572
2013-08-28,0.025234741784037507
2013-08-29,0.03931924882629123
2013-08-30,0.0272997032640947
2013-09-03,0.04334916864608074
2013-09-04,0.059772863120143516
2013-09-05,0.0694195092758827
2013-09-06,0.06523040095751043
2013-09-09,0.08506841165972645
2013-09-10,0.13746958637469575
2013-09-11,0.13162705667276042
2013-09-12,0.13121890547263693
2013-09-13,0.12616532007458048
2013-09-16,0.14179104477611948
2013-09-17,0.1405472636815921
2013-09-18,0.1988742964352721
2013-09-19,0.23893229166666674
2013-09-20,0.25280528052805273
2013-09-23,0.2913816689466484
2013-09-24,0.25366178428761654
2013-09-25,0.2633333333333332
2013-09-26,0.2389033942558747
2013-09-27,0.24086161879895562
2013-09-30,0.20886889460154223
2013-10-01,0.23648208469055376
2013-10-02,0.22566086395873652
2013-10-03,0.22243839169909219
2013-10-04,0.21984435797665358
2013-10-07,0.2062579821200512
2013-10-08,0.18650541056651804
2013-10-09,0.17695735200509222
2013-10-10,0.20177664974619303
2013-10-11,0.19949653870358697
2013-10-14,0.21531701192718145
2013-10-15,0.19729563614013523
2013-10-16,0.197174447174447
2013-10-17,0.2191358024691359
2013-10-18,0.22316555488174683
2013-10-21,0.22669873722188805
2013-10-22,0.2477286493034525
2013-10-23,0.2031344183242918
2013-10-24,0.22623345367027659
2013-10-25,0.21170084439083237
2013-10-28,0.205314009661836
2013-10-29,0.1862567811934901
2013-10-30,0.14920071047957362
2013-10-31,0.13780918727915203
2013-11-01,0.12367491166077715
2013-11-04,0.1547192353643967
2013-11-05,0.17443249701314234
2013-11-06,0.11730545876887333
2013-11-07,0.07665706051873178
2013-11-08,0.050310910118710916
2013-11-11,0.038824181919023815
2013-11-12,0.004939626783754036
2013-11-13,0.0005467468562057043
2013-11-14,0.03871681415929218
2013-11-15,0.0653266331658291
2013-11-18,0.052689961175818034
2013-11-19,0.04204035874439471
2013-11-20,0.01866081229418226
2013-11-21,0.032328767123287694
2013-11-22,0.052341597796143446
2013-11-25,0.08105022831050235
2013-11-26,0.10990269032627364
2013-11-27,0.11067193675889331
2013-11-29,0.1496244945118428
2013-12-02,0.09675583380762665
2013-12-03,0.060349689791314276
2013-12-04,0.05595970900951319
2013-12-05,0.05449438202247192
2013-12-06,0.024671052631579204
2013-12-09,0.008021390374331583
2013-12-10,0.021540118470651404
2013-12-11,0.03188565145684441
2013-12-12,0.024834437086092676
2013-12-13,0.004901960784313708
2013-12-16,0.02944383860414379
2013-12-17,-0.004173187271778955
2013-12-18,-0.0026274303730950965
2013-12-19,-0.0036880927291886856
2013-12-20,-0.010593220338983023
2013-12-23,-0.0074349442379180175
2013-12-24,0.0026385224274407815
2013-12-26,-0.016332982086406655
2013-12-27,-0.012624934245134223
2013-12-30,-0.009569377990430561
2013-12-31,-0.015806111696522684
2014-01-02,-0.031036296685954756
2014-01-03,-0.022811671087533125
2014-01-06,-0.02711323763955331
2014-01-07,-0.040762308099523525
2014-01-08,-0.04452789699570825
2014-01-09,-0.025419145484045336
2014-01-10,-0.04223864836325242
2014-01-13,-0.04826862539349408
2014-01-14,-0.06973140495867758
2014-01-15,-0.06827515400410689
2014-01-16,-0.057465366854797195
2014-01-17,-0.06784810126582275
2014-01-21,-0.07436787307882997
2014-01-22,-0.10343137254901957
2014-01-23,-0.15388349514563116
2014-01-24,-0.1618236472945892
2014-01-27,-0.17222767419038265
2014-01-28,-0.16326530612244905
2014-01-29,-0.17434869739478964
2014-01-30,-0.14430894308943087
2014-01-31,-0.14425553838227723
2014-02-03,-0.1645962732919255
2014-02-04,-0.15408805031446526
2014-02-05,-0.1629591308846352
2014-02-06,-0.1536113936927772
2014-02-07,-0.12993762993762992
2014-02-10,-0.09528907922912211
2014-02-11,-0.07373519913885884
2014-02-12,-0.07261078483715966
2014-02-13,-0.03222282905516116
2014-02-14,0.009289617486338608
2014-02-18,-0.029286474973375998
2014-02-19,-0.08280922431865823
2014-02-20,-0.06585879873551104
2014-02-21,-0.051102743410435636
2014-02-24,-0.02532327586206895
2014-02-25,-0.05891719745222923
2014-02-26,-0.07486910994764395
2014-02-27,-0.05491024287222823
2014-02-28,-0.06601340897369778
2014-03-03,-0.08032536858159645
2014-03-04,-0.0909547738693467
2014-03-05,-0.052413077322262525
2014-03-06,-0.015957446808510634
2014-03-07,-0.02119766825649194
2014-03-10,-0.04315396909962699
2014-03-11,-0.03210272873194231
2014-03-12,-0.04350132625994696
2014-03-13,-0.06483921982076968
2014-03-14,-0.04475226425146506
2014-03-17,-0.016155088852988775
2014-03-18,-0.003252032520325132
2014-03-19,-0.03389830508474578
2014-03-20,-0.047145102147721274
2014-03-21,-0.03898840885142263
2014-03-24,-0.04071919619249076
2014-03-25,-0.025160599571734443
2014-03-26,-0.021401819154628243
2014-03-27,-0.032631578947368456
2014-03-28,0.0032137118371717843
2014-03-31,0.006393180607352278
2014-04-01,0.02415458937198056
2014-04-02,0.021413276231263323
2014-04-03,0.037459283387621944
2014-04-04,0.03257328990227992
2014-04-07,0.025136612021857907
2014-04-08,0.05408388520971297
2014-04-09,0.09545199326221243
2014-04-10,0.05826859045504995
2014-04-11,0.044101433296582115
2014-04-14,0.040242557883131136
2014-04-15,0.021099389228206533
2014-04-16,0.038567493112947826
2014-04-17,0.019052803483941005
2014-04-21,0.011406844106463865
2014-04-22,0.007498660953401126
2014-04-23,0.03717878622197923
2014-04-24,0.10269650028686161
2014-04-25,0.1332934847579199
2014-04-28,0.11736810906935391
2014-04-29,0.13622843545508645
2014-04-30,0.15351941747572817
2014-05-01,0.13242280285035624
2014-05-02,0.15653220951234204
2014-05-05,0.1988847583643123
2014-05-06,0.18463444857496913
2014-05-07,0.1866501854140914
2014-05-08,0.1532451923076923
2014-05-09,0.14336917562724039
2014-05-12,0.12485207100591733
2014-05-13,0.10400929692039496
2014-05-14,0.09153713298791022
2014-05-15,0.04006772009029347
2014-05-16,-0.0010828370330264736
2014-05-19,0.014262205156335694
2014-05-20,0.047428571428571376
2014-05-21,0.037789058093626426
2014-05-22,0.05555555555555558
2014-05-23,0.03593145384190155
2014-05-27,0.046813310772701566
2014-05-28,0.05206564799094493
2014-05-29,0.06145251396648055
2014-05-30,0.046383213694091596
2014-06-02,0.056384742951907096
2014-06-03,0.060807075732449034
2014-06-04,0.06243154435925513
2014-06-05,0.0681081081081083
2014-06-06,0.07579859231185715
2014-06-09,0.1358574610244987
2014-06-10,0.127142067440575
2014-06-11,0.12201885745978913
2014-06-12,0.14599774520856812
2014-06-13,0.12381483547127714
2014-06-16,0.061850027367268634
2014-06-17,0.05927134312126148
2014-06-18,0.10142543859649122
2014-06-19,0.10500274876305671
2014-06-20,0.13541666666666674
2014-06-23,0.18191841234840145
2014-06-24,0.15650741350906072
2014-06-25,0.16074357572443976
2014-06-26,0.14689880304678993
2014-06-27,0.12119594233849429
2014-06-30,0.12069878242456333
2014-07-01,0.11635220125786172
2014-07-02,0.129454926624738
2014-07-03,0.13500784929356358
2014-07-07,0.13669821240799163
2014-07-08,0.1529850746268655
2014-07-09,0.1717277486910993
2014-07-10,0.14915427985648377
2014-07-11,0.1903513371788148
2014-07-14,0.17265047518479415
2014-07-15,0.14096449390567045
2014-07-16,0.17672648178357808
2014-07-17,0.13580901856763927
2014-07-18,0.1805555555555558
2014-07-21,0.15306122448979576
2014-07-22,0.13184476342371076
2014-07-23,0.10648392198207701
2014-07-24,0.10301768990634752
2014-07-25,0.10970464135021096
2014-07-28,0.09920424403183015
2014-07-29,0.10523560209424065
2014-07-30,0.16517622304050472
2014-07-31,0.11431567907708451
2014-08-01,0.09630400832899522
2014-08-04,0.08423772609819125
2014-08-05,0.05700836820083688
2014-08-06,0.06354166666666683
2014-08-07,0.054715997915580905
2014-08-08,0.08307210031347956
2014-08-11,0.08206207259337184
2014-08-12,0.0736842105263158
2014-08-13,0.08016877637130793
2014-08-14,0.09007053716766134
2014-08-15,0.09268292682926838
2014-08-18,0.10600324499729585
2014-08-19,0.10965630114566305
2014-08-20,0.0885869565217392
2014-08-21,0.06928034371643399
2014-08-22,0.06616862326574191
2014-08-25,0.0818965517241379
2014-08-26,0.07369553523399675
2014-08-27,0.05368421052631578
2014-08-28,0.050659630606860295
2014-08-29,0.04081632653061229
2014-09-02,0.04689942678478376
2014-09-03,0.06855670103092804
2014-09-04,0.02682186234817796
2014-09-05,0.03673880221439352
2014-09-08,-0.0009803921568627416
2014-09-09,-0.004413928396272637
2014-09-10,0.012852199703410783
2014-09-11,0.016724053123462923
2014-09-12,0.03573200992555847
2014-09-15,0.05670103092783507
2014-09-16,0.08110882956878851
2014-09-17,0.03982080637132901
2014-09-18,0.036318407960198806
2014-09-19,-0.007242877836793893
2014-09-22,-0.04524253731343297
2014-09-23,-0.029439696106362656
2014-09-24,-0.03815355628827122
2014-09-25,-0.046015180265654654
2014-09-26,-0.02523809523809528
2014-09-29,-0.04440245630609363
2014-09-30,-0.05305164319248823
2014-10-01,-0.08352668213457082
2014-10-02,-0.11111111111111116
2014-10-03,-0.11239592969472711
2014-10-06,-0.10818307905686542
2014-10-07,-0.15370866845397668
2014-10-08,-0.14852809991079396
2014-10-09,-0.17973568281938324
2014-10-10,-0.17829806393516434
2014-10-13,-0.15838365071992566
2014-10-14,-0.15665434380776344
2014-10-15,-0.15460065390004663
2014-10-16,-0.17918552036199098
2014-10-17,-0.1476478807638565
2014-10-20,-0.13010803193987786
2014-10-21,-0.09957122439256794
2014-10-22,-0.12169811320754709
2014-10-23,-0.10313688212927752
2014-10-24,-0.08108108108108103
2014-10-27,-0.10658455708195169
2014-10-28,-0.13318284424379234
2014-10-29,-0.11294117647058821
2014-10-30,-0.08689458689458684
2014-10-31,-0.03860819828408002
2014-11-03,0.004948045522018774
2014-11-04,-0.025465230166503594
2014-11-05,-0.014328063241106692
2014-11-06,-0.04486251808972497
2014-11-07,-0.029168692270296614
2014-11-10,-0.03039215686274499
2014-11-11,-0.0341796875
2014-11-12,-0.015928322548531604
2014-11-13,-0.02083333333333337
2014-11-14,-0.03031784841075802
2014-11-17,-0.02654867256637161
2014-11-18,0.0009985022466301174
2014-11-19,-0.0015067805123054612
2014-11-20,0.0005005005005003227
2014-11-21,0.01444223107569731
2014-11-24,0.016533066132264462
2014-11-25,0.013486513486513418
2014-11-26,0.033651431441486634
2014-11-28,-0.0035193564605329186
2014-12-01,-0.03185664509706321
2014-12-02,-0.06849975880366621
2014-12-03,-0.038935436175455806
2014-12-04,-0.052912621359223255
2014-12-05,-0.04514229636898914
2014-12-08,-0.05467980295566499
2014-12-09,-0.07223035627135177
2014-12-10,-0.11175616835994207
2014-12-11,-0.11978917105893627
2014-12-12,-0.12536585365853659
2014-12-15,-0.1794871794871794
2014-12-16,-0.1766395404499761
2014-12-17,-0.15938550168026866
2014-12-18,-0.1391050583657587
2014-12-19,-0.12603810454323394
2014-12-22,-0.12866927592955002
2014-12-23,-0.11704211557296773
2014-12-24,-0.10044753853804078
2014-12-26,-0.10796287249633596
2014-12-29,-0.10133465150766197
2014-12-30,-0.10708973723351511
2014-12-31,-0.08860759493670889
2015-01-02,-0.07520746887966823
2015-01-05,-0.09953100573215212
2015-01-06,-0.1052358735095903
2015-01-07,-0.08025343189017953
2015-01-08,-0.08328968046097429
2015-01-09,-0.06176154672395284
2015-01-12,-0.05369863013698628
2015-01-13,-0.04856512141280367
2015-01-14,-0.054246575342465686
2015-01-15,-0.05359116022099464
2015-01-16,-0.037486218302094754
2015-01-20,-0.042622950819672156
2015-01-21,-0.039416846652267856
2015-01-22,-0.05502645502645498
2015-01-23,-0.05155746509129977
2015-01-26,-0.05458399576046635
2015-01-27,-0.050420168067226934
2015-01-28,-0.06627783669141041
2015-01-29,-0.09010416666666665
2015-01-30,-0.06896551724137934
2015-02-02,-0.07436297451898077
2015-02-03,-0.08477937530986612
2015-02-04,-0.10684391925160008
2015-02-05,-0.07487437185929646
2015-02-06,-0.08571428571428574
2015-02-09,-0.07626262626262637
2015-02-10,-0.07511266900350522
2015-02-11,-0.07128412537917084
2015-02-12,-0.044489383215369216
2015-02-13,-0.03237228123419322
2015-02-17,-0.024316109422492294
2015-02-18,-0.029752899646999453
2015-02-19,-0.03838383838383841
2015-02-20,-0.04937655860349133
2015-02-23,-0.037223340040241415
2015-02-24,-0.02401200600300135
2015-02-25,-0.044673539518900296
2015-02-26,-0.05766387382947258
2015-02-27,-0.0507639231148348
2015-03-02,-0.0631681243926141
2015-03-03,-0.0272452068617558
2015-03-04,-0.004627249357326502
2015-03-05,0.018643190056965464
2015-03-06,0.003076923076922977
2015-03-09,0.0005125576627369455
2015-03-10,-0.015930113052415318
2015-03-11,0.01354872329338197
2015-03-12,0.03682272488164129
2015-03-13,0.06481481481481488
2015-03-16,0.09417528579205237
2015-03-17,0.1505856107083101
2015-03-18,0.20833333333333326
2015-03-19,0.19825581395348846
2015-03-20,0.20388349514563076
2015-03-23,0.17853107344632768
2015-03-24,0.15483510340972617
2015-03-25,0.1650758001122965
2015-03-26,0.11869107043815874
2015-03-27,0.11774461028192373
2015-03-30,0.1144578313253013
2015-03-31,0.1061606160616062
2015-04-01,0.12326485285952238
2015-04-02,0.13277777777777788
2015-04-06,0.1676948962422884
2015-04-07,0.20775462962962954
2015-04-08,0.2161066048667437
2015-04-09,0.21182548794489087
2015-04-10,0.20914285714285707
2015-04-13,0.2003434459072697
2015-04-14,0.2206137811233353
2015-04-15,0.2325986078886313
2015-04-16,0.2224797219003476
2015-04-17,0.2095738470519557
2015-04-20,0.1872852233676976
2015-04-21,0.18436073059360725
2015-04-22,0.17818999437886474
2015-04-23,0.19652855543113112
2015-04-24,0.20045300113250275
2015-04-27,0.1967488789237668
2015-04-28,0.19081858407079655
2015-04-29,0.20442930153321992
2015-04-30,0.20892959358900987
2015-05-01,0.215954415954416
2015-05-04,0.22134831460674143
2015-05-05,0.16847237269772486
2015-05-06,0.1730981256890849
2015-05-07,0.13253666485605664
2015-05-08,0.15021929824561409
2015-05-11,0.14762165117550574
2015-05-12,0.14401732539252854
2015-05-13,0.1573217201959718
2015-05-14,0.1343915343915345
2015-05-15,0.11395713538944063
2015-05-18,0.10799584631360326
2015-05-19,0.09615384615384626
2015-05-20,0.10346638655462193
2015-05-21,0.10230849947534115
2015-05-22,0.09456635318704287
2015-05-26,0.04151717068170169
2015-05-27,0.043165467625899234
2015-05-28,0.05596234309623438
2015-05-29,0.046209761163032104
2015-06-01,0.04616182572614114
2015-06-02,0.07676348547717837
2015-06-03,0.06301652892561971
2015-06-04,0.050330452465683795
2015-06-05,0.0521472392638036
2015-06-08,0.04764344262295084
2015-06-09,0.06684073107049615
2015-06-10,0.06375321336760931
2015-06-11,0.030441400304414
2015-06-12,0.04347826086956519
2015-06-15,0.0014925373134326847
2015-06-16,-0.0285991274842462
2015-06-17,-0.06178160919540221
2015-06-18,-0.05143134400776317
2015-06-19,-0.07447817836812132
2015-06-22,-0.043624161073825496
2015-06-23,-0.02613746369796699
2015-06-24,-0.02987951807228917
2015-06-25,-0.017352503718393697
2015-06-26,-0.02621167161226501
2015-06-29,-0.05651105651105659
2015-06-30,-0.044256588761810045
2015-07-01,-0.06524962926347011
2015-07-02,-0.06866110838646411
2015-07-06,-0.10374639769452454
2015-07-07,-0.11068519405845723
2015-07-08,-0.13816102906145777
2015-07-09,-0.13358597820937945
2015-07-10,-0.11483931947069936
2015-07-13,-0.10395803528850733
2015-07-14,-0.09629981024667922
2015-07-15,-0.10541176470588232
2015-07-16,-0.07867298578199056
2015-07-17,-0.07191119691119685
2015-07-20,-0.10950313555233959
2015-07-21,-0.10795180722891562
2015-07-22,-0.12595419847328249
2015-07-23,-0.1562938699110903
2015-07-24,-0.16179245283018873
2015-07-27,-0.18266978922716637
2015-07-28,-0.18532280538783097
2015-07-29,-0.15370108439415375
2015-07-30,-0.1586174242424243
2015-07-31,-0.17666354264292405
2015-08-03,-0.2005519779208832
2015-08-04,-0.18683356513676408
2015-08-05,-0.1785714285714286
2015-08-06,-0.14676258992805769
2015-08-07,-0.14394661582459478
2015-08-10,-0.10576464983325384
2015-08-11,-0.12020823473734021
2015-08-12,-0.14252116650987778
2015-08-13,-0.15018656716417922
2015-08-14,-0.14312529328953527
2015-08-17,-0.1429240862230553
2015-08-18,-0.14935988620199137
2015-08-19,-0.1613517372679677
2015-08-20,-0.18229414564493107
2015-08-21,-0.19713603818615744
2015-08-24,-0.2209645669291339
2015-08-25,-0.23448275862068968
2015-08-26,-0.21198613174839032
2015-08-27,-0.15880893300248133
2015-08-28,-0.14625681705503235
2015-08-31,-0.16618497109826602
2015-09-01,-0.18367346938775497
2015-09-02,-0.1810261374636979
2015-09-03,-0.16569484936831858
2015-09-04,-0.1647921760391199
2015-09-08,-0.1600587371512482
2015-09-09,-0.16964717254712425
2015-09-10,-0.16001969473165933
2015-09-11,-0.15882352941176459
2015-09-14,-0.16443119721808241
2015-09-15,-0.15269461077844304
2015-09-16,-0.13016845329249616
2015-09-17,-0.11508951406649615
2015-09-18,-0.14249103024090215
2015-09-21,-0.17844611528822052
2015-09-22,-0.20526838966202787
2015-09-23,-0.2210630899155489
2015-09-24,-0.21442986881937431
2015-09-25,-0.20518029456576947
2015-09-28,-0.2197916666666666
2015-09-29,-0.2154006243496357
2015-09-30,-0.1909042834479111
2015-10-01,-0.19589257503949442
2015-10-02,-0.17095391211146838
2015-10-05,-0.1282327586206896
2015-10-06,-0.0978441127694859
2015-10-07,-0.0847457627118644
2015-10-08,-0.09877202349172454
2015-10-09,-0.09792442788717404
2015-10-12,-0.1028871391076116
2015-10-13,-0.11362440820620723
2015-10-14,-0.13117283950617287
2015-10-15,-0.12116484659386384
2015-10-16,-0.07313109425785491
2015-10-19,-0.09832522960561862
2015-10-20,-0.08788209606986896
2015-10-21,-0.08097615085967835
2015-10-22,-0.05008441193021951
2015-10-23,-0.010888252148997024
2015-10-26,0.03477765108323827
2015-10-27,0.005013927576601684
2015-10-28,0.05908835115362976
2015-10-29,0.07114399544678429
2015-10-30,0.1018411967779056
2015-11-02,0.06955530216647676
2015-11-03,0.07208237986270016
2015-11-04,0.04890387858347389
2015-11-05,0.040645879732739365
2015-11-06,-0.008524240809802852
2015-11-09,-0.0064550833781603645
2015-11-10,0.01371365880416886
2015-11-11,0.020307354555433754
2015-11-12,0.010952902519167473
2015-11-13,0.006560962274466897
2015-11-16,0.04013377926421402
2015-11-17,0.04483541430192961
2015-11-18,0.08498253783469156
2015-11-19,0.10404280618311534
2015-11-20,0.1958307012002527
2015-11-23,0.18211068211068215
2015-11-24,0.15147705845380255
2015-11-25,0.06135693215339222
2015-11-27,0.04065040650406515
2015-11-30,0.04679376083188913
2015-12-01,0.07202380952380949
2015-12-02,0.047281323877068404
2015-12-03,0.020966802562609077
2015-12-04,0.024590163934426368
2015-12-07,-0.006993006993007089
2015-12-08,-0.013969732246798539
2015-12-09,0.004103165298944944
2015-12-10,0.005244755244755206
2015-12-11,-0.0011890606420926764
2015-12-14,-0.025912838633686763
2015-12-15,0.0023474178403755097
2015-12-16,-0.009248554913294793
2015-12-17,0.026897788404064427
2015-12-18,0.02806589383770608
2015-12-21,0.05378361475922455
2015-12-22,0.1026785714285714
2015-12-23,0.12845215157353884
2015-12-24,0.12587859424920134
2015-12-28,0.17489986648865163
2015-12-29,0.16843501326259958
2015-12-30,0.14836601307189534
2015-12-31,0.14603798297314996
2016-01-04,0.11376858435681969
2016-01-05,0.0667490729295428
2016-01-06,0.03921568627450989
2016-01-07,-0.009557945041816063
2016-01-08,-0.03613744075829384
2016-01-11,-0.0436578171091444
2016-01-12,-0.04564072557050913
2016-01-13,-0.0439169139465877
2016-01-14,-0.04440497335701599
2016-01-15,-0.07692307692307687
2016-01-19,-0.09877264757451776
2016-01-20,-0.09346914319952071
2016-01-21,-0.08438061041292644
2016-01-22,-0.0380205190102596
2016-01-25,-0.07523696682464454
2016-01-26,-0.0741599073001159
2016-01-27,-0.1206611570247933
2016-01-28,-0.10088691796008875
2016-01-29,-0.11795961742826777
2016-02-01,-0.11636556854410207
2016-02-02,-0.15613577023498693
2016-02-03,-0.14285714285714302
2016-02-04,-0.10992529348986124
2016-02-05,-0.11146838156484473
2016-02-08,-0.12573568753344044
2016-02-09,-0.1348737238044061
2016-02-10,-0.12344342176502421
2016-02-11,-0.13582251082251084
2016-02-12,-0.12641204948897267
2016-02-16,-0.09696641386782223
2016-02-17,-0.07007061379684953
2016-02-18,-0.07556270096463025
2016-02-19,-0.0684410646387833
2016-02-22,-0.05901287553648071
2016-02-23,-0.06785137318255263
2016-02-24,-0.07395668251452714
2016-02-25,-0.026129559063690855
2016-02-26,-0.020742358078602585
2016-02-29,-0.004446914952751402
2016-03-01,0.003906249999999778
2016-03-02,0.0033112582781456013
2016-03-03,0.015546918378678276
2016-03-04,0.03950338600451486
2016-03-07,0.0484883057615515
2016-03-08,0.03828571428571448
2016-03-09,0.07276995305164324
2016-03-10,0.07142857142857117
2016-03-11,0.07122008172796268
2016-03-14,0.06144927536231881
2016-03-15,0.07738095238095233
2016-03-16,0.11487303506650548
2016-03-17,0.08665105386416871
2016-03-18,0.08343057176196034
2016-03-21,0.0867287543655415
2016-03-22,0.1091988130563799
2016-03-23,0.08724035608308589
2016-03-24,0.06304222093695788
2016-03-28,0.04610130904951615
2016-03-29,0.04483541430192961
2016-03-30,0.05909090909090908
2016-03-31,0.061293984108967026
2016-04-01,0.05748434832100169
2016-04-04,0.05542857142857138
2016-04-05,0.0522344747533372
2016-04-06,0.04750869061413643
2016-04-07,0.04952830188679247
2016-04-08,0.10193003618817853
2016-04-11,0.1303011677934851
2016-04-12,0.1690314620604565
2016-04-13,0.18761496014714907
2016-04-14,0.21291123525760391
2016-04-15,0.21251548946716237
2016-04-18,0.26346153846153864
2016-04-19,0.32230869001297013
2016-04-20,0.35360211500330463
2016-04-21,0.33529411764705874
2016-04-22,0.2691342534504393
2016-04-25,0.262011531069827
2016-04-26,0.2528160200250311
2016-04-27,0.26315789473684204
2016-04-28,0.2398273736128238
2016-04-29,0.2090361445783131
2016-05-02,0.20084185207456406
2016-05-03,0.20482673267326734
2016-05-04,0.2077114427860698
2016-05-05,0.17565947242206237
2016-05-06,0.19541616405307605
2016-05-09,0.19706242350061198
2016-05-10,0.24534161490683215
2016-05-11,0.24397776405188387
2016-05-12,0.2692548528490919
2016-05-13,0.2216748768472907
2016-05-16,0.185362927414517
2016-05-17,0.15595794392523343
2016-05-18,0.14550724637681167
2016-05-19,0.13877551020408174
2016-05-20,0.1265678449258838
2016-05-23,0.14269208549971135
2016-05-24,0.13348545350827146
2016-05-25,0.11738401341531568
2016-05-26,0.12430323299888513
2016-05-27,0.12841987716359582
2016-05-31,0.11895497498610341
2016-06-01,0.10506050605060513
2016-06-02,0.11372334609076007
2016-06-03,0.11509229098805629
2016-06-06,0.13547334058759541
2016-06-07,0.17941662080352216
2016-06-08,0.1772428884026258
2016-06-09,0.1768595041322314
2016-06-10,0.1427792915531334
2016-06-13,0.13216821409066104
2016-06-14,0.14861878453038657
2016-06-15,0.1388286334056399
2016-06-16,0.12715517241379337
2016-06-17,0.14431879375336565
2016-06-20,0.15050883770755208
2016-06-21,0.1401819154628141
2016-06-22,0.16921397379912673
2016-06-23,0.17627856365614814
2016-06-24,0.12078346028291631
2016-06-27,0.08962520369364468
2016-06-28,0.11212446351931327
2016-06-29,0.14117647058823524
2016-06-30,0.16146393972012918
2016-07-01,0.17541959935029783
2016-07-05,0.19249862107004967
2016-07-06,0.1924778761061947
2016-07-07,0.20224719101123578
2016-07-08,0.19649698960043782
2016-07-11,0.19303969548667754
2016-07-12,0.17203166226912936
2016-07-13,0.14558595766649463
2016-07-14,0.1432958034800409
2016-07-15,0.13438937148696972
2016-07-18,0.12836123795027898
2016-07-19,0.08239333006375671
2016-07-20,0.07470703125
2016-07-21,0.07586882036221243
2016-07-22,0.09243697478991608
2016-07-25,0.1040609137055839
2016-07-26,0.08841158841158836
2016-07-27,0.07490079365079372
2016-07-28,0.07409249129786177
2016-07-29,0.08918784255107126
2016-08-01,0.08312468703054576
2016-08-02,0.10683102208525952
2016-08-03,0.111740473738414
2016-08-04,0.11677715451300363
2016-08-05,0.11654894046417752
2016-08-08,0.138036809815951
2016-08-09,0.10922693266832906
2016-08-10,0.10526315789473695
2016-08-11,0.11100148001973364
2016-08-12,0.12752016129032273
2016-08-15,0.1325910931174088
2016-08-16,0.13239009600808505
2016-08-17,0.12803643724696334
2016-08-18,0.1520737327188939
2016-08-19,0.12246963562753033
2016-08-22,0.11678463094034375
2016-08-23,0.11675893306492191
2016-08-24,0.10455227613806906
2016-08-25,0.09419930589985115
2016-08-26,0.07867392380009885
2016-08-29,0.08743169398907114
2016-08-30,0.08262817322050764
2016-08-31,0.06823760432007853
2016-09-01,0.06767283349561826
2016-09-02,0.06995687589841859
2016-09-06,0.050396640223985045
2016-09-07,0.0511152416356877
2016-09-08,0.04868913857677892
2016-09-09,0.0386266094420602
2016-09-12,0.05547515677761683
2016-09-13,0.032708032708032686
2016-09-14,0.02571428571428558
2016-09-15,0.04875717017208414
2016-09-16,0.021647058823529353
2016-09-19,0.025605214152700118
2016-09-20,0.02674800563115909
2016-09-21,0.04341736694677878
2016-09-22,0.057354301572617894
2016-09-23,0.09368932038834954
2016-09-26,0.11216350947158515
2016-09-27,0.07332368547998058
2016-09-28,0.06138706654170556
2016-09-29,0.05468025949953681
2016-09-30,0.06448641179180092
2016-10-03,0.07585568917668817
2016-10-04,0.07745825602968459
2016-10-05,0.09766355140186911
2016-10-06,0.07548032936871008
2016-10-07,0.07429352780309939
2016-10-10,0.0643854119765872
2016-10-11,0.05317710680486698
2016-10-12,0.0465532676812892
2016-10-13,0.03513513513513522
2016-10-14,0.03732014388489224
2016-10-17,0.051653828726778483
2016-10-18,0.05997273966378902
2016-10-19,0.07279344858962689
2016-10-20,0.06696832579185497
2016-10-21,0.08229885057471265
2016-10-24,0.08903166590178979
2016-10-25,0.08537148131056749
2016-10-26,0.07870370370370372
2016-10-27,0.05992680695333963
2016-10-28,0.0684234858992141
2016-10-31,0.06867749419953606
2016-11-01,0.062065771190365826
2016-11-02,0.022831050228310446
2016-11-03,0.011296882060551239
2016-11-04,0.009883198562443685
2016-11-07,0.02248201438848918
2016-11-08,0.026504941599281295
2016-11-09,0.018206039076376523
2016-11-10,-0.003129190880643784
2016-11-11,-0.030384271671134888
2016-11-14,-0.032128514056224855
2016-11-15,-0.008075370121130576
2016-11-16,-0.025777777777777677
2016-11-17,-0.009918845807033283
2016-11-18,-0.010411951109099205
2016-11-21,0.008562415502478382
2016-11-22,0.02083333333333348
2016-11-23,0.0208427729950158
2016-11-25,0.02706422018348631
2016-11-28,0.021470991320237554
2016-11-29,0.01885057471264373
2016-11-30,0.028033088235294157
2016-12-01,0.007751937984496138
2016-12-02,-0.00447828034034925
2016-12-05,0.0026654820079963226
2016-12-06,-0.0035366931918656697
2016-12-07,0.01383928571428572
2016-12-08,0.03305785123966931
2016-12-09,0.023308957952468123
2016-12-12,0.036795528644620434
2016-12-13,0.04456824512534818
2016-12-14,0.010027347310847645
2016-12-15,0.017503454629202997
2016-12-16,-0.0077167498865184925
2016-12-19,-0.01645338208409508
2016-12-20,-0.02997762863534681
2016-12-21,-0.04505686789151364
2016-12-22,-0.03328894806924099
2016-12-23,-0.020618556701030855
2016-12-27,-0.007191011235955114
2016-12-28,-0.029580573951434763
2016-12-29,-0.01493848857644986
2016-12-30,-0.03072263089571614
2017-01-03,-0.011177987962166847
2017-01-04,-0.0021523891519587
2017-01-05,0.0008514261387826405
2017-01-06,0.005529561888558021
2017-01-09,0.007636826474331837
2017-01-10,0.029187817258883086
2017-01-11,0.03851091142490359
2017-01-12,0.03464499572284008
2017-01-13,0.06222802436901653
2017-01-17,0.061118335500650156
2017-01-18,0.0542869452822059
2017-01-19,0.03943420488641247
2017-01-20,0.04028837998303669
2017-01-23,0.057251908396946716
2017-01-24,0.06711979609175889
2017-01-25,0.06531816266329549
2017-01-26,0.0659013605442178
2017-01-27,0.07339055793991411
2017-01-30,0.07078118256365973
2017-01-31,0.07918649935093036
2017-02-01,0.09075119409465904
2017-02-02,0.10946358482337559
2017-02-03,0.14866071428571437
2017-02-06,0.15058087578194823
2017-02-07,0.14012455516014222
2017-02-08,0.12137203166226929
2017-02-09,0.1295404814004375
2017-02-10,0.13824683820322736
2017-02-13,0.1713004484304932
2017-02-14,0.2087557603686636
2017-02-15,0.21438450899031802
2017-02-16,0.1777476255088195
2017-02-17,0.18202554744525545
2017-02-21,0.19444444444444442
2017-02-22,0.20036596523330275
2017-02-23,0.15415549597855227
2017-02-24,0.14063886424134875
2017-02-27,0.13803817132711926
2017-02-28,0.14024117909781153
2017-03-01,0.1636851520572451
2017-03-02,0.15794223826714804
2017-03-03,0.15914170764416613
2017-03-06,0.16742081447963786
2017-03-07,0.15699505173189365
2017-03-08,0.13602126716880814
2017-03-09,0.12910381543921923
2017-03-10,0.129458388375165
2017-03-13,0.15688888888888886
2017-03-14,0.1598928092898615
2017-03-15,0.18957771787960453
2017-03-16,0.19155555555555548
2017-03-17,0.20442238267148016
2017-03-20,0.21819827976459938
2017-03-21,0.20219579139981714
2017-03-22,0.22815985130111516
2017-03-23,0.22509225092250928
2017-03-24,0.2281264315162621
2017-03-27,0.23094582185491275
2017-03-28,0.23844393592677338
2017-03-29,0.23494794024445453
2017-03-30,0.24795268425841677
2017-03-31,0.22390722569134702
2017-04-03,0.24464285714285716
2017-04-04,0.21999999999999997
2017-04-05,0.19585849870578076
2017-04-06,0.18970650786899168
2017-04-07,0.18443316412859567
2017-04-10,0.18652631578947365
2017-04-11,0.16481709823263468
2017-04-12,0.1553358055212195
2017-04-13,0.15088879702356328
2017-04-17,0.15526423596886518
2017-04-18,0.14256535947712412
2017-04-19,0.13608500204331841
2017-04-20,0.15505154639175256
2017-04-21,0.13493681206685681
2017-04-24,0.12755716004813467
2017-04-25,0.12141719745222934
2017-04-26,0.10522151898734178
2017-04-27,0.10929397686477849
2017-04-28,0.1139544182327068
2017-05-01,0.132204756146715
2017-05-02,0.1327185244587008
2017-05-03,0.12858280254777066
2017-05-04,0.10062893081761004
2017-05-05,0.13136416634279047
2017-05-08,0.12388349514563113
2017-05-09,0.13226687475614507
2017-05-10,0.1490196078431374
2017-05-11,0.1367686943045332
2017-05-12,0.13180076628352477
2017-05-15,0.15122511485451762
2017-05-16,0.1528783835303087
2017-05-17,0.11921032649962027
2017-05-18,0.10061443932411684
2017-05-19,0.13045156310304895
2017-05-22,0.11361036980556616
2017-05-23,0.11471036585365857
2017-05-24,0.1444057297715835
2017-05-25,0.15908206923376111
2017-05-26,0.17004680187207488
2017-05-30,0.16137877007442225
2017-05-31,0.1314373558800923
2017-06-01,0.167186282151208
2017-06-02,0.15541843424604718
2017-06-05,0.1581395348837209
2017-06-06,0.1652410575427683
2017-06-07,0.16302652106084237
2017-06-08,0.1662082514734775
2017-06-09,0.1442495126705654
2017-06-12,0.11371494429504403
2017-06-13,0.12052368117058165
2017-06-14,0.08421450151057397
2017-06-15,0.05445729205520333
2017-06-16,0.06594230048707383
2017-06-19,0.07878112225938327
2017-06-20,0.10045662100456632
2017-06-21,0.07226636398032538
2017-06-22,0.08471385542168686
2017-06-23,0.07012308839985093
2017-06-26,0.06527415143603132
2017-06-27,0.04028085735402809
2017-06-28,0.048753665689149406
2017-06-29,0.030987969376595093
2017-06-30,0.036807580174927024
2017-07-03,0.038737446197991465
2017-07-05,0.026015680684247977
2017-07-06,0.030303030303030276
2017-07-07,0.017161244190203817
2017-07-10,0.01749999999999985
2017-07-11,0.01738821859474804
2017-07-12,0.03246294989414267
2017-07-13,0.03922967189728954
2017-07-14,0.04920977011494254
2017-07-17,0.030496453900709097
2017-07-18,0.026814444047193353
2017-07-19,0.0399280575539569
2017-07-20,0.035701535166012155
2017-07-21,0.03412356321839072
2017-07-24,0.023479188900747072
2017-07-25,0.025914093006744743
2017-07-26,0.03722261989978515
2017-07-27,0.04207119741100329
2017-07-28,0.04127781765972727
2017-07-31,0.027055891776432972
2017-08-01,0.022654867256637123
2017-08-02,0.015520282186948675
2017-08-03,0.024285714285714244
2017-08-04,-0.03813122638268629
2017-08-07,-0.04042847270214245
2017-08-08,-0.05065472088215017
2017-08-09,-0.06723549488054614
2017-08-10,-0.08111792774369453
2017-08-11,-0.07345971563981035
2017-08-14,-0.05453940804788826
2017-08-15,-0.06382275132275128
2017-08-16,-0.03663500678426057
2017-08-17,-0.023028611304954594
2017-08-18,-0.03789689313758959
2017-08-21,-0.03697363916466967
2017-08-22,-0.032136752136752156
2017-08-23,-0.033152909336941816
2017-08-24,-0.034563758389261734
2017-08-25,-0.03633333333333333
2017-08-28,-0.026981450252950956
2017-08-29,-0.026834239130434923
2017-08-30,-0.04340567612687818
2017-08-31,-0.03671562082777036
2017-09-01,-0.028112449799196804
2017-09-05,-0.01501501501501501
2017-09-06,-0.0057008718980550155
2017-09-07,0.002358490566037652
2017-09-08,0.0037478705281090985
2017-09-11,0.03966885132804432
2017-09-12,0.03848797250859093
2017-09-13,0.056426332288401104
2017-09-14,0.07039264237707821
2017-09-15,0.06326889279437609
2017-09-18,0.04788150189459173
2017-09-19,0.05947441217150762
2017-09-20,0.0748059280169373
2017-09-21,0.05484206872613684
2017-09-22,0.07424189613105603
2017-09-25,0.05847338935574231
2017-09-26,0.07282415630550632
2017-09-27,0.05347780496329957
2017-09-28,0.0724893917963223
2017-09-29,0.08576449912126538
2017-10-02,0.07700276243093929
2017-10-03,0.0885724209795069
2017-10-04,0.0980392156862746
2017-10-05,0.10931458699472762
2017-10-06,0.1035451035451036
2017-10-09,0.09312870596442258
2017-10-10,0.07382091592617912
2017-10-11,0.0813315030885382
2017-10-12,0.056145155768572375
2017-10-13,0.06641431520991059
2017-10-16,0.06720055710306405
2017-10-17,0.05880318228986514
2017-10-18,0.05756635642881758
2017-10-19,0.06182702327196954
2017-10-20,0.06082725060827254
2017-10-23,0.0761245674740485
2017-10-24,0.07280883367839897
2017-10-25,0.06556245686680473
2017-10-26,0.06446053085143055
2017-10-27,0.07279029462738285
2017-10-30,0.0678435444790586
2017-10-31,0.0795415074678707
2017-11-01,0.08193863319386341
2017-11-02,0.11642857142857155
2017-11-03,0.1501620453727044
2017-11-06,0.17350272232304897
2017-11-07,0.16319063300402492
2017-11-08,0.17841246290801172
2017-11-09,0.16149068322981353
2017-11-10,0.10587407667956383
2017-11-13,0.0964323560579301
2017-11-14,0.04929577464788748
2017-11-15,0.07571428571428584
2017-11-16,0.09439318665720364
2017-11-17,0.1038037682189834
2017-11-20,0.08901448251501232
2017-11-21,0.0899230230930721
2017-11-22,0.09280500521376434
2017-11-24,0.09927360774818395
2017-11-27,0.08873483535528592
2017-11-28,0.09109947643979077
2017-11-29,0.08726003490401402
2017-11-30,0.08627858627858642
2017-12-01,0.08333333333333348
2017-12-04,0.06605691056910556
2017-12-05,0.05868465430016867
2017-12-06,0.056806722689075606
2017-12-07,0.07841140529531554
2017-12-08,0.0733244857332449
2017-12-11,0.09000661813368627
2017-12-12,0.09990108803165176
2017-12-13,0.12359550561797739
2017-12-14,0.11702479338842964
2017-12-15,0.10585141354372118
2017-12-18,0.11325065274151425
2017-12-19,0.13000656598818128
2017-12-20,0.1322803553800591
2017-12-21,0.11745619727449697
2017-12-22,0.14125041349652667
2017-12-26,0.14172185430463569
2017-12-27,0.14830789648307885
2017-12-28,0.14045499505440184
2017-12-29,0.11589511168663003
2018-01-02,0.12504007694773978
2018-01-03,0.12858966177409048
2018-01-04,0.1345663265306123
2018-01-05,0.1286438529784537
2018-01-08,0.13517811704834592
2018-01-09,0.13497128270580738
2018-01-10,0.1320814767663907
2018-01-11,0.14154236750238014
2018-01-12,0.17990275526742283
2018-01-16,0.17844465956760258
2018-01-17,0.19641109298531823
2018-01-18,0.2025481868670369
2018-01-19,0.19328552803129084
2018-01-22,0.20673863264638537
2018-01-23,0.2080602883355176
2018-01-24,0.1852090032154341
2018-01-25,0.18462528144097767
2018-01-26,0.21340673575129543
2018-01-29,0.19851036269430056
2018-01-30,0.1861066235864297
2018-01-31,0.2074554294975688
2018-02-01,0.1936936936936937
2018-02-02,0.14534321624234603
2018-02-05,0.09628918746001291
2018-02-06,0.09142141515341251
2018-02-07,0.06278997834828326
2018-02-08,0.04781377791758423
2018-02-09,0.034938621340887765
2018-02-12,0.07423718150361758
2018-02-13,0.09255725190839703
2018-02-14,0.13981958762886615
2018-02-15,0.20369127516778507
2018-02-16,0.19422310756972094
2018-02-20,0.16926070038910512
2018-02-21,0.1561996779388084
2018-02-22,0.16931560168666882
2018-02-23,0.17207062600321033
2018-02-26,0.17080152671755733
2018-02-27,0.12995594713656367
2018-02-28,0.15058898439987267
2018-03-01,0.14555342290467044
2018-03-02,0.14382022471910116
2018-03-05,0.1393939393939394
2018-03-06,0.15416401780038158
2018-03-07,0.1483952971083573
2018-03-08,0.14558776680471497
2018-03-09,0.17716284987277353
2018-03-12,0.16902738432483488
2018-03-13,0.14003091190108186
2018-03-14,0.11384335154826952
2018-03-15,0.08723021582733814
2018-03-16,0.059705882352941275
2018-03-19,0.04409588635691031
2018-03-20,0.04785969084423303
2018-03-21,0.04456171210788629
2018-03-22,0.006391632771644451
2018-03-23,-0.007265329845975055
2018-03-26,0.012195121951219523
2018-03-27,0.0
2018-03-28,-0.009280742459396807
2018-03-29,0.006356544351343585
2018-04-02,-0.0005782017924256255
2018-04-03,0.003191180736872523
2018-04-04,-0.0054146480478770576
2018-04-05,-0.008199038733389896
2018-04-06,-0.023327712197863892
2018-04-09,-0.025266704098820814
2018-04-10,-0.01456990753712517
2018-04-11,-0.02361540624121461
2018-04-12,-0.02024177677818384
2018-04-13,-0.03669724770642202
2018-04-16,-0.05686813186813189
2018-04-17,-0.04189485213581601
2018-04-18,-0.03763294245977644
2018-04-19,-0.0546047269763652
2018-04-20,-0.06036602021305659
2018-04-23,-0.0666847384114937
2018-04-24,-0.06644968809330065
2018-04-25,-0.07867607162235479
2018-04-26,-0.08525658430627203
2018-04-27,-0.09607686148919137
2018-04-30,-0.0778168062685759
2018-05-01,-0.08199400708253879
2018-05-02,-0.10899328859060409
2018-05-03,-0.13315363881401632
2018-05-04,-0.10129431626336516
2018-05-07,-0.06974029763641676
2018-05-08,-0.11560527825588074
2018-05-09,-0.09138533178114083
2018-05-10,-0.051335935154608214
2018-05-11,-0.06295620437956218
2018-05-14,-0.11888726207906297
2018-05-15,-0.12052401746724895
2018-05-16,-0.1271905031091013
2018-05-17,-0.13827711179258428
2018-05-18,-0.14400889630247427
2018-05-21,-0.14531336661120364
2018-05-22,-0.14623955431754876
2018-05-23,-0.15145631067961163
2018-05-24,-0.16379074226239376
2018-05-25,-0.17332246672099982
2018-05-29,-0.18824839877471455
2018-05-30,-0.18649695628112894
2018-05-31,-0.18737782742250764
2018-06-01,-0.18243053606511372
2018-06-04,-0.16685330347144445
2018-06-05,-0.16386670338749665
2018-06-06,-0.1571665744327615
2018-06-07,-0.1738042269187987
2018-06-08,-0.18616590110780862
2018-06-11,-0.18524501884760358
2018-06-12,-0.18438177874186557
2018-06-13,-0.19978195693649492
2018-06-14,-0.20760959470636897
2018-06-15,-0.21121287815709133
2018-06-18,-0.22363945578231292
2018-06-19,-0.21418439716312054
2018-06-20,-0.2194779680044907
2018-06-21,-0.18389145496535797
2018-06-22,-0.16774004683840738
2018-06-25,-0.20740103270223753
2018-06-26,-0.20028985507246377
2018-06-27,-0.22804449648711933
2018-06-28,-0.23341946597760554
2018-06-29,-0.23835695689904546
2018-07-02,-0.24985540775014448
2018-07-03,-0.22263610315186244
2018-07-05,-0.22006841505131125
2018-07-06,-0.2060431654676259
2018-07-09,-0.19498847926267282
2018-07-10,-0.20614159795280063
2018-07-11,-0.20875323927440248
2018-07-12,-0.20459110473457687
2018-07-13,-0.19538239538239532
2018-07-16,-0.18176521992426442
2018-07-17,-0.18462417833666767
2018-07-18,-0.17937092660810428
2018-07-19,-0.17097701149425282
2018-07-20,-0.15319767441860466
2018-07-23,-0.16410107464420565
2018-07-24,-0.16153399186519468
2018-07-25,-0.13280329799764434
2018-07-26,-0.12525972098545557
2018-07-27,-0.1375848833776202
2018-07-30,-0.15235862877234108
2018-07-31,-0.14183976261127595
2018-08-01,-0.12955709551069594
2018-08-02,-0.12126865671641773
2018-08-03,-0.10331872260488417
2018-08-06,-0.10069008782936006
2018-08-07,-0.08498216023353866
2018-08-08,-0.11050608584240873
2018-08-09,-0.09620253164556969
2018-08-10,-0.100941252839987
2018-08-13,-0.11100033233632434
2018-08-14,-0.10691823899371067
2018-08-15,-0.14443005181347146
2018-08-16,-0.15431899061792298
2018-08-17,-0.16726209808379344
2018-08-20,-0.16839714471122647
2018-08-21,-0.1543230016313213
2018-08-22,-0.13370382477933962
2018-08-23,-0.1342941369145103
2018-08-24,-0.12487676634899769
2018-08-27,-0.07478559176672384
2018-08-28,-0.09047619047619049
2018-08-29,-0.09415807560137468
2018-08-30,-0.1627188465499485
2018-08-31,-0.143481182795699
2018-09-04,-0.19532279314888013
2018-09-05,-0.1913985554826002
2018-09-06,-0.15449343655334902
2018-09-07,-0.16766268260292172
2018-09-10,-0.18605419695968284
2018-09-11,-0.19215425531914887
2018-09-12,-0.16212534059945494
2018-09-13,-0.14265831593597766
2018-09-14,-0.13265306122448994
2018-09-17,-0.08324205914567362
2018-09-18,-0.08736462093862807
2018-09-19,-0.06903991370010776
2018-09-20,-0.0459851432614079
2018-09-21,-0.05029897995075627
2018-09-24,-0.036916395222584164
2018-09-25,-0.02718376223269303
2018-09-26,0.01516875237011761
2018-09-27,-0.009363295880149836
2018-09-28,-0.013292821876186744
2018-10-01,0.004626060138781751
2018-10-02,-0.012532252119424991
2018-10-03,-0.021929824561403466
2018-10-04,-0.07212758245741202
2018-10-05,-0.09266547406082293
2018-10-08,-0.07808022922636115
2018-10-09,-0.06804949053857356
2018-10-10,-0.11435786435786433
2018-10-11,-0.1449067431850789
2018-10-12,-0.1256674973300107
2018-10-15,-0.13950227830354012
2018-10-16,-0.1391574585635359
2018-10-17,-0.14176776429809357
2018-10-18,-0.1771369721936148
2018-10-19,-0.1560111188325226
2018-10-22,-0.16216216216216217
2018-10-23,-0.1942275042444821
2018-10-24,-0.21581269087207333
2018-10-25,-0.1900034234851079
2018-10-26,-0.17421361908053923
2018-10-29,-0.1908713692946059
2018-10-30,-0.16995500173070266
2018-10-31,-0.12526539278131643
2018-11-01,-0.09182960893854741
2018-11-02,-0.07638646668991977
2018-11-05,-0.065579581708614
2018-11-06,-0.06517824990997478
2018-11-07,-0.08963585434173671
2018-11-08,-0.07870036101083033
2018-11-09,-0.059439252336448645
2018-11-12,-0.08154188287620456
2018-11-13,-0.08251324753974276
2018-11-14,-0.05049732211170621
2018-11-15,-0.0070202808112324044
2018-11-16,-0.0003901677721419583
2018-11-19,-0.028163580246913567
2018-11-20,-0.08641509433962258
2018-11-21,-0.06242905788876274
2018-11-23,-0.08674427337589186
2018-11-26,-0.08898776418242482
2018-11-27,-0.09274495138369476
2018-11-28,-0.058421851289833016
2018-11-29,0.03485034850348501
2018-11-30,-0.015692428403295322
2018-12-03,0.06017191977077352
2018-12-04,0.02923264311814866
2018-12-06,0.0015923566878981443
2018-12-07,-0.014758675708017588
2018-12-10,-0.00812017864393011
2018-12-11,0.013580246913580174
2018-12-12,0.013414634146341475
2018-12-13,-0.010551948051948146
2018-12-14,-0.025963488843813276
2018-12-17,-0.07805655117483079
2018-12-18,-0.081487341772152
2018-12-19,-0.11819235225955971
2018-12-20,-0.164627363737486
2018-12-21,-0.18222222222222229
2018-12-24,-0.19729425028184888
2018-12-26,-0.16989567809239936
2018-12-27,-0.14904744116548374
2018-12-28,-0.13572778827977316
2018-12-31,-0.10623556581986149
2019-01-02,-0.10514198004604758
2019-01-03,-0.1291526689063084
2019-01-04,-0.09080717488789247
2019-01-07,-0.024609375000000044
2019-01-08,-0.01143533123028384
2019-01-09,0.0011655011655011815
2019-01-10,0.009761811792268649
2019-01-11,0.0578411405295316
2019-01-14,0.08640939597315422
2019-01-15,0.05985342019543993
2019-01-16,0.056619144602851446
2019-01-17,0.041716807059767325
2019-01-18,0.06663974151857821
2019-01-22,0.06758448060075106
2019-01-23,0.06504734458624961
2019-01-24,0.08105872622001664
2019-01-25,0.12178676780446684
2019-01-28,0.1596711380354825
2019-01-29,0.13778529163144548
2019-01-30,0.14399330263708654
2019-01-31,0.18205128205128207
2019-02-01,0.15471226021684736
2019-02-04,0.13309061488673146
2019-02-05,0.07766243752402913
2019-02-06,0.03625377643504546
2019-02-07,0.024658573596358258
2019-02-08,0.04160246533127876
2019-02-11,0.04500000000000015
2019-02-12,0.08503134796238254
2019-02-13,0.08585055643879169
2019-02-14,0.10895883777239712
2019-02-15,0.13242574257425743
2019-02-19,0.09065269943593868
2019-02-20,0.06009426551453245
2019-02-21,0.04683840749414525
2019-02-22,0.08852719333068682
2019-02-25,0.12804626187525803
2019-02-26,0.08999192897497976
2019-02-27,0.15254934210526327
2019-02-28,0.13471713471713476
2019-03-01,0.12901896125309142
2019-03-04,0.10273972602739723
2019-03-05,0.08795562599049145
2019-03-06,0.07174172977281779
2019-03-07,0.022393822393822482
2019-03-08,0.04891518737672573
2019-03-11,0.09976152623211454
2019-03-12,0.12064777327935228
2019-03-13,0.1543184609087187
2019-03-14,0.13154689403166886
2019-03-15,0.13036502206177292
2019-03-18,0.17391304347826098
2019-03-19,0.18117451062057466
2019-03-20,0.23369330453563708
2019-03-21,0.2278208440999141
2019-03-22,0.21769601401664485
2019-03-25,0.23169107856191729
2019-03-26,0.24139492753623193
2019-03-27,0.24719101123595522
2019-03-28,0.2091561938958708
2019-03-29,0.19929762949956098
2019-04-01,0.2112860892388453
2019-04-02,0.17183462532299743
2019-04-03,0.16380789022298448
2019-04-04,0.156450921560223
2019-04-05,0.12001644060830263
2019-04-08,0.10212254705646773
2019-04-09,0.08416433984842442
2019-04-10,0.06596818005432681
2019-04-11,0.048337200309358064
2019-04-12,0.052753176742395214
2019-04-15,0.06911196911196926
2019-04-16,0.058394160583941535
2019-04-17,0.05936777178103303
2019-04-18,0.03658067000385068
2019-04-22,0.019689511548655725
2019-04-23,0.06682297772567414
2019-04-24,0.009277155005798177
2019-04-25,-0.01377199693955622
2019-04-26,-0.03305785123966953
2019-04-29,-0.03731343283582089
2019-04-30,-0.04234769687964346
2019-05-01,-0.058909623124771326
2019-05-02,-0.0683297180043384
2019-05-03,0.010111953773925597
2019-05-06,-0.009996429846483412
2019-05-07,-0.03960042811273634
2019-05-08,-0.005102040816326592
2019-05-09,0.01814142910033323
2019-05-10,0.01775147928994092
2019-05-13,-0.013986013986014068
2019-05-14,-0.019140483929216412
2019-05-15,0.010614934114202113
2019-05-16,0.029839883551673996
2019-05-17,0.008743169398907069
2019-05-20,0.020317694865164437
2019-05-21,0.042978881067061936
2019-05-22,0.04735272184936612
2019-05-23,0.01641137855579866
2019-05-24,0.0406444525814722
2019-05-28,0.0485005553498703
2019-05-29,-0.01070281840884768
2019-05-30,0.0035868005738881603
2019-05-31,0.016429353778751432
2019-06-03,0.017537449762513813
2019-06-04,0.0276766205389658
2019-06-05,0.05280773521755289
2019-06-06,0.07779456193353473
2019-06-07,0.0864986837156827
2019-06-10,0.0592699674737982
2019-06-11,0.09284682080924855
2019-06-12,0.11914893617021272
2019-06-13,0.13598851811984214
2019-06-14,0.09865152590489723
2019-06-17,0.08700209643605872
2019-06-18,0.10930888575458408
2019-06-19,0.1025910364145659
2019-06-20,0.11680112241318819
2019-06-21,0.14964028776978422
2019-06-24,0.14414414414414423
2019-06-25,0.15614739146296985
2019-06-26,0.1794294294294294
2019-06-27,0.17557535263548618
2019-06-28,0.1749633967789166
2019-07-01,0.16612495485734913
2019-07-02,0.19882396177875772
2019-07-03,0.20670596904937355
2019-07-05,0.2164566345441068
2019-07-08,0.20440366972477064
2019-07-09,0.20675872093023262
2019-07-10,0.23693892568064756
2019-07-11,0.22388059701492535
2019-07-12,0.24640354112873486
2019-07-15,0.20958302852962696
2019-07-16,0.18815456843625844
2019-07-17,0.1938294010889292
2019-07-18,0.1961426491994176
2019-07-19,0.19725111441307552
2019-07-22,0.18640920906052738
2019-07-23,0.1732600732600733
2019-07-24,0.2416698582918424
2019-07-25,0.2459270752521332
2019-07-26,0.2824397824397824
2019-07-29,0.2841085271317829
2019-07-30,0.27152831652443754
2019-07-31,0.2542768273716951
2019-08-01,0.2402017850213427
2019-08-02,0.13264211655345015
2019-08-05,0.10097367472051921
2019-08-06,0.15007429420505192
2019-08-07,0.13406593406593403
2019-08-08,0.16581818181818186
2019-08-09,0.2085755813953487
2019-08-12,-0.06159014557670772
2019-08-13,-0.06885125184094265
2019-08-14,-0.12241941325606664
2019-08-15,-0.1215547703180212
2019-08-16,-0.09606356085229328
2019-08-19,-0.1390296886314265
2019-08-20,-0.14955595026642976
2019-08-21,-0.12993948024207902
2019-08-22,-0.12199497667743098
2019-08-23,-0.16185784658691071
2019-08-26,-0.16596045197740106
2019-08-27,-0.16552470248827988
2019-08-28,-0.18048606147248036
2019-08-29,-0.1839080459770115
2019-08-30,-0.19712746858168773
2019-09-03,-0.2267895109851169
2019-09-04,-0.20558106676086185
2019-09-05,-0.18430273300630684
2019-09-06,-0.20422291450328844
2019-09-09,-0.22654384169225517
2019-09-10,-0.24958677685950414
2019-09-11,-0.27820025348542454
2019-09-12,-0.2804801010739103
2019-09-13,-0.2739018087855297
2019-09-16,-0.2655094824815172
2019-09-17,-0.2752701843610934
2019-09-18,-0.2797713559860273
2019-09-19,-0.2779522613065327
2019-09-20,-0.2856695869837297
2019-09-23,-0.29039370078740157
2019-09-24,-0.2969390975071
2019-09-25,-0.282622533418205
2019-09-26,-0.29017998105462584
2019-09-27,-0.2909657320872274
2019-09-30,-0.2957572003716321
2019-10-01,-0.30625383200490497
2019-10-02,-0.30900763358778627
2019-10-03,-0.30530164533820836
2019-10-04,-0.29737964655697746
2019-10-07,-0.30743751881963266
2019-10-08,-0.33729922665080303
2019-10-09,-0.3343248066627007
2019-10-10,-0.3208049718851731
2019-10-11,-0.3014817054732385
2019-10-14,-0.30729483282674774
2019-10-15,-0.3010033444816054
2019-10-16,-0.31153027076361417
2019-10-17,-0.29661805771020777
2019-10-18,-0.29890453834115804
2019-10-21,-0.2956603184514518
2019-10-22,-0.31369524984577424
2019-10-23,-0.30759651307596514
2019-10-24,-0.32202362920327177
2019-10-25,-0.32266827648656804
2019-10-28,-0.33068944478340445
2019-10-29,-0.3149411035337879
2019-10-30,-0.31038798498122655
2019-10-31,-0.3112373737373737
2019-11-01,-0.28431051424828035
2019-11-04,-0.28682170542635665
2019-11-05,-0.2845607235142119
2019-11-06,-0.32002495321272617
2019-11-07,-0.33704149128081773
2019-11-08,-0.13444709626093865
2019-11-11,-0.13641755634638197
2019-11-12,-0.10028889806025587
2019-11-13,-0.12550281576830258
2019-11-14,-0.12385137834598492
2019-11-15,-0.06686291000841038
2019-11-18,-0.09231411862990813
2019-11-19,-0.1014729950900164
2019-11-20,-0.07928075194115236
2019-11-21,-0.05205709487825361
2019-11-22,-0.03852667231160034
2019-11-25,0.005185825410544576
2019-11-26,0.01003052769297863
2019-11-27,0.047975352112676006
2019-11-29,0.05500894454382821
2019-12-02,0.060036663611365615
2019-12-03,0.015117830146731848
2019-12-04,0.002577319587628857
2019-12-05,0.02000869943453676
2019-12-06,0.05822673136303469
2019-12-09,0.07268722466960353
2019-12-10,0.04653204565408253
2019-12-11,0.05311676909569796
2019-12-12,0.08941281138790025
2019-12-13,0.0901531728665208
2019-12-16,0.09868421052631571
2019-12-17,0.10229276895943573
2019-12-18,0.10482818616789902
2019-12-19,0.11782742006132296
2019-12-20,0.15268530847758544
2019-12-23,0.20017953321364446
2019-12-24,0.19920141969831429
2019-12-26,0.22686832740213503
2019-12-27,0.19332161687170468
2019-12-30,0.1767810026385226
