Date,pcf
2005-08-10,12.2304
2005-08-11,12.3951
2005-08-12,12.413
2005-08-15,12.4477
2005-08-16,12.4792
2005-08-17,12.4585
2005-08-18,12.494
2005-08-19,12.4679
2005-08-22,12.6059
2005-08-23,12.6332
2005-08-24,12.6711
2005-08-25,12.5953
2005-08-26,12.7166
2005-08-29,12.5715
2005-08-30,12.7416
2005-08-31,12.6959
2005-09-01,13.0325
2005-09-02,13.1258
2005-09-05,13.2125
2005-09-06,13.1718
2005-09-07,13.1613
2005-09-08,13.1001
2005-09-09,13.2431
2005-09-12,13.4197
2005-09-13,13.4732
2005-09-14,13.428
2005-09-15,13.5886
2005-09-16,13.5945
2005-09-19,13.5945
2005-09-20,13.844899999999999
2005-09-21,13.8928
2005-09-22,13.8925
2005-09-23,13.8925
2005-09-26,14.2018
2005-09-27,13.4337
2005-09-28,13.8264
2005-09-29,14.122
2005-09-30,14.5477
2005-10-03,14.578
2005-10-04,14.6893
2005-10-05,14.5774
2005-10-06,14.1539
2005-10-07,14.1784
2005-10-10,14.1784
2005-10-11,14.544
2005-10-12,14.5178
2005-10-13,14.5297
2005-10-14,14.4409
2005-10-17,14.3783
2005-10-18,14.3897
2005-10-19,14.2336
2005-10-20,14.270199999999999
2005-10-21,14.2814
2005-10-24,14.1734
2005-10-25,14.3478
2005-10-26,14.4876
2005-10-27,14.632
2005-10-28,14.5522
2005-10-31,14.7987
2005-11-01,15.1039
2005-11-02,15.3436
2005-11-03,15.3436
2005-11-04,15.5829
2005-11-07,15.599
2005-11-08,15.6031
2005-11-09,15.523
2005-11-10,15.4877
2005-11-11,15.5839
2005-11-14,15.4426
2005-11-15,15.3871
2005-11-16,15.5411
2005-11-17,15.8069
2005-11-18,16.0491
2005-11-21,16.0419
2005-11-22,16.0146
2005-11-23,16.0146
2005-11-24,15.9448
2005-11-25,16.0666
2005-11-28,16.2375
2005-11-29,16.2185
2005-11-30,16.1003
2005-12-01,16.5817
2005-12-02,16.8509
2005-12-05,16.9748
2005-12-06,16.9081
2005-12-07,16.9823
2005-12-08,16.6564
2005-12-09,16.9227
2005-12-12,17.1884
2005-12-13,17.2954
2005-12-14,17.0147
2005-12-15,16.7874
2005-12-16,16.7541
2005-12-19,16.8628
2005-12-20,17.11
2005-12-21,17.3505
2005-12-22,17.3848
2005-12-23,17.368
2005-12-26,17.4458
2005-12-27,17.3008
2005-12-28,17.4902
2005-12-29,17.5778
2005-12-30,17.4466
2006-01-02,17.2354
2006-01-03,17.2354
2006-01-04,17.4825
2006-01-05,17.6119
2006-01-06,17.5879
2006-01-09,17.5879
2006-01-10,17.3048
2006-01-11,17.4536
2006-01-12,17.5692
2006-01-13,17.5437
2006-01-16,17.3763
2006-01-17,17.0202
2006-01-18,16.495
2006-01-19,16.9191
2006-01-20,17.0207
2006-01-23,16.664
2006-01-24,16.8803
2006-01-25,16.9279
2006-01-26,17.1822
2006-01-27,17.7175
2006-01-30,17.868
2006-01-31,17.9612
2006-02-01,19.1486
2006-02-02,19.3464
2006-02-03,19.2907
2006-02-06,19.3144
2006-02-07,19.3053
2006-02-08,18.8271
2006-02-09,18.9667
2006-02-10,18.7277
2006-02-13,18.3124
2006-02-14,18.5371
2006-02-15,18.4125
2006-02-16,18.5545
2006-02-17,18.295
2006-02-20,18.0254
2006-02-21,18.4729
2006-02-22,18.4096
2006-02-23,18.8071
2006-02-24,18.8812
2006-02-27,19.0475
2006-02-28,19.0915
2006-03-01,19.749
2006-03-02,19.7229
2006-03-03,19.4904
2006-03-06,19.6556
2006-03-07,19.5504
2006-03-08,19.4101
2006-03-09,19.8081
2006-03-10,19.8755
2006-03-13,20.1861
2006-03-14,20.0568
2006-03-15,20.0766
2006-03-16,19.824
2006-03-17,20.0479
2006-03-20,20.3327
2006-03-21,20.3327
2006-03-22,20.2825
2006-03-23,20.203
2006-03-24,20.3299
2006-03-27,20.407
2006-03-28,20.4692
2006-03-29,20.6935
2006-03-30,20.8802
2006-03-31,13.1375
2006-04-03,13.2908
2006-04-04,13.2496
2006-04-05,13.2448
2006-04-06,13.478
2006-04-07,13.5437
2006-04-10,13.4828
2006-04-11,13.43
2006-04-12,13.2183
2006-04-13,13.2357
2006-04-14,13.241
2006-04-17,13.0623
2006-04-18,13.2241
2006-04-19,13.2867
2006-04-20,13.3148
2006-04-21,13.3881
2006-04-24,13.052
2006-04-25,13.0907
2006-04-26,13.1163
2006-04-27,13.1595
2006-04-28,13.049
2006-05-01,13.0044
2006-05-02,13.1628
2006-05-03,13.1628
2006-05-04,13.1628
2006-05-05,13.1628
2006-05-08,13.3034
2006-05-09,13.2498
2006-05-10,13.0856
2006-05-11,12.9815
2006-05-12,12.8039
2006-05-15,12.7551
2006-05-16,12.4762
2006-05-17,12.5809
2006-05-18,12.3708
2006-05-19,12.408
2006-05-22,12.2118
2006-05-23,11.9352
2006-05-24,12.1633
2006-05-25,11.9715
2006-05-26,12.2013
2006-05-29,12.2187
2006-05-30,12.2057
2006-05-31,11.9408
2006-06-01,12.0845
2006-06-02,12.2662
2006-06-05,12.1759
2006-06-06,11.9745
2006-06-07,11.7143
2006-06-08,11.3406
2006-06-09,11.4587
2006-06-12,11.525
2006-06-13,11.0666
2006-06-14,11.1211
2006-06-15,11.2593
2006-06-16,11.6443
2006-06-19,11.5759
2006-06-20,11.438
2006-06-21,11.4102
2006-06-22,11.7453
2006-06-23,11.7283
2006-06-26,11.7639
2006-06-27,11.765
2006-06-28,11.594899999999999
2006-06-29,11.767900000000001
2006-06-30,12.8114
2006-07-03,12.857099999999999
2006-07-04,12.9248
2006-07-05,12.8192
2006-07-06,12.6798
2006-07-07,12.6957
2006-07-10,12.8725
2006-07-11,12.8044
2006-07-12,12.630700000000001
2006-07-13,12.5244
2006-07-14,12.2871
2006-07-17,12.2871
2006-07-18,11.9256
2006-07-19,11.9445
2006-07-20,12.3667
2006-07-21,12.2721
2006-07-24,12.262
2006-07-25,12.4501
2006-07-26,12.339
2006-07-27,12.5254
2006-07-28,12.6721
2006-07-31,12.7433
2006-08-01,12.705
2006-08-02,12.7164
2006-08-03,12.7279
2006-08-04,12.7399
2006-08-07,12.4891
2006-08-08,12.6832
2006-08-09,12.8144
2006-08-10,12.844
2006-08-11,12.7953
2006-08-14,12.9834
2006-08-15,13.0121
2006-08-16,13.213799999999999
2006-08-17,13.2329
2006-08-18,13.3105
2006-08-21,13.163
2006-08-22,13.3135
2006-08-23,13.3031
2006-08-24,13.158
2006-08-25,13.129
2006-08-28,12.9512
2006-08-29,13.0809
2006-08-30,13.0491
2006-08-31,13.2208
2006-09-01,13.2245
2006-09-04,13.3563
2006-09-05,13.3658
2006-09-06,13.2952
2006-09-07,13.0492
2006-09-08,13.1
2006-09-11,12.909
2006-09-12,12.8291
2006-09-13,12.8345
2006-09-14,12.9541
2006-09-15,12.9129
2006-09-18,12.9129
2006-09-19,12.8962
2006-09-20,12.7226
2006-09-21,12.8131
2006-09-22,12.674900000000001
2006-09-25,12.6327
2006-09-26,12.4148
2006-09-27,12.7519
2006-09-28,12.8455
2006-09-29,12.9118
2006-10-02,30.0326
2006-10-03,29.9042
2006-10-04,29.6492
2006-10-05,30.2421
2006-10-06,30.2899
2006-10-09,30.2899
2006-10-10,30.3406
2006-10-11,30.1612
2006-10-12,30.0194
2006-10-13,30.2693
2006-10-16,30.5849
2006-10-17,30.4357
2006-10-18,30.4457
2006-10-19,30.3535
2006-10-20,30.532
2006-10-23,30.808
2006-10-24,30.8874
2006-10-25,30.7843
2006-10-26,30.9993
2006-10-27,30.7394
2006-10-30,30.1748
2006-10-31,30.2083
2006-11-01,30.2975
2006-11-02,30.2406
2006-11-03,30.2406
2006-11-06,30.2254
2006-11-07,30.2412
2006-11-08,29.9228
2006-11-09,29.7681
2006-11-10,29.6082
2006-11-13,29.4147
2006-11-14,29.8986
2006-11-15,29.8345
2006-11-16,29.6392
2006-11-17,29.4951
2006-11-20,28.8357
2006-11-21,28.842
2006-11-22,29.1803
2006-11-23,29.1804
2006-11-24,28.8975
2006-11-27,29.1524
2006-11-28,29.1617
2006-11-29,29.6342
2006-11-30,30.0322
2006-12-01,29.8155
2006-12-04,29.8518
2006-12-05,29.703
2006-12-06,30.0212
2006-12-07,30.1649
2006-12-08,30.0566
2006-12-11,30.2795
2006-12-12,30.4525
2006-12-13,30.538
2006-12-14,30.7979
2006-12-15,30.907
2006-12-18,31.0622
2006-12-19,30.6989
2006-12-20,31.1008
2006-12-21,31.22
2006-12-22,31.2689
2006-12-25,31.1604
2006-12-26,31.2933
2006-12-27,31.379
2006-12-28,31.4317
2006-12-29,31.4821
2007-01-01,31.9663
2007-01-02,31.9663
2007-01-03,31.9663
2007-01-04,32.3058
2007-01-05,31.8324
2007-01-08,31.8324
2007-01-09,32.1365
2007-01-10,31.57
2007-01-11,31.4378
2007-01-12,31.973
2007-01-15,32.3235
2007-01-16,32.3015
2007-01-17,32.3849
2007-01-18,32.5475
2007-01-19,32.5077
2007-01-22,32.8073
2007-01-23,32.8227
2007-01-24,32.9903
2007-01-25,32.8334
2007-01-26,32.8147
2007-01-29,32.9361
2007-01-30,32.8894
2007-01-31,32.6613
2007-02-01,32.9589
2007-02-02,33.0397
2007-02-05,32.5253
2007-02-06,32.8441
2007-02-07,32.7647
2007-02-08,32.627
2007-02-09,33.0976
2007-02-12,33.0976
2007-02-13,33.3332
2007-02-14,33.5327
2007-02-15,33.7474
2007-02-16,33.6901
2007-02-19,33.787
2007-02-20,33.798
2007-02-21,33.8596
2007-02-22,34.1578
2007-02-23,34.4016
2007-02-26,34.4585
2007-02-27,34.3511
2007-02-28,33.5179
2007-03-01,33.2289
2007-03-02,32.8643
2007-03-05,31.7446
2007-03-06,32.3395
2007-03-07,32.2708
2007-03-08,32.8835
2007-03-09,33.0611
2007-03-12,33.267
2007-03-13,32.9747
2007-03-14,31.9827
2007-03-15,32.3745
2007-03-16,32.0576
2007-03-19,32.4376
2007-03-20,32.7045
2007-03-21,32.7045
2007-03-22,33.1679
2007-03-23,33.3757
2007-03-26,33.3501
2007-03-27,33.0487
2007-03-28,32.7804
2007-03-29,32.7802
2007-03-30,32.7938
2007-04-02,36.6509
2007-04-03,37.1537
2007-04-04,37.7262
2007-04-05,37.4879
2007-04-06,37.399
2007-04-09,37.8604
2007-04-10,37.8041
2007-04-11,37.8815
2007-04-12,37.5793
2007-04-13,37.1223
2007-04-16,37.6015
2007-04-17,37.4193
2007-04-18,37.7223
2007-04-19,37.2088
2007-04-20,37.278
2007-04-23,37.2067
2007-04-24,37.1694
2007-04-25,36.7397
2007-04-26,37.1094
2007-04-27,37.0262
2007-04-30,37.3294
2007-05-01,37.1477
2007-05-02,37.3932
2007-05-03,37.3932
2007-05-04,37.3932
2007-05-07,38.0479
2007-05-08,38.0423
2007-05-09,38.3348
2007-05-10,34.1091
2007-05-11,33.845
2007-05-14,34.0383
2007-05-15,33.6884
2007-05-16,33.7019
2007-05-17,33.6181
2007-05-18,33.4236
2007-05-21,33.7079
2007-05-22,34.0956
2007-05-23,34.2343
2007-05-24,34.2166
2007-05-25,33.7831
2007-05-28,33.9545
2007-05-29,34.2109
2007-05-30,34.1106
2007-05-31,33.9615
2007-06-01,33.5811
2007-06-04,33.6781
2007-06-05,33.7567
2007-06-06,33.7947
2007-06-07,33.7933
2007-06-08,33.3196
2007-06-11,33.404
2007-06-12,33.2513
2007-06-13,33.1291
2007-06-14,33.3343
2007-06-15,33.6404
2007-06-18,33.9479
2007-06-19,33.8207
2007-06-20,33.9006
2007-06-21,34.0046
2007-06-22,33.7962
2007-06-25,33.5615
2007-06-26,33.5498
2007-06-27,33.0448
2007-06-28,33.2027
2007-06-29,33.685
2007-07-02,29.8429
2007-07-03,29.8768
2007-07-04,29.8906
2007-07-05,29.9793
2007-07-06,29.8397
2007-07-09,30.0585
2007-07-10,30.0054
2007-07-11,29.6392
2007-07-12,29.5594
2007-07-13,29.9314
2007-07-16,29.9314
2007-07-17,29.8439
2007-07-18,29.5142
2007-07-19,29.6594
2007-07-20,29.8258
2007-07-23,29.5217
2007-07-24,29.6582
2007-07-25,29.4568
2007-07-26,29.1745
2007-07-27,28.3917
2007-07-30,28.4959
2007-07-31,28.597
2007-08-01,27.9822
2007-08-02,27.998
2007-08-03,28.0896
2007-08-06,28.0042
2007-08-07,27.895
2007-08-08,28.0469
2007-08-09,28.2861
2007-08-10,27.4552
2007-08-13,27.4172
2007-08-14,27.5066
2007-08-15,26.778
2007-08-16,26.321
2007-08-17,24.7921
2007-08-20,25.7147
2007-08-21,26.1638
2007-08-22,26.1002
2007-08-23,26.9152
2007-08-24,26.7862
2007-08-27,26.8242
2007-08-28,26.7277
2007-08-29,26.2707
2007-08-30,26.4558
2007-08-31,27.0181
2007-09-03,27.5715
2007-09-04,27.4096
2007-09-05,26.9653
2007-09-06,26.9771
2007-09-07,26.7511
2007-09-10,26.1916
2007-09-11,26.3152
2007-09-12,26.2618
2007-09-13,26.1856
2007-09-14,26.5876
2007-09-17,26.5876
2007-09-18,26.0069
2007-09-19,27.015
2007-09-20,27.0028
2007-09-21,26.7697
2007-09-24,27.3688
2007-09-25,27.6595
2007-09-26,27.7829
2007-09-27,28.4689
2007-09-28,28.505
2007-10-01,13.4466
2007-10-02,13.645199999999999
2007-10-03,13.8349
2007-10-04,13.7553
2007-10-05,13.7633
2007-10-08,13.7633
2007-10-09,13.7797
2007-10-10,13.7695
2007-10-11,13.933
2007-10-12,13.7898
2007-10-15,13.7667
2007-10-16,13.5119
2007-10-17,13.308
2007-10-18,13.4467
2007-10-19,13.2278
2007-10-22,12.9779
2007-10-23,13.035
2007-10-24,12.9775
2007-10-25,12.7893
2007-10-26,13.0357
2007-10-29,13.3152
2007-10-30,13.2967
2007-10-31,13.4052
2007-11-01,13.5452
2007-11-02,13.2465
2007-11-05,13.033
2007-11-06,13.0142
2007-11-07,12.878
2007-11-08,12.5541
2007-11-09,12.3624
2007-11-12,12.0551
2007-11-13,12.0327
2007-11-14,12.3808
2007-11-15,12.3741
2007-11-16,12.1479
2007-11-19,12.0298
2007-11-20,12.1366
2007-11-21,11.8726
2007-11-22,11.8681
2007-11-23,11.8681
2007-11-26,12.1187
2007-11-27,12.2037
2007-11-28,12.1697
2007-11-29,12.4975
2007-11-30,12.6671
2007-12-03,12.5685
2007-12-04,12.4292
2007-12-05,12.5129
2007-12-06,12.7377
2007-12-07,12.8219
2007-12-10,12.7901
2007-12-11,12.8729
2007-12-12,12.7791
2007-12-13,12.4452
2007-12-14,12.3235
2007-12-17,12.0937
2007-12-18,12.0608
2007-12-19,11.9634
2007-12-20,11.9834
2007-12-21,12.0948
2007-12-24,12.0946
2007-12-25,12.3336
2007-12-26,12.4249
2007-12-27,12.3523
2007-12-28,12.1644
2007-12-31,12.1278
2008-01-01,12.6054
2008-01-02,12.6054
2008-01-03,12.6054
2008-01-04,12.0686
2008-01-07,11.8891
2008-01-08,11.9907
2008-01-09,12.168
2008-01-10,11.9607
2008-01-11,11.7564
2008-01-14,11.7564
2008-01-15,11.5492
2008-01-16,11.1369
2008-01-17,11.3719
2008-01-18,11.4602
2008-01-21,11.1347
2008-01-22,10.4878
2008-01-23,10.5769
2008-01-24,10.8554
2008-01-25,11.373
2008-01-28,10.9052
2008-01-29,11.2153
2008-01-30,11.1391
2008-01-31,11.3359
2008-02-01,11.1802
2008-02-04,11.4184
2008-02-05,11.3413
2008-02-06,10.8546
2008-02-07,10.9155
2008-02-08,10.7533
2008-02-11,10.7533
2008-02-12,10.7645
2008-02-13,10.7673
2008-02-14,11.1686
2008-02-15,11.1936
2008-02-18,11.183
2008-02-19,11.2906
2008-02-20,10.9148
2008-02-21,11.1803
2008-02-22,11.0657
2008-02-25,11.3514
2008-02-26,11.3074
2008-02-27,11.4389
2008-02-28,11.3296
2008-02-29,11.0353
2008-03-03,10.5465
2008-03-04,10.5084
2008-03-05,10.5056
2008-03-06,10.6906
2008-03-07,10.3433
2008-03-10,10.1405
2008-03-11,10.2318
2008-03-12,10.3987
2008-03-13,10.0685
2008-03-14,9.8824
2008-03-17,9.5002
2008-03-18,9.6109
2008-03-19,9.8834
2008-03-20,9.8845
2008-03-21,10.0652
2008-03-24,10.1022
2008-03-25,10.27
2008-03-26,10.2022
2008-03-27,10.0988
2008-03-28,10.2475
2008-03-31,7.8921
2008-04-01,7.9881
2008-04-02,8.3437
2008-04-03,8.4596
2008-04-04,8.3941
2008-04-07,8.5079
2008-04-08,8.3591
2008-04-09,8.2605
2008-04-10,8.1717
2008-04-11,8.3737
2008-04-14,8.1528
2008-04-15,8.2213
2008-04-16,8.3251
2008-04-17,8.4747
2008-04-18,8.5492
2008-04-21,8.7511
2008-04-22,8.580400000000001
2008-04-23,8.6046
2008-04-24,8.5585
2008-04-25,8.7721
2008-04-28,8.91
2008-04-29,8.91
2008-04-30,8.8747
2008-05-01,8.7992
2008-05-02,9.0037
2008-05-05,9.0037
2008-05-06,9.0037
2008-05-07,9.1139
2008-05-08,8.9668
2008-05-09,8.76
2008-05-12,8.7639
2008-05-13,8.8829
2008-05-14,8.9513
2008-05-15,9.0784
2008-05-16,9.1095
2008-05-19,9.1697
2008-05-20,9.1578
2008-05-21,8.9578
2008-05-22,9.0165
2008-05-23,8.9875
2008-05-26,8.7746
2008-05-27,8.9346
2008-05-28,8.8116
2008-05-29,9.0244
2008-05-30,9.2024
2008-06-02,9.5052
2008-06-03,9.393
2008-06-04,9.5482
2008-06-05,9.4895
2008-06-06,9.5285
2008-06-09,9.3189
2008-06-10,9.2175
2008-06-11,9.2738
2008-06-12,9.0774
2008-06-13,9.1463
2008-06-16,9.3587
2008-06-17,9.3589
2008-06-18,9.4165
2008-06-19,9.1816
2008-06-20,9.0515
2008-06-23,8.9895
2008-06-24,8.9936
2008-06-25,8.9634
2008-06-26,8.9541
2008-06-27,8.7871
2008-06-30,8.5565
2008-07-01,8.5572
2008-07-02,8.4424
2008-07-03,8.4233
2008-07-04,8.4209
2008-07-07,8.5203
2008-07-08,8.3297
2008-07-09,8.3444
2008-07-10,8.3749
2008-07-11,8.3436
2008-07-14,8.3071
2008-07-15,8.1143
2008-07-16,8.0933
2008-07-17,8.1796
2008-07-18,8.1095
2008-07-21,8.0898
2008-07-22,8.330400000000001
2008-07-23,8.4289
2008-07-24,8.6147
2008-07-25,8.3874
2008-07-28,8.407399999999999
2008-07-29,8.2778
2008-07-30,8.4075
2008-07-31,8.3906
2008-08-01,8.1946
2008-08-04,8.0358
2008-08-05,8.0387
2008-08-06,8.2232
2008-08-07,8.1163
2008-08-08,8.1258
2008-08-11,8.2643
2008-08-12,8.2173
2008-08-13,8.0594
2008-08-14,8.0125
2008-08-15,8.0592
2008-08-18,8.161200000000001
2008-08-19,7.9775
2008-08-20,7.9433
2008-08-21,7.8888
2008-08-22,7.8313
2008-08-25,7.9805
2008-08-26,7.9147
2008-08-27,7.8755
2008-08-28,7.8465
2008-08-29,8.0774
2008-09-01,7.8456
2008-09-02,7.73
2008-09-03,7.7757
2008-09-04,7.6561
2008-09-05,7.4533
2008-09-08,7.7463999999999995
2008-09-09,7.5827
2008-09-10,7.5819
2008-09-11,7.3949
2008-09-12,7.4846
2008-09-15,7.4846
2008-09-16,7.0866
2008-09-17,7.1179
2008-09-18,6.9354
2008-09-19,7.2901
2008-09-22,7.4371
2008-09-23,7.4371
2008-09-24,7.4269
2008-09-25,7.3285
2008-09-26,7.2968
2008-09-29,7.1613
2008-09-30,6.4874
2008-10-01,6.5767
2008-10-02,6.4324
2008-10-03,6.2478
2008-10-06,5.9644
2008-10-07,5.8329
2008-10-08,5.3535
2008-10-09,5.3896
2008-10-10,4.9975000000000005
2008-10-13,4.9975000000000005
2008-10-14,5.6958
2008-10-15,5.6811
2008-10-16,5.1185
2008-10-17,5.2838
2008-10-20,5.4868
2008-10-21,5.6793
2008-10-22,5.2687
2008-10-23,5.1533
2008-10-24,4.7534
2008-10-27,4.3997
2008-10-28,4.6192
2008-10-29,4.9089
2008-10-30,5.3413
2008-10-31,5.1156
2008-11-03,5.1156
2008-11-04,5.3876
2008-11-05,5.7316
2008-11-06,5.3652
2008-11-07,5.18
2008-11-10,5.4013
2008-11-11,5.2331
2008-11-12,5.1454
2008-11-13,4.9126
2008-11-14,4.9771
2008-11-17,4.9999
2008-11-18,4.895
2008-11-19,4.8408
2008-11-20,4.5571
2008-11-21,4.6871
2008-11-24,4.6871
2008-11-25,4.8612
2008-11-26,4.7694
2008-11-27,4.8474
2008-11-28,4.8855
2008-12-01,4.8502
2008-12-02,4.6071
2008-12-03,4.6706
2008-12-04,4.5993
2008-12-05,4.5785
2008-12-08,4.7386
2008-12-09,4.7814
2008-12-10,4.8961
2008-12-11,4.9852
2008-12-12,4.7555
2008-12-15,4.9554
2008-12-16,4.8453
2008-12-17,4.9168
2008-12-18,4.9172
2008-12-19,4.8978
2008-12-22,4.9806
2008-12-23,4.9806
2008-12-24,4.8494
2008-12-25,4.9035
2008-12-26,4.9644
2008-12-29,5.0047
2008-12-30,5.0344
2008-12-31,4.9006
2009-01-01,4.9006
2009-01-02,4.9006
2009-01-05,5.0108
2009-01-06,5.021
2009-01-07,5.105
2009-01-08,4.9384
2009-01-09,4.906
2009-01-12,4.906
2009-01-13,4.6633
2009-01-14,4.6875
2009-01-15,4.5435
2009-01-16,4.6672
2009-01-19,4.6674
2009-01-20,4.5961
2009-01-21,4.4891
2009-01-22,4.5357
2009-01-23,4.4033999999999995
2009-01-26,4.3702
2009-01-27,4.5928
2009-01-28,4.5902
2009-01-29,4.6799
2009-01-30,4.5276
2009-02-02,4.4315
2009-02-03,4.415
2009-02-04,4.5281
2009-02-05,4.4957
2009-02-06,4.5277
2009-02-09,4.466
2009-02-10,4.4558
2009-02-11,4.4558
2009-02-12,4.3478
2009-02-13,4.3716
2009-02-16,4.3945
2009-02-17,4.3143
2009-02-18,4.2689
2009-02-19,4.2798
2009-02-20,4.2122
2009-02-23,4.1841
2009-02-24,4.1588
2009-02-25,4.2538
2009-02-26,4.2352
2009-02-27,4.3219
2009-03-02,4.1749
2009-03-03,4.13
2009-03-04,4.1533
2009-03-05,4.2082
2009-03-06,4.0875
2009-03-09,4.0224
2009-03-10,3.9858000000000002
2009-03-11,4.1031
2009-03-12,3.9818
2009-03-13,4.1238
2009-03-16,4.2079
2009-03-17,4.3268
2009-03-18,4.3548
2009-03-19,4.3501
2009-03-20,4.3498
2009-03-23,4.5054
2009-03-24,4.6323
2009-03-25,4.6607
2009-03-26,4.7101
2009-03-27,4.7051
2009-03-30,4.4975
2009-03-31,3.8483
2009-04-01,3.9478999999999997
2009-04-02,4.1255
2009-04-03,4.1568
2009-04-06,4.1619
2009-04-07,4.1676
2009-04-08,4.0801
2009-04-09,4.2173
2009-04-10,4.2429
2009-04-13,4.2542
2009-04-14,4.2217
2009-04-15,4.1751
2009-04-16,4.1587
2009-04-17,4.2359
2009-04-20,4.2486
2009-04-21,4.155
2009-04-22,4.1565
2009-04-23,4.2038
2009-04-24,4.1564
2009-04-27,4.171
2009-04-28,4.06
2009-04-29,4.06
2009-04-30,4.1966
2009-05-01,4.2507
2009-05-04,4.2507
2009-05-05,4.2507
2009-05-06,4.2507
2009-05-07,4.4569
2009-05-08,4.5005
2009-05-11,4.5235
2009-05-12,4.4414
2009-05-13,4.4524
2009-05-14,4.3139
2009-05-15,4.4127
2009-05-18,4.2947
2009-05-19,4.4027
2009-05-20,4.4309
2009-05-21,4.405
2009-05-22,4.3739
2009-05-25,4.4073
2009-05-26,4.4054
2009-05-27,4.4597999999999995
2009-05-28,4.4717
2009-05-29,4.4866
2009-06-01,4.7142
2009-06-02,4.7171
2009-06-03,4.7198
2009-06-04,4.6953
2009-06-05,4.7448
2009-06-08,4.799
2009-06-09,4.7499
2009-06-10,4.8471
2009-06-11,4.8641
2009-06-12,4.9157
2009-06-15,4.8838
2009-06-16,4.7207
2009-06-17,4.7586
2009-06-18,4.6941
2009-06-19,4.7469
2009-06-22,4.7584
2009-06-23,4.6456
2009-06-24,4.573
2009-06-25,4.6594999999999995
2009-06-26,4.694
2009-06-29,4.6334
2009-06-30,5.6302
2009-07-01,5.6224
2009-07-02,5.593
2009-07-03,5.5752
2009-07-06,5.5219000000000005
2009-07-07,5.4956
2009-07-08,5.3675
2009-07-09,5.2813
2009-07-10,5.2728
2009-07-13,5.1621
2009-07-14,5.2635
2009-07-15,5.2518
2009-07-16,5.29
2009-07-17,5.3128
2009-07-20,5.3128
2009-07-21,5.4541
2009-07-22,5.4809
2009-07-23,5.4933
2009-07-24,5.5662
2009-07-27,5.4626
2009-07-28,5.4777000000000005
2009-07-29,5.4785
2009-07-30,5.5278
2009-07-31,5.6215
2009-08-03,5.662
2009-08-04,5.6701
2009-08-05,5.6098
2009-08-06,5.6645
2009-08-07,5.6631
2009-08-10,5.7382
2009-08-11,5.757
2009-08-12,5.6738
2009-08-13,5.7221
2009-08-14,5.7542
2009-08-17,5.6035
2009-08-18,5.6030999999999995
2009-08-19,5.5643
2009-08-20,5.6582
2009-08-21,5.5877
2009-08-24,5.7261
2009-08-25,5.6975999999999996
2009-08-26,5.7559000000000005
2009-08-27,5.6838
2009-08-28,5.7161
2009-08-31,5.7211
2009-09-01,5.7298
2009-09-02,5.6167
2009-09-03,5.5739
2009-09-04,5.5346
2009-09-07,5.5939
2009-09-08,5.602
2009-09-09,5.5605
2009-09-10,5.6806
2009-09-11,5.6336
2009-09-14,5.5327
2009-09-15,5.5252
2009-09-16,5.5268
2009-09-17,5.5789
2009-09-18,5.5818
2009-09-21,5.5824
2009-09-22,5.5824
2009-09-23,5.5824
2009-09-24,5.6427
2009-09-25,5.5313
2009-09-28,5.3537
2009-09-29,5.3647
2009-09-30,4.8272
2009-10-01,4.7503
2009-10-02,4.6362
2009-10-05,4.594
2009-10-06,4.6251999999999995
2009-10-07,4.6983
2009-10-08,4.714
2009-10-09,4.772
2009-10-12,4.772
2009-10-13,4.7902000000000005
2009-10-14,4.7543
2009-10-15,4.8265
2009-10-16,4.8104
2009-10-19,4.8335
2009-10-20,4.8735
2009-10-21,4.8736
2009-10-22,4.8464
2009-10-23,4.8168
2009-10-26,4.8629
2009-10-27,4.7806999999999995
2009-10-28,4.7414
2009-10-29,4.7038
2009-10-30,4.7763
2009-11-02,4.6887
2009-11-03,4.6887
2009-11-04,4.697
2009-11-05,4.6609
2009-11-06,4.6617
2009-11-09,4.6467
2009-11-10,4.655
2009-11-11,4.6589
2009-11-12,4.6437
2009-11-13,4.6369
2009-11-16,4.6083
2009-11-17,4.5965
2009-11-18,4.5594
2009-11-19,4.4877
2009-11-20,4.4909
2009-11-23,4.4909
2009-11-24,4.4448
2009-11-25,4.4702
2009-11-26,4.4469
2009-11-27,4.3408
2009-11-30,4.4872
2009-12-01,4.4268
2009-12-02,4.4337
2009-12-03,4.5906
2009-12-04,4.6068
2009-12-07,4.6564
2009-12-08,4.6474
2009-12-09,4.5822
2009-12-10,4.5249
2009-12-11,4.607
2009-12-14,4.587
2009-12-15,4.5843
2009-12-16,4.6384
2009-12-17,4.6282
2009-12-18,4.6155
2009-12-21,4.6059
2009-12-22,4.6718
2009-12-23,4.4859
2009-12-24,4.5457
2009-12-25,4.5218
2009-12-28,4.55
2009-12-29,4.5563
2009-12-30,4.5168
2009-12-31,9.942
2010-01-01,9.942
2010-01-04,10.0329
2010-01-05,10.0759
2010-01-06,10.2021
2010-01-07,10.2046
2010-01-08,10.3136
2010-01-11,10.3136
2010-01-12,10.4666
2010-01-13,10.3489
2010-01-14,10.5254
2010-01-15,10.6121
2010-01-18,10.5113
2010-01-19,10.4126
2010-01-20,10.3589
2010-01-21,10.4804
2010-01-22,10.3094
2010-01-25,10.238
2010-01-26,10.0332
2010-01-27,9.9336
2010-01-28,10.0061
2010-01-29,10.7863
2010-02-01,10.7427
2010-02-02,10.9279
2010-02-03,15.785
2010-02-04,15.6866
2010-02-05,15.3518
2010-02-08,15.1924
2010-02-09,15.1724
2010-02-10,15.219
2010-02-11,15.219
2010-02-12,15.3757
2010-02-15,15.205
2010-02-16,15.2416
2010-02-17,15.5925
2010-02-18,15.5877
2010-02-19,15.3103
2010-02-22,15.6301
2010-02-23,15.5861
2010-02-24,15.3803
2010-02-25,15.2867
2010-02-26,15.3356
2010-03-01,10.5736
2010-03-02,10.6213
2010-03-03,10.6571
2010-03-04,10.5601
2010-03-05,10.7149
2010-03-08,10.9266
2010-03-09,10.8864
2010-03-10,10.8615
2010-03-11,10.9555
2010-03-12,11.0288
2010-03-15,11.0555
2010-03-16,11.0432
2010-03-17,11.1558
2010-03-18,11.0699
2010-03-19,11.1743
2010-03-22,11.1971
2010-03-23,11.1807
2010-03-24,11.2345
2010-03-25,11.2385
2010-03-26,11.4109
2010-03-29,11.5194
2010-03-30,11.6686
2010-03-31,8.5462
2010-04-01,8.5612
2010-04-02,8.5993
2010-04-05,8.651
2010-04-06,8.6073
2010-04-07,8.6419
2010-04-08,8.5489
2010-04-09,8.574300000000001
2010-04-12,8.619299999999999
2010-04-13,8.56
2010-04-14,8.5825
2010-04-15,8.4948
2010-04-16,8.4057
2010-04-19,8.2513
2010-04-20,8.2614
2010-04-21,8.3835
2010-04-22,8.2954
2010-04-23,8.2881
2010-04-26,8.4488
2010-04-27,8.463799999999999
2010-04-28,8.2936
2010-04-29,8.2936
2010-04-30,8.3687
2010-05-03,8.3687
2010-05-04,8.3687
2010-05-05,8.3687
2010-05-06,8.1013
2010-05-07,7.9003
2010-05-10,8.0012
2010-05-11,7.8875
2010-05-12,7.8963
2010-05-13,8.0285
2010-05-14,7.9221
2010-05-17,7.9288
2010-05-18,7.8787
2010-05-19,7.8518
2010-05-20,7.7432
2010-05-21,7.588
2010-05-24,7.589
2010-05-25,7.409
2010-05-26,7.4101
2010-05-27,7.6835
2010-05-28,7.755
2010-05-31,7.7869
2010-06-01,7.7852
2010-06-02,7.6905
2010-06-03,7.8812999999999995
2010-06-04,7.8749
2010-06-07,7.5969999999999995
2010-06-08,7.5859
2010-06-09,7.5093
2010-06-10,7.5642
2010-06-11,7.6538
2010-06-14,7.7614
2010-06-15,7.763
2010-06-16,7.8885
2010-06-17,7.8426
2010-06-18,7.8064
2010-06-21,7.9689
2010-06-22,7.8901
2010-06-23,7.7677
2010-06-24,7.7581
2010-06-25,7.6515
2010-06-28,7.5942
2010-06-29,7.5146
2010-06-30,4.8114
2010-07-01,4.7356
2010-07-02,4.7474
2010-07-05,4.7795
2010-07-06,4.8426
2010-07-07,4.8135
2010-07-08,4.9282
2010-07-09,4.9289
2010-07-12,4.91
2010-07-13,4.8961
2010-07-14,4.9943
2010-07-15,4.9121
2010-07-16,4.817
2010-07-19,4.817
2010-07-20,4.7674
2010-07-21,4.7515
2010-07-22,4.7304
2010-07-23,4.5643
2010-07-26,4.5849
2010-07-27,4.5841
2010-07-28,4.6946
2010-07-29,4.6751000000000005
2010-07-30,4.6125
2010-08-02,4.6206
2010-08-03,4.6675
2010-08-04,4.5906
2010-08-05,4.6530000000000005
2010-08-06,4.6716999999999995
2010-08-09,4.6487
2010-08-10,4.6371
2010-08-11,4.5266
2010-08-12,4.4921
2010-08-13,4.509
2010-08-16,4.4959
2010-08-17,4.4836
2010-08-18,4.5305
2010-08-19,4.5814
2010-08-20,4.5028
2010-08-23,4.478
2010-08-24,4.4373000000000005
2010-08-25,4.3766
2010-08-26,4.4014
2010-08-27,4.4396
2010-08-30,4.4913
2010-08-31,4.3437
2010-09-01,4.3849
2010-09-02,4.4306
2010-09-03,4.452
2010-09-06,4.5335
2010-09-07,4.5118
2010-09-08,4.4341
2010-09-09,4.4673
2010-09-10,4.505
2010-09-13,4.5278
2010-09-14,4.5123
2010-09-15,4.5929
2010-09-16,4.5734
2010-09-17,4.6119
2010-09-20,4.6125
2010-09-21,4.6017
2010-09-22,4.5822
2010-09-23,4.5822
2010-09-24,4.5392
2010-09-27,4.598
2010-09-28,4.5598
2010-09-29,4.578
2010-09-30,5.7794
2010-10-01,5.7877
2010-10-04,5.7415
2010-10-05,5.8144
2010-10-06,5.9052
2010-10-07,5.901
2010-10-08,5.857
2010-10-11,5.857
2010-10-12,5.7620000000000005
2010-10-13,5.7497
2010-10-14,5.8552
2010-10-15,5.7842
2010-10-18,5.8103
2010-10-19,5.8337
2010-10-20,5.7635
2010-10-21,5.7269
2010-10-22,5.7567
2010-10-25,5.7326
2010-10-26,5.7071
2010-10-27,5.7094000000000005
2010-10-28,5.6894
2010-10-29,5.6622
2010-11-01,5.6078
2010-11-02,5.6102
2010-11-03,5.6102
2010-11-04,5.7048
2010-11-05,5.8378
2010-11-08,5.8833
2010-11-09,5.8683
2010-11-10,5.9615
2010-11-11,5.9857
2010-11-12,5.9179
2010-11-15,5.953
2010-11-16,5.9262
2010-11-17,5.9445
2010-11-18,6.0711
2010-11-19,6.078
2010-11-22,6.1073
2010-11-23,6.1073
2010-11-24,6.0439
2010-11-25,6.0647
2010-11-26,6.0419
2010-11-29,6.099
2010-11-30,5.9906
2010-12-01,6.0325
2010-12-02,6.1092
2010-12-03,6.1239
2010-12-06,6.1306
2010-12-07,6.1089
2010-12-08,6.1664
2010-12-09,6.1985
2010-12-10,6.1707
2010-12-13,6.2328
2010-12-14,6.2605
2010-12-15,6.2583
2010-12-16,6.269
2010-12-17,6.2619
2010-12-20,6.2312
2010-12-21,6.2902000000000005
2010-12-22,6.2907
2010-12-23,6.2907
2010-12-24,6.2642
2010-12-27,6.287
2010-12-28,6.2708
2010-12-29,6.3033
2010-12-30,6.2417
2010-12-31,4.9322
2011-01-03,4.932
2011-01-04,5.0031
2011-01-05,4.9987
2011-01-06,5.0727
2011-01-07,5.0845
2011-01-10,5.0845
2011-01-11,5.0826
2011-01-12,5.1005
2011-01-13,5.1451
2011-01-14,5.1016
2011-01-17,5.0918
2011-01-18,5.1051
2011-01-19,5.1339
2011-01-20,5.0797
2011-01-21,4.9956
2011-01-24,5.0297
2011-01-25,5.0948
2011-01-26,5.0567
2011-01-27,5.0979
2011-01-28,5.0429
2011-01-31,4.9906
2011-02-01,5.0086
2011-02-02,5.1041
2011-02-03,5.0917
2011-02-04,5.1332
2011-02-07,5.1578
2011-02-08,5.1802
2011-02-09,5.1825
2011-02-10,5.1969
2011-02-11,5.1969
2011-02-14,5.2664
2011-02-15,5.2861
2011-02-16,5.3151
2011-02-17,5.3537
2011-02-18,5.3505
2011-02-21,5.361
2011-02-22,5.26
2011-02-23,5.2027
2011-02-24,5.1369
2011-02-25,5.18
2011-02-28,5.2493
2011-03-01,5.3261
2011-03-02,5.2108
2011-03-03,5.2399000000000004
2011-03-04,5.281
2011-03-07,5.2014
2011-03-08,5.1882
2011-03-09,5.2177
2011-03-10,5.1455
2011-03-11,5.0596
2011-03-14,4.6948
2011-03-15,4.267
2011-03-16,4.5462
2011-03-17,4.502
2011-03-18,4.6001
2011-03-21,4.5994
2011-03-22,4.798
2011-03-23,4.7568
2011-03-24,4.7118
2011-03-25,4.7313
2011-03-28,4.7297
2011-03-29,4.8168
2011-03-30,4.9055
2011-03-31,5.1671
2011-04-01,5.1341
2011-04-04,5.1198
2011-04-05,5.0505
2011-04-06,5.0109
2011-04-07,5.0247
2011-04-08,5.0939
2011-04-11,5.0831
2011-04-12,5.0024
2011-04-13,5.0383
2011-04-14,5.0429
2011-04-15,5.0104
2011-04-18,4.9772
2011-04-19,4.9244
2011-04-20,4.9851
2011-04-21,5.0171
2011-04-22,5.0202
2011-04-25,5.0096
2011-04-26,4.9644
2011-04-27,5.006
2011-04-28,5.0767
2011-04-29,5.0767
2011-05-02,5.1641
2011-05-03,5.1641
2011-05-04,5.1641
2011-05-05,5.1641
2011-05-06,5.1029
2011-05-09,5.0837
2011-05-10,5.1017
2011-05-11,5.111
2011-05-12,5.0623
2011-05-13,5.0128
2011-05-16,4.9513
2011-05-17,4.9469
2011-05-18,4.9982
2011-05-19,4.9628
2011-05-20,4.9387
2011-05-23,4.876
2011-05-24,4.8839
2011-05-25,4.8774999999999995
2011-05-26,4.9359
2011-05-27,4.9208
2011-05-30,4.9092
2011-05-31,4.986
2011-06-01,4.9841
2011-06-02,4.9
2011-06-03,4.8483
2011-06-06,4.7935
2011-06-07,4.8291
2011-06-08,4.8306000000000004
2011-06-09,4.8213
2011-06-10,4.8463
2011-06-13,4.8115
2011-06-14,4.875
2011-06-15,4.8867
2011-06-16,4.8107
2011-06-17,4.7745999999999995
2011-06-20,4.7785
2011-06-21,4.8313
2011-06-22,4.9077
2011-06-23,4.8853
2011-06-24,4.9324
2011-06-27,4.8863
2011-06-28,4.9142
2011-06-29,4.9981
2011-06-30,5.351
2011-07-01,5.3821
2011-07-04,5.4475
2011-07-05,5.4569
2011-07-06,5.5141
2011-07-07,5.4875
2011-07-08,5.514
2011-07-11,5.4814
2011-07-12,5.3981
2011-07-13,5.4177
2011-07-14,5.3943
2011-07-15,5.4075
2011-07-18,5.4075
2011-07-19,5.3669
2011-07-20,5.4154
2011-07-21,5.4133
2011-07-22,5.47
2011-07-25,5.4214
2011-07-26,5.448
2011-07-27,5.404
2011-07-28,5.3361
2011-07-29,5.2931
2011-08-01,5.3591
2011-08-02,5.3129
2011-08-03,5.2028
2011-08-04,5.1993
2011-08-05,5.039
2011-08-08,4.9268
2011-08-09,4.8416
2011-08-10,4.8765
2011-08-11,4.8292
2011-08-12,4.8111
2011-08-15,4.8713
2011-08-16,4.8836
2011-08-17,4.8652999999999995
2011-08-18,4.8047
2011-08-19,4.7026
2011-08-22,4.6477
2011-08-23,4.6918
2011-08-24,4.6378
2011-08-25,4.7011
2011-08-26,4.7253
2011-08-29,4.7202
2011-08-30,4.7687
2011-08-31,4.7857
2011-09-01,4.8378
2011-09-02,4.7816
2011-09-05,4.6897
2011-09-06,4.5948
2011-09-07,4.6754999999999995
2011-09-08,4.6995000000000005
2011-09-09,4.687
2011-09-12,4.5965
2011-09-13,4.6475
2011-09-14,4.5995
2011-09-15,4.6632
2011-09-16,4.763
2011-09-19,4.763
2011-09-20,4.6849
2011-09-21,4.7047
2011-09-22,4.6202
2011-09-23,4.6202
2011-09-26,4.5249
2011-09-27,4.647
2011-09-28,4.6663
2011-09-29,4.7108
2011-09-30,5.1443
2011-10-03,5.0501
2011-10-04,4.9674
2011-10-05,4.9071
2011-10-06,4.9789
2011-10-07,5.0115
2011-10-10,5.0115
2011-10-11,5.1055
2011-10-12,5.0929
2011-10-13,5.1347
2011-10-14,5.0722
2011-10-17,5.1617
2011-10-18,5.087
2011-10-19,5.0881
2011-10-20,5.0509
2011-10-21,5.0405
2011-10-24,5.1171
2011-10-25,5.0671
2011-10-26,5.059
2011-10-27,5.1771
2011-10-28,5.2428
2011-10-31,5.181
2011-11-01,5.1142
2011-11-02,4.9997
2011-11-03,4.9997
2011-11-04,5.0946
2011-11-07,5.0834
2011-11-08,5.0011
2011-11-09,5.0758
2011-11-10,4.9401
2011-11-11,4.9337
2011-11-14,4.9806
2011-11-15,4.9459
2011-11-16,4.9006
2011-11-17,4.9246
2011-11-18,4.8669
2011-11-21,4.8433
2011-11-22,4.8472
2011-11-23,4.8472
2011-11-24,4.7683
2011-11-25,4.7756
2011-11-28,4.8408999999999995
2011-11-29,4.9369
2011-11-30,4.9284
2011-12-01,5.0177
2011-12-02,5.0466
2011-12-05,5.0746
2011-12-06,5.0048
2011-12-07,5.0828
2011-12-08,5.0469
2011-12-09,4.9928
2011-12-12,5.0509
2011-12-13,5.0058
2011-12-14,4.9813
2011-12-15,4.8972999999999995
2011-12-16,4.8914
2011-12-19,4.8405000000000005
2011-12-20,4.8513
2011-12-21,4.9030000000000005
2011-12-22,4.8863
2011-12-23,4.8863
2011-12-26,4.913
2011-12-27,4.8978
2011-12-28,4.8773
2011-12-29,4.8797
2011-12-30,4.9228
2012-01-02,4.9228
2012-01-03,4.9228
2012-01-04,5.1275
2012-01-05,5.0797
2012-01-06,5.0327
2012-01-09,5.0327
2012-01-10,5.0463
2012-01-11,5.0566
2012-01-12,5.0139
2012-01-13,5.0659
2012-01-16,4.994
2012-01-17,5.0391
2012-01-18,5.0645
2012-01-19,5.1093
2012-01-20,5.2168
2012-01-23,5.2215
2012-01-24,5.2297
2012-01-25,5.3004999999999995
2012-01-26,5.2808
2012-01-27,5.2533
2012-01-30,5.2216
2012-01-31,5.2131
2012-02-01,5.2254
2012-02-02,5.2597
2012-02-03,5.2514
2012-02-06,5.3163
2012-02-07,5.3396
2012-02-08,5.4078
2012-02-09,5.4258
2012-02-10,5.3877
2012-02-13,5.4072
2012-02-14,5.4393
2012-02-15,5.5641
2012-02-16,5.549
2012-02-17,5.6269
2012-02-20,5.6943
2012-02-21,5.6693
2012-02-22,5.7265
2012-02-23,5.7499
2012-02-24,5.7882
2012-02-27,5.7952
2012-02-28,5.8184000000000005
2012-02-29,5.8166
2012-03-01,5.802
2012-03-02,5.8423
2012-03-05,5.8051
2012-03-06,5.7589
2012-03-07,5.7181999999999995
2012-03-08,5.8212
2012-03-09,5.9136
2012-03-12,5.8897
2012-03-13,5.8929
2012-03-14,5.9916
2012-03-15,6.0442
2012-03-16,6.0658
2012-03-19,6.0748
2012-03-20,6.0748
2012-03-21,6.0038
2012-03-22,6.0248
2012-03-23,5.9522
2012-03-26,5.9531
2012-03-27,6.0992
2012-03-28,6.0455
2012-03-29,5.9904
2012-03-30,5.9609
2012-04-02,4.9738
2012-04-03,4.9456
2012-04-04,4.8513
2012-04-05,4.8363
2012-04-06,4.7921
2012-04-09,4.7183
2012-04-10,4.7191
2012-04-11,4.6716999999999995
2012-04-12,4.6946
2012-04-13,4.7277000000000005
2012-04-16,4.6551
2012-04-17,4.6487
2012-04-18,4.7446
2012-04-19,4.7192
2012-04-20,4.7012
2012-04-23,4.6871
2012-04-24,4.6537
2012-04-25,4.6912
2012-04-26,4.6946
2012-04-27,4.6628
2012-04-30,4.6628
2012-05-01,4.5725999999999996
2012-05-02,4.5868
2012-05-03,4.5868
2012-05-04,4.5868
2012-05-07,4.4553
2012-05-08,4.4803
2012-05-09,4.4223
2012-05-10,4.4171
2012-05-11,4.3858
2012-05-14,4.3844
2012-05-15,4.3295
2012-05-16,4.2801
2012-05-17,4.3278
2012-05-18,4.1988
2012-05-21,4.1868
2012-05-22,4.2378
2012-05-23,4.169
2012-05-24,4.1726
2012-05-25,4.1739
2012-05-28,4.1733
2012-05-29,4.2057
2012-05-30,4.1853
2012-05-31,4.1643
2012-06-01,4.116
2012-06-04,4.0363
2012-06-05,4.1096
2012-06-06,4.169
2012-06-07,4.2408
2012-06-08,4.1637
2012-06-11,4.2406
2012-06-12,4.2026
2012-06-13,4.217
2012-06-14,4.2137
2012-06-15,4.2182
2012-06-18,4.2899
2012-06-19,4.2655
2012-06-20,4.3374
2012-06-21,4.3753
2012-06-22,4.3549
2012-06-25,4.3187
2012-06-26,4.2801
2012-06-27,4.3118
2012-06-28,4.3939
2012-06-29,4.4606
2012-07-02,4.2924
2012-07-03,4.3366
2012-07-04,4.3451
2012-07-05,4.3317
2012-07-06,4.3049
2012-07-09,4.2564
2012-07-10,4.2252
2012-07-11,4.2199
2012-07-12,4.1636
2012-07-13,4.153
2012-07-16,4.153
2012-07-17,4.138
2012-07-18,4.1288
2012-07-19,4.1654
2012-07-20,4.092
2012-07-23,4.0203
2012-07-24,4.0008
2012-07-25,3.9364
2012-07-26,3.9789
2012-07-27,4.0477
2012-07-30,4.0728
2012-07-31,4.1009
2012-08-01,4.0631
2012-08-02,4.0834
2012-08-03,4.038
2012-08-06,4.1077
2012-08-07,4.1562
2012-08-08,4.1637
2012-08-09,4.2005
2012-08-10,4.1674
2012-08-13,4.1677
2012-08-14,4.1749
2012-08-15,4.1637
2012-08-16,4.2345
2012-08-17,4.2742
2012-08-20,4.2719
2012-08-21,4.2725
2012-08-22,4.2605
2012-08-23,4.2719
2012-08-24,4.2302
2012-08-27,4.2213
2012-08-28,4.1719
2012-08-29,4.1917
2012-08-30,4.1567
2012-08-31,4.0848
2012-09-03,4.0675
2012-09-04,4.059
2012-09-05,4.0097
2012-09-06,4.0176
2012-09-07,4.1184
2012-09-10,4.1271
2012-09-11,4.0964
2012-09-12,4.1513
2012-09-13,4.1648
2012-09-14,4.2405
2012-09-17,4.2405
2012-09-18,4.2469
2012-09-19,4.2864
2012-09-20,4.2212
2012-09-21,4.233
2012-09-24,4.2144
2012-09-25,4.2338000000000005
2012-09-26,4.1403
2012-09-27,4.1618
2012-09-28,4.1146
2012-10-01,4.491
2012-10-02,4.4899000000000004
2012-10-03,4.4639
2012-10-04,4.5142
2012-10-05,4.5216
2012-10-08,4.5216
2012-10-09,4.4614
2012-10-10,4.3955
2012-10-11,4.3799
2012-10-12,4.4075
2012-10-15,4.4378
2012-10-16,4.498
2012-10-17,4.5415
2012-10-18,4.621
2012-10-19,4.6329
2012-10-22,4.6299
2012-10-23,4.6037
2012-10-24,4.5626
2012-10-25,4.612
2012-10-26,4.5446
2012-10-29,4.5358
2012-10-30,4.4935
2012-10-31,4.5552
2012-11-01,4.556
2012-11-02,4.6097
2012-11-05,4.5851
2012-11-06,4.5698
2012-11-07,4.5784
2012-11-08,4.5133
2012-11-09,4.483
2012-11-12,4.4328
2012-11-13,4.433
2012-11-14,4.4291
2012-11-15,4.5271
2012-11-16,4.6201
2012-11-19,4.6878
2012-11-20,4.6852
2012-11-21,4.7188
2012-11-22,4.7804
2012-11-23,4.7804
2012-11-26,4.8004
2012-11-27,4.8068
2012-11-28,4.7429
2012-11-29,4.7927
2012-11-30,4.8086
2012-12-03,4.8079
2012-12-04,4.8042
2012-12-05,4.8037
2012-12-06,4.8441
2012-12-07,4.8558
2012-12-10,4.8436
2012-12-11,4.8284
2012-12-12,4.8632
2012-12-13,4.9163
2012-12-14,4.9298
2012-12-17,4.9749
2012-12-18,5.0322
2012-12-19,5.1773
2012-12-20,5.1706
2012-12-21,5.13
2012-12-24,5.13
2012-12-25,5.1634
2012-12-26,5.2201
2012-12-27,5.2614
2012-12-28,5.3021
2012-12-31,5.3021
2013-01-01,5.3021
2013-01-02,5.3021
2013-01-03,5.3021
2013-01-04,5.5005
2013-01-07,5.4492
2013-01-08,5.3887
2013-01-09,5.4304
2013-01-10,5.4955
2013-01-11,5.5605
2013-01-14,5.5605
2013-01-15,5.6096
2013-01-16,5.4905
2013-01-17,5.5115
2013-01-18,5.6443
2013-01-21,5.5947
2013-01-22,5.5706
2013-01-23,5.4843
2013-01-24,5.5465
2013-01-25,5.6736
2013-01-28,5.6499
2013-01-29,5.6996
2013-01-30,5.7844
2013-01-31,5.814
2013-02-01,5.8286
2013-02-04,5.9143
2013-02-05,5.8098
2013-02-06,6.0055
2013-02-07,6.0039
2013-02-08,5.9283
2013-02-11,5.9283
2013-02-12,6.0057
2013-02-13,5.9373000000000005
2013-02-14,5.9235
2013-02-15,5.8493
2013-02-18,5.9664
2013-02-19,5.9678
2013-02-20,6.0291
2013-02-21,5.9551
2013-02-22,5.9605
2013-02-25,6.0706
2013-02-26,5.9776
2013-02-27,5.8898
2013-02-28,6.0348
2013-03-01,6.0945
2013-03-04,6.1391
2013-03-05,6.1137
2013-03-06,6.2084
2013-03-07,6.2193
2013-03-08,6.3238
2013-03-11,6.4469
2013-03-12,6.4295
2013-03-13,6.3957
2013-03-14,6.4478
2013-03-15,6.5325
2013-03-18,6.3748000000000005
2013-03-19,6.4872
2013-03-20,6.4872
2013-03-21,6.5554
2013-03-22,6.4363
2013-03-25,6.4959
2013-03-26,6.4716000000000005
2013-03-27,6.4851
2013-03-28,6.4181
2013-03-29,6.4127
2013-04-01,6.5171
2013-04-02,6.453
2013-04-03,6.5752
2013-04-04,6.7553
2013-04-05,6.9475999999999996
2013-04-08,7.1746
2013-04-09,7.1772
2013-04-10,7.3126
2013-04-11,7.5071
2013-04-12,7.5199
2013-04-15,7.4177
2013-04-16,7.3125
2013-04-17,7.4202
2013-04-18,7.3256
2013-04-19,7.3506
2013-04-22,7.4638
2013-04-23,7.4424
2013-04-24,7.576
2013-04-25,7.6305
2013-04-26,7.5628
2013-04-29,7.5628
2013-04-30,7.5802
2013-05-01,7.527
2013-05-02,7.49
2013-05-03,7.49
2013-05-06,7.49
2013-05-07,7.7133
2013-05-08,7.7625
2013-05-09,7.6754
2013-05-10,7.8723
2013-05-13,8.0221
2013-05-14,8.0047
2013-05-15,8.1873
2013-05-16,8.1455
2013-05-17,8.1867
2013-05-20,8.3088
2013-05-21,8.3184
2013-05-22,8.3567
2013-05-23,7.791
2013-05-24,7.8099
2013-05-27,7.5478
2013-05-28,7.6505
2013-05-29,7.707
2013-05-30,7.42
2013-05-31,7.4099
2013-06-03,7.1776
2013-06-04,7.3757
2013-06-05,7.1282
2013-06-06,7.0193
2013-06-07,6.9367
2013-06-10,7.2918
2013-06-11,7.2273
2013-06-12,7.1917
2013-06-13,6.8373
2013-06-14,6.9257
2013-06-17,7.1063
2013-06-18,7.1213
2013-06-19,7.2534
2013-06-20,7.1488
2013-06-21,7.2054
2013-06-24,7.1297
2013-06-25,7.0579
2013-06-26,7.0105
2013-06-27,7.2067
2013-06-28,7.4361
2013-07-01,7.3235
2013-07-02,7.4605
2013-07-03,7.4719999999999995
2013-07-04,7.445
2013-07-05,7.5612
2013-07-08,7.457
2013-07-09,7.6136
2013-07-10,7.6021
2013-07-11,7.5988
2013-07-12,7.6457
2013-07-15,7.6457
2013-07-16,7.6201
2013-07-17,7.6356
2013-07-18,7.696
2013-07-19,7.6375
2013-07-22,7.6615
2013-07-23,7.7023
2013-07-24,7.6817
2013-07-25,7.5687
2013-07-26,7.3408
2013-07-29,7.102
2013-07-30,7.22
2013-07-31,7.1143
2013-08-01,7.3216
2013-08-02,7.5283
2013-08-05,7.4494
2013-08-06,7.5036000000000005
2013-08-07,7.255
2013-08-08,7.1558
2013-08-09,7.1666
2013-08-12,7.1284
2013-08-13,7.269
2013-08-14,7.3598
2013-08-15,7.237
2013-08-16,7.1763
2013-08-19,7.2167
2013-08-20,7.0542
2013-08-21,7.0281
2013-08-22,7.0079
2013-08-23,7.1543
2013-08-26,7.1427
2013-08-27,7.1061
2013-08-28,6.9818999999999996
2013-08-29,6.9987
2013-08-30,6.9378
2013-09-02,6.9267
2013-09-03,7.1294
2013-09-04,7.1718
2013-09-05,7.1876
2013-09-06,7.1238
2013-09-09,7.2726
2013-09-10,7.3767
2013-09-11,7.375
2013-09-12,7.3397
2013-09-13,7.3388
2013-09-16,7.3388
2013-09-17,7.3097
2013-09-18,7.3885
2013-09-19,7.5244
2013-09-20,7.5452
2013-09-23,7.5452
2013-09-24,7.5145
2013-09-25,7.5013
2013-09-26,7.5577
2013-09-27,7.5378
2013-09-30,8.7706
2013-10-01,8.7478
2013-10-02,8.630700000000001
2013-10-03,8.6328
2013-10-04,8.5574
2013-10-07,8.4399
2013-10-08,8.4508
2013-10-09,8.5726
2013-10-10,8.6578
2013-10-11,8.7927
2013-10-14,8.7927
2013-10-15,8.7979
2013-10-16,8.7958
2013-10-17,8.8671
2013-10-18,8.8592
2013-10-21,8.9075
2013-10-22,8.9225
2013-10-23,8.788
2013-10-24,8.8355
2013-10-25,8.6442
2013-10-28,8.7977
2013-10-29,8.782399999999999
2013-10-30,8.8483
2013-10-31,8.7732
2013-11-01,8.6882
2013-11-04,8.6882
2013-11-05,8.6927
2013-11-06,8.7609
2013-11-07,8.7058
2013-11-08,8.6397
2013-11-11,8.7157
2013-11-12,8.863199999999999
2013-11-13,8.8533
2013-11-14,8.9623
2013-11-15,9.1196
2013-11-18,9.1401
2013-11-19,9.1018
2013-11-20,9.0741
2013-11-21,9.1723
2013-11-22,9.1995
2013-11-25,9.2854
2013-11-26,9.2307
2013-11-27,9.247
2013-11-28,9.3607
2013-11-29,9.344
2013-12-02,9.4986
2013-12-03,9.5304
2013-12-04,9.3616
2013-12-05,9.2736
2013-12-06,9.322
2013-12-09,9.4748
2013-12-10,9.4817
2013-12-11,9.436
2013-12-12,9.3665
2013-12-13,9.3448
2013-12-16,9.2218
2013-12-17,9.2908
2013-12-18,9.4397
2013-12-19,9.5451
2013-12-20,9.536200000000001
2013-12-23,9.536200000000001
2013-12-24,9.5119
2013-12-25,9.5155
2013-12-26,9.6694
2013-12-27,9.739
2013-12-30,9.8281
2013-12-31,9.8281
2014-01-01,9.8281
2014-01-02,9.8281
2014-01-03,9.8281
2014-01-06,9.3812
2014-01-07,9.3158
2014-01-08,9.4795
2014-01-09,9.4091
2014-01-10,9.4188
2014-01-13,9.4188
2014-01-14,9.1999
2014-01-15,9.3878
2014-01-16,9.3876
2014-01-17,9.3961
2014-01-20,9.3652
2014-01-21,9.3852
2014-01-22,9.414
2014-01-23,9.3315
2014-01-24,9.1601
2014-01-27,8.909
2014-01-28,8.8716
2014-01-29,9.0958
2014-01-30,8.8619
2014-01-31,8.8285
2014-02-03,8.6581
2014-02-04,8.2601
2014-02-05,8.4351
2014-02-06,8.4186
2014-02-07,8.615
2014-02-10,8.7249
2014-02-11,8.7249
2014-02-12,8.8352
2014-02-13,8.6874
2014-02-14,8.5752
2014-02-17,8.6286
2014-02-18,8.8706
2014-02-19,8.832699999999999
2014-02-20,8.6607
2014-02-21,8.861
2014-02-24,8.8345
2014-02-25,8.9413
2014-02-26,8.8871
2014-02-27,8.8313
2014-02-28,8.8104
2014-03-03,8.6528
2014-03-04,8.7011
2014-03-05,8.7636
2014-03-06,8.8799
2014-03-07,8.9408
2014-03-10,8.8666
2014-03-11,8.9053
2014-03-12,8.7118
2014-03-13,8.6842
2014-03-14,8.4012
2014-03-17,8.3427
2014-03-18,8.4069
2014-03-19,8.3986
2014-03-20,8.2619
2014-03-21,8.2619
2014-03-24,8.3697
2014-03-25,8.3746
2014-03-26,8.4379
2014-03-27,8.4734
2014-03-28,8.5345
2014-03-31,8.3609
2014-04-01,8.3675
2014-04-02,8.4246
2014-04-03,8.4662
2014-04-04,8.46
2014-04-07,8.3283
2014-04-08,8.1729
2014-04-09,8.0062
2014-04-10,7.9976
2014-04-11,7.8879
2014-04-14,7.8814
2014-04-15,7.9016
2014-04-16,8.1153
2014-04-17,8.1133
2014-04-18,8.1613
2014-04-21,8.1482
2014-04-22,8.0922
2014-04-23,8.1701
2014-04-24,8.0969
2014-04-25,8.1284
2014-04-28,8.0619
2014-04-29,8.0619
2014-04-30,8.0779
2014-05-01,8.2125
2014-05-02,8.2157
2014-05-05,8.2157
2014-05-06,8.2157
2014-05-07,8.0085
2014-05-08,8.0675
2014-05-09,8.1055
2014-05-12,8.0573
2014-05-13,8.2074
2014-05-14,8.2373
2014-05-15,8.2019
2014-05-16,8.0715
2014-05-19,8.0095
2014-05-20,8.0314
2014-05-21,8.0049
2014-05-22,8.1398
2014-05-23,8.2189
2014-05-26,8.3124
2014-05-27,8.3187
2014-05-28,8.3376
2014-05-29,8.3551
2014-05-30,8.3632
2014-06-02,8.461
2014-06-03,8.5189
2014-06-04,8.5586
2014-06-05,8.5479
2014-06-06,8.5574
2014-06-09,8.5582
2014-06-10,8.5157
2014-06-11,8.5853
2014-06-12,8.5759
2014-06-13,8.6176
2014-06-16,8.55
2014-06-17,8.5689
2014-06-18,8.6451
2014-06-19,8.7903
2014-06-20,8.7958
2014-06-23,8.7774
2014-06-24,8.7782
2014-06-25,8.7312
2014-06-26,8.7483
2014-06-27,8.6775
2014-06-30,8.7664
2014-07-01,8.8648
2014-07-02,8.8996
2014-07-03,8.8823
2014-07-04,8.926
2014-07-07,8.8885
2014-07-08,8.8511
2014-07-09,8.8223
2014-07-10,8.7442
2014-07-11,8.7128
2014-07-14,8.7837
2014-07-15,8.8437
2014-07-16,8.846
2014-07-17,8.8428
2014-07-18,8.7735
2014-07-21,8.7735
2014-07-22,8.8341
2014-07-23,8.8272
2014-07-24,8.808
2014-07-25,8.8312
2014-07-28,8.8641
2014-07-29,8.8909
2014-07-30,8.9103
2014-07-31,8.9059
2014-08-01,8.8542
2014-08-04,8.8143
2014-08-05,8.7288
2014-08-06,8.6447
2014-08-07,8.6841
2014-08-08,8.4725
2014-08-11,8.6367
2014-08-12,8.6744
2014-08-13,8.7046
2014-08-14,8.763
2014-08-15,8.7611
2014-08-18,8.7621
2014-08-19,8.826
2014-08-20,8.817
2014-08-21,8.8984
2014-08-22,8.8656
2014-08-25,8.8974
2014-08-26,8.8517
2014-08-27,8.8559
2014-08-28,8.8152
2014-08-29,8.7978
2014-09-01,8.9378
2014-09-02,9.0435
2014-09-03,9.0759
2014-09-04,9.0467
2014-09-05,9.0254
2014-09-08,9.0596
2014-09-09,9.0707
2014-09-10,9.1228
2014-09-11,9.1615
2014-09-12,9.1863
2014-09-15,9.1863
2014-09-16,9.1615
2014-09-17,9.1233
2014-09-18,9.2224
2014-09-19,9.3259
2014-09-22,9.32
2014-09-23,9.32
2014-09-24,9.2821
2014-09-25,9.4269
2014-09-26,9.3235
2014-09-29,9.3632
2014-09-30,8.0093
2014-10-01,7.9591
2014-10-02,7.7315000000000005
2014-10-03,7.7413
2014-10-06,7.8234
2014-10-07,7.7966
2014-10-08,7.6979
2014-10-09,7.6211
2014-10-10,7.5205
2014-10-13,7.5205
2014-10-14,7.3438
2014-10-15,7.3959
2014-10-16,7.2295
2014-10-17,7.1154
2014-10-20,7.4017
2014-10-21,7.288
2014-10-22,7.4678
2014-10-23,7.4453
2014-10-24,7.5089
2014-10-27,7.5819
2014-10-28,7.5702
2014-10-29,7.682
2014-10-30,7.7448
2014-10-31,8.085
2014-11-03,8.085
2014-11-04,8.3181
2014-11-05,8.3358
2014-11-06,8.244
2014-11-07,8.2884
2014-11-10,8.2617
2014-11-11,8.3637
2014-11-12,8.383
2014-11-13,8.4601
2014-11-14,8.5251
2014-11-17,8.3167
2014-11-18,8.4919
2014-11-19,8.5037
2014-11-20,8.5138
2014-11-21,8.5265
2014-11-24,8.5265
2014-11-25,8.5842
2014-11-26,8.5747
2014-11-27,8.483
2014-11-28,8.5981
2014-12-01,8.5795
2014-12-02,8.6146
2014-12-03,8.6265
2014-12-04,8.6903
2014-12-05,8.7245
2014-12-08,8.7351
2014-12-09,8.668
2014-12-10,8.4771
2014-12-11,8.4127
2014-12-12,8.433
2014-12-15,8.3023
2014-12-16,8.1441
2014-12-17,8.1335
2014-12-18,8.2778
2014-12-19,8.4891
2014-12-22,8.5121
2014-12-23,8.5121
2014-12-24,8.5918
2014-12-25,8.5655
2014-12-26,8.5959
2014-12-29,8.5724
2014-12-30,8.4614
2014-12-31,8.4614
2015-01-01,8.4614
2015-01-02,8.4614
2015-01-05,8.3616
2015-01-06,8.1183
2015-01-07,8.1138
2015-01-08,8.2232
2015-01-09,8.2475
2015-01-12,8.2475
2015-01-13,8.2135
2015-01-14,8.1086
2015-01-15,8.2178
2015-01-16,8.1486
2015-01-19,8.1922
2015-01-20,8.3451
2015-01-21,8.3013
2015-01-22,8.2928
2015-01-23,8.3794
2015-01-26,8.3662
2015-01-27,8.5144
2015-01-28,8.5245
2015-01-29,8.4215
2015-01-30,8.4201
2015-02-02,8.3682
2015-02-03,8.2722
2015-02-04,8.4252
2015-02-05,8.3829
2015-02-06,8.432
2015-02-09,8.4745
2015-02-10,8.4889
2015-02-11,8.4889
2015-02-12,8.6446
2015-02-13,8.6428
2015-02-16,8.7128
2015-02-17,8.7248
2015-02-18,8.8557
2015-02-19,8.9225
2015-02-20,8.956
2015-02-23,8.9763
2015-02-24,9.01
2015-02-25,9.0014
2015-02-26,9.0862
2015-02-27,9.101
2015-03-02,9.0166
2015-03-03,9.0302
2015-03-04,8.9666
2015-03-05,9.0096
2015-03-06,9.1182
2015-03-09,9.057
2015-03-10,9.0112
2015-03-11,9.0148
2015-03-12,9.1352
2015-03-13,9.22
2015-03-16,9.2051
2015-03-17,9.2855
2015-03-18,9.3585
2015-03-19,9.3223
2015-03-20,9.3423
2015-03-23,9.414
2015-03-24,9.387
2015-03-25,9.4165
2015-03-26,9.2772
2015-03-27,9.194
2015-03-30,9.2152
2015-03-31,10.5055
2015-04-01,10.4087
2015-04-02,10.5805
2015-04-03,10.6444
2015-04-06,10.6165
2015-04-07,10.7479
2015-04-08,10.8101
2015-04-09,10.8538
2015-04-10,10.8138
2015-04-13,10.7912
2015-04-14,10.8153
2015-04-15,10.8071
2015-04-16,10.8811
2015-04-17,10.8143
2015-04-20,10.777
2015-04-21,10.9665
2015-04-22,11.0575
2015-04-23,11.0883
2015-04-24,11.0412
2015-04-27,11.0421
2015-04-28,11.1059
2015-04-29,11.1059
2015-04-30,10.8512
2015-05-01,10.8109
2015-05-04,10.8109
2015-05-05,10.8109
2015-05-06,10.8109
2015-05-07,10.7308
2015-05-08,10.8173
2015-05-11,10.8802
2015-05-12,10.9037
2015-05-13,10.919
2015-05-14,10.8287
2015-05-15,10.9358
2015-05-18,11.0748
2015-05-19,11.113
2015-05-20,11.1829
2015-05-21,11.2118
2015-05-22,11.2097
2015-05-25,11.2949
2015-05-26,11.3004
2015-05-27,11.311
2015-05-28,11.4002
2015-05-29,11.3983
2015-06-01,11.4831
2015-06-02,11.449
2015-06-03,11.4187
2015-06-04,11.4391
2015-06-05,11.3853
2015-06-08,11.3455
2015-06-09,11.1556
2015-06-10,11.1112
2015-06-11,11.2505
2015-06-12,11.269
2015-06-15,11.2723
2015-06-16,11.1891
2015-06-17,11.1358
2015-06-18,11.0158
2015-06-19,11.1105
2015-06-22,11.2367
2015-06-23,11.4312
2015-06-24,11.4487
2015-06-25,11.3864
2015-06-26,11.3553
2015-06-29,11.0657
2015-06-30,10.6422
2015-07-01,10.6686
2015-07-02,10.7464
2015-07-03,10.7829
2015-07-06,10.5786
2015-07-07,10.6834
2015-07-08,10.3266
2015-07-09,10.3207
2015-07-10,10.346
2015-07-13,10.5381
2015-07-14,10.699300000000001
2015-07-15,10.746
2015-07-16,10.841
2015-07-17,10.8587
2015-07-20,10.8587
2015-07-21,10.9217
2015-07-22,10.7996
2015-07-23,10.8492
2015-07-24,10.7901
2015-07-27,10.6844
2015-07-28,10.6138
2015-07-29,10.6379
2015-07-30,10.7329
2015-07-31,10.804
2015-08-03,10.7916
2015-08-04,10.7837
2015-08-05,10.8218
2015-08-06,10.8728
2015-08-07,10.9176
2015-08-10,10.9781
2015-08-11,10.9782
2015-08-12,10.8338
2015-08-13,10.8483
2015-08-14,10.8193
2015-08-17,10.8912
2015-08-18,10.8628
2015-08-19,10.7151
2015-08-20,10.5554
2015-08-21,10.2273
2015-08-24,9.6341
2015-08-25,9.312
2015-08-26,9.6143
2015-08-27,9.7534
2015-08-28,10.078
2015-08-31,10.015
2015-09-01,9.6631
2015-09-02,9.5894
2015-09-03,9.652
2015-09-04,9.4539
2015-09-07,9.4704
2015-09-08,9.2807
2015-09-09,9.893
2015-09-10,9.6916
2015-09-11,9.6805
2015-09-14,9.5608
2015-09-15,9.5652
2015-09-16,9.6431
2015-09-17,9.7656
2015-09-18,9.5656
2015-09-21,9.5656
2015-09-22,9.5656
2015-09-23,9.5656
2015-09-24,9.3303
2015-09-25,9.504
2015-09-28,9.3722
2015-09-29,8.9568
2015-09-30,7.7707
2015-10-01,7.9469
2015-10-02,7.9555
2015-10-05,8.0738
2015-10-06,8.1392
2015-10-07,8.2444
2015-10-08,8.1721
2015-10-09,8.3627
2015-10-12,8.3627
2015-10-13,8.2817
2015-10-14,8.1003
2015-10-15,8.2041
2015-10-16,8.3067
2015-10-19,8.2348
2015-10-20,8.2637
2015-10-21,8.4202
2015-10-22,8.369
2015-10-23,8.5421
2015-10-26,8.6085
2015-10-27,8.5204
2015-10-28,8.5451
2015-10-29,8.5428
2015-10-30,8.604800000000001
2015-11-02,8.4266
2015-11-03,8.4266
2015-11-04,8.5098
2015-11-05,8.5894
2015-11-06,8.6373
2015-11-09,8.7935
2015-11-10,8.7872
2015-11-11,8.8112
2015-11-12,8.8015
2015-11-13,8.7519
2015-11-16,8.6707
2015-11-17,8.7513
2015-11-18,8.675
2015-11-19,8.7517
2015-11-20,8.7587
2015-11-23,8.7587
2015-11-24,8.7624
2015-11-25,8.7015
2015-11-26,8.745
2015-11-27,8.7011
2015-11-30,8.6136
2015-12-01,8.7399
2015-12-02,8.7346
2015-12-03,8.7394
2015-12-04,8.5783
2015-12-07,8.6392
2015-12-08,8.6837
2015-12-09,8.6168
2015-12-10,8.5357
2015-12-11,8.5889
2015-12-14,8.4601
2015-12-15,8.313
2015-12-16,8.5422
2015-12-17,8.6705
2015-12-18,8.5129
2015-12-21,8.4824
2015-12-22,8.4942
2015-12-23,8.4942
2015-12-24,8.449
2015-12-25,8.409
2015-12-28,8.4733
2015-12-29,8.5435
2015-12-30,8.5611
2015-12-31,8.5611
2016-01-01,8.5611
2016-01-04,8.0197
2016-01-05,7.9884
2016-01-06,7.8992
2016-01-07,7.7269
2016-01-08,7.6766
2016-01-11,7.6766
2016-01-12,7.4408
2016-01-13,7.6541
2016-01-14,7.463
2016-01-15,7.4375
2016-01-18,7.3646
2016-01-19,7.3839
2016-01-20,7.109
2016-01-21,6.9137
2016-01-22,7.3018
2016-01-25,7.3906
2016-01-26,7.2165
2016-01-27,7.4314
2016-01-28,7.3751999999999995
2016-01-29,7.5915
2016-02-01,7.7776
2016-02-02,7.7209
2016-02-03,7.465
2016-02-04,7.3841
2016-02-05,7.2777
2016-02-08,7.3272
2016-02-09,6.9163
2016-02-10,6.7179
2016-02-11,6.7179
2016-02-12,6.355
2016-02-15,6.8801
2016-02-16,6.9146
2016-02-17,6.8258
2016-02-18,6.9788
2016-02-19,6.8771
2016-02-22,6.9141
2016-02-23,6.8733
2016-02-24,6.8347
2016-02-25,6.9509
2016-02-26,6.9723
2016-02-29,6.9224
2016-03-01,6.9455
2016-03-02,7.2192
2016-03-03,7.3302
2016-03-04,7.3581
2016-03-07,7.2802
2016-03-08,7.2054
2016-03-09,7.1246
2016-03-10,7.2237
2016-03-11,7.2614
2016-03-14,7.368
2016-03-15,7.317
2016-03-16,7.2522
2016-03-17,7.2417
2016-03-18,7.1607
2016-03-21,7.1607
2016-03-22,7.2992
2016-03-23,7.2637
2016-03-24,7.2043
2016-03-25,7.2824
2016-03-28,7.3609
2016-03-29,7.3312
2016-03-30,7.3139
2016-03-31,5.2267
2016-04-01,5.0346
2016-04-04,5.0457
2016-04-05,4.9184
2016-04-06,4.9162
2016-04-07,4.9336
2016-04-08,4.9928
2016-04-11,4.9567
2016-04-12,5.0396
2016-04-13,5.1734
2016-04-14,5.3292
2016-04-15,5.2884
2016-04-18,5.1176
2016-04-19,5.2918
2016-04-20,5.3058
2016-04-21,5.4221
2016-04-22,5.4824
2016-04-25,5.4653
2016-04-26,5.4271
2016-04-27,5.3892
2016-04-28,5.209
2016-04-29,5.209
2016-05-02,5.0458
2016-05-03,5.0458
2016-05-04,5.0458
2016-05-05,5.0458
2016-05-06,5.0364
2016-05-09,5.0679
2016-05-10,5.1752
2016-05-11,5.1689
2016-05-12,5.1804
2016-05-13,5.111
2016-05-16,5.1236
2016-05-17,5.1787
2016-05-18,5.1898
2016-05-19,5.1774000000000004
2016-05-20,5.1991
2016-05-23,5.1775
2016-05-24,5.127
2016-05-25,5.1953
2016-05-26,5.1955
2016-05-27,5.2235
2016-05-30,5.2874
2016-05-31,5.3379
2016-06-01,5.3318
2016-06-02,5.2109
2016-06-03,5.2293
2016-06-06,5.2107
2016-06-07,5.2433
2016-06-08,5.2833
2016-06-09,5.2267
2016-06-10,5.2007
2016-06-13,5.0218
2016-06-14,4.9765
2016-06-15,4.9987
2016-06-16,4.8629999999999995
2016-06-17,4.9030000000000005
2016-06-20,5.0138
2016-06-21,5.0754
2016-06-22,5.0391
2016-06-23,5.098
2016-06-24,4.7195
2016-06-27,4.7903
2016-06-28,4.7813
2016-06-29,4.878
2016-06-30,4.9242
2016-07-01,4.9557
2016-07-04,4.9879
2016-07-05,4.9647
2016-07-06,4.8706
2016-07-07,4.8417
2016-07-08,4.7825
2016-07-11,4.9651
2016-07-12,5.0886
2016-07-13,5.151
2016-07-14,5.1947
2016-07-15,5.2259
2016-07-18,5.2259
2016-07-19,5.2796
2016-07-20,5.2735
2016-07-21,5.311
2016-07-22,5.2627
2016-07-25,5.2521
2016-07-26,5.1749
2016-07-27,5.2342
2016-07-28,5.1752
2016-07-29,5.2361
2016-08-01,5.2359
2016-08-02,5.1478
2016-08-03,5.0401
2016-08-04,5.0918
2016-08-05,5.0863
2016-08-08,5.195
2016-08-09,5.2399000000000004
2016-08-10,5.2257
2016-08-11,5.2257
2016-08-12,5.2577
2016-08-15,5.2336
2016-08-16,5.1607
2016-08-17,5.2235
2016-08-18,5.1405
2016-08-19,5.1647
2016-08-22,5.1913
2016-08-23,5.1647
2016-08-24,5.2008
2016-08-25,5.1917
2016-08-26,5.1227
2016-08-29,5.241
2016-08-30,5.2411
2016-08-31,5.2958
2016-09-01,5.3268
2016-09-02,5.3412
2016-09-05,5.3541
2016-09-06,5.3806
2016-09-07,5.364
2016-09-08,5.3488
2016-09-09,5.3422
2016-09-12,5.2574
2016-09-13,5.2565
2016-09-14,5.2223
2016-09-15,5.1654
2016-09-16,5.2028
2016-09-19,5.2028
2016-09-20,5.226
2016-09-21,5.3659
2016-09-22,5.3659
2016-09-23,5.3461
2016-09-26,5.2896
2016-09-27,5.3395
2016-09-28,5.2301
2016-09-29,5.2825
2016-09-30,4.7579
2016-10-03,4.7829
2016-10-04,4.8166
2016-10-05,4.8455
2016-10-06,4.8690999999999995
2016-10-07,4.8587
2016-10-10,4.8587
2016-10-11,4.8805
2016-10-12,4.8296
2016-10-13,4.8253
2016-10-14,4.8417
2016-10-17,4.8614
2016-10-18,4.8711
2016-10-19,4.8711
2016-10-20,4.9245
2016-10-21,4.9032
2016-10-24,4.9112
2016-10-25,4.9486
2016-10-26,4.9643
2016-10-27,4.9607
2016-10-28,4.9963
2016-10-31,5.0021
2016-11-01,5.0006
2016-11-02,4.9111
2016-11-03,4.9111
2016-11-04,4.8263
2016-11-07,4.8858
2016-11-08,4.8927
2016-11-09,4.6659
2016-11-10,4.9418
2016-11-11,4.9616
2016-11-14,5.0427
2016-11-15,5.0587
2016-11-16,5.1258
2016-11-17,5.131
2016-11-18,5.1452
2016-11-21,5.1953
2016-11-22,5.2074
2016-11-23,5.2074
2016-11-24,5.2603
2016-11-25,5.2798
2016-11-28,5.2951
2016-11-29,5.2925
2016-11-30,5.2879
2016-12-01,5.367
2016-12-02,5.3486
2016-12-05,5.3079
2016-12-06,5.3458
2016-12-07,5.3963
2016-12-08,5.4804
2016-12-09,5.5283999999999995
2016-12-12,5.549
2016-12-13,5.5751
2016-12-14,5.5721
2016-12-15,5.5857
2016-12-16,5.6127
2016-12-19,5.6078
2016-12-20,5.6176
2016-12-21,5.593
2016-12-22,5.5878
2016-12-23,5.5878
2016-12-26,5.5671
2016-12-27,5.5603
2016-12-28,5.5556
2016-12-29,5.4883
2016-12-30,5.4874
2017-01-02,5.4874
2017-01-03,5.4874
2017-01-04,5.7416
2017-01-05,5.7463
2017-01-06,5.7336
2017-01-09,5.7336
2017-01-10,5.6891
2017-01-11,5.7238
2017-01-12,5.6668
2017-01-13,5.7033000000000005
2017-01-16,5.6509
2017-01-17,5.572
2017-01-18,5.5913
2017-01-19,5.6434999999999995
2017-01-20,5.6622
2017-01-23,5.5917
2017-01-24,5.5579
2017-01-25,5.6169
2017-01-26,5.7084
2017-01-27,5.7258
2017-01-30,5.7016
2017-01-31,5.6073
2017-02-01,5.6262
2017-02-02,5.5648
2017-02-03,5.58
2017-02-06,5.6014
2017-02-07,5.5858
2017-02-08,5.6148
2017-02-09,5.5694
2017-02-10,5.6939
2017-02-13,5.719
2017-02-14,5.656
2017-02-15,5.7097999999999995
2017-02-16,5.6979
2017-02-17,5.6716999999999995
2017-02-20,5.6821
2017-02-21,5.7148
2017-02-22,5.7215
2017-02-23,5.7165
2017-02-24,5.6946
2017-02-27,5.6335
2017-02-28,5.6224
2017-03-01,5.6893
2017-03-02,5.7308
2017-03-03,5.7071
2017-03-06,5.6918
2017-03-07,5.6911000000000005
2017-03-08,5.6705
2017-03-09,5.6857
2017-03-10,5.759
2017-03-13,5.7749
2017-03-14,5.7619
2017-03-15,5.7537
2017-03-16,5.7562999999999995
2017-03-17,5.7274
2017-03-20,5.7274
2017-03-21,5.7125
2017-03-22,5.5897
2017-03-23,5.5929
2017-03-24,5.6415
2017-03-27,5.5706
2017-03-28,5.6416
2017-03-29,5.6299
2017-03-30,5.5805
2017-03-31,11.2303
2017-04-03,11.2598
2017-04-04,11.1773
2017-04-05,11.1793
2017-04-06,11.0086
2017-04-07,11.0732
2017-04-10,11.1423
2017-04-11,11.1126
2017-04-12,10.9972
2017-04-13,10.9066
2017-04-14,10.8479
2017-04-17,10.8911
2017-04-18,10.9286
2017-04-19,10.9241
2017-04-20,10.9336
2017-04-21,11.0469
2017-04-24,11.1556
2017-04-25,11.2786
2017-04-26,11.4168
2017-04-27,11.4
2017-04-28,11.3519
2017-05-01,11.4139
2017-05-02,11.4933
2017-05-03,11.4933
2017-05-04,11.4933
2017-05-05,11.4933
2017-05-08,11.7507
2017-05-09,11.7128
2017-05-10,11.7366
2017-05-11,11.7486
2017-05-12,11.7047
2017-05-15,11.6995
2017-05-16,11.7268
2017-05-17,11.6614
2017-05-18,11.5024
2017-05-19,11.5393
2017-05-22,11.5906
2017-05-23,11.5645
2017-05-24,11.637599999999999
2017-05-25,11.6657
2017-05-26,11.6046
2017-05-29,11.6102
2017-05-30,11.6223
2017-05-31,11.5967
2017-06-01,11.4763
2017-06-02,11.6774
2017-06-05,11.6516
2017-06-06,11.5561
2017-06-07,11.555
2017-06-08,11.5015
2017-06-09,11.5134
2017-06-12,11.5087
2017-06-13,11.5176
2017-06-14,11.5054
2017-06-15,11.4763
2017-06-16,11.5355
2017-06-19,11.604800000000001
2017-06-20,11.6794
2017-06-21,11.6403
2017-06-22,11.630700000000001
2017-06-23,11.6443
2017-06-26,11.6446
2017-06-27,11.6931
2017-06-28,11.6716
2017-06-29,11.7351
2017-06-30,11.5431
2017-07-03,11.5593
2017-07-04,11.5374
2017-07-05,11.5994
2017-07-06,11.5691
2017-07-07,11.5138
2017-07-10,11.574
2017-07-11,11.6509
2017-07-12,11.5961
2017-07-13,11.5923
2017-07-14,11.6322
2017-07-17,11.6322
2017-07-18,11.606
2017-07-19,11.6107
2017-07-20,11.6903
2017-07-21,11.6623
2017-07-24,11.5871
2017-07-25,11.5623
2017-07-26,11.5976
2017-07-27,11.6466
2017-07-28,11.6044
2017-07-31,11.5903
2017-08-01,11.6667
2017-08-02,11.7075
2017-08-03,11.6966
2017-08-04,11.6659
2017-08-07,11.719
2017-08-08,11.6884
2017-08-09,11.5655
2017-08-10,11.5552
2017-08-11,11.5552
2017-08-14,11.4325
2017-08-15,11.5613
2017-08-16,11.5576
2017-08-17,11.5437
2017-08-18,11.4225
2017-08-21,11.4058
2017-08-22,11.4107
2017-08-23,11.4394
2017-08-24,11.3773
2017-08-25,11.4101
2017-08-28,11.4277
2017-08-29,11.4045
2017-08-30,11.4733
2017-08-31,11.4739
2017-09-01,11.499
2017-09-04,11.3988
2017-09-05,11.3252
2017-09-06,11.3287
2017-09-07,11.3671
2017-09-08,11.3339
2017-09-11,11.4732
2017-09-12,11.5858
2017-09-13,11.6519
2017-09-14,11.6137
2017-09-15,11.6585
2017-09-18,11.6585
2017-09-19,11.8774
2017-09-20,11.8845
2017-09-21,11.8913
2017-09-22,11.8643
2017-09-25,11.9137
2017-09-26,11.9015
2017-09-27,11.8414
2017-09-28,11.9137
2017-09-29,11.897
2017-10-02,15.4132
2017-10-03,15.5216
2017-10-04,15.5241
2017-10-05,15.5109
2017-10-06,15.5617
2017-10-09,15.5617
2017-10-10,15.624600000000001
2017-10-11,15.6401
2017-10-12,15.6687
2017-10-13,15.7473
2017-10-16,15.8511
2017-10-17,15.9023
2017-10-18,15.9281
2017-10-19,15.992
2017-10-20,15.9969
2017-10-23,16.1299
2017-10-24,16.2311
2017-10-25,16.178
2017-10-26,16.197
2017-10-27,16.3536
2017-10-30,16.3475
2017-10-31,16.2861
2017-11-01,16.4928
2017-11-02,16.5731
2017-11-03,16.5731
2017-11-06,16.5593
2017-11-07,16.7385
2017-11-08,16.7725
2017-11-09,16.7407
2017-11-10,16.6132
2017-11-13,16.4406
2017-11-14,16.4109
2017-11-15,16.0911
2017-11-16,16.249
2017-11-17,16.2609
2017-11-20,16.2115
2017-11-21,16.3163
2017-11-22,16.3826
2017-11-23,16.3826
2017-11-24,16.4136
2017-11-27,16.3775
2017-11-28,16.3358
2017-11-29,16.4558
2017-11-30,16.485
2017-12-01,16.2772
2017-12-04,16.1897
2017-12-05,16.2142
2017-12-06,15.9786
2017-12-07,16.1592
2017-12-08,16.2634
2017-12-11,16.3614
2017-12-12,16.376
2017-12-13,16.3401
2017-12-14,16.2996
2017-12-15,16.1557
2017-12-18,16.3917
2017-12-19,16.3772
2017-12-20,16.4351
2017-12-21,16.4346
2017-12-22,16.4919
2017-12-25,16.5207
2017-12-26,16.4703
2017-12-27,16.4833
2017-12-28,16.3859
2017-12-29,16.3677
2018-01-01,16.3677
2018-01-02,16.3677
2018-01-03,16.3677
2018-01-04,16.7939
2018-01-05,16.9547
2018-01-08,16.9547
2018-01-09,17.04
2018-01-10,17.077
2018-01-11,17.0326
2018-01-12,16.9277
2018-01-15,17.0181
2018-01-16,17.127
2018-01-17,17.1042
2018-01-18,16.9935
2018-01-19,17.0993
2018-01-22,17.1233
2018-01-23,17.2974
2018-01-24,17.1924
2018-01-25,17.0351
2018-01-26,16.9728
2018-01-29,16.9734
2018-01-30,16.7746
2018-01-31,16.5454
2018-02-01,16.839
2018-02-02,16.7777
2018-02-05,16.4247
2018-02-06,15.7372
2018-02-07,15.8035
2018-02-08,15.9515
2018-02-09,15.646
2018-02-12,15.646
2018-02-13,15.5124
2018-02-14,15.3874
2018-02-15,15.5439
2018-02-16,15.6908
2018-02-19,16.0209
2018-02-20,15.8654
2018-02-21,15.8441
2018-02-22,15.6965
2018-02-23,15.824300000000001
2018-02-26,15.9668
2018-02-27,16.1229
2018-02-28,15.8117
2018-03-01,15.5588
2018-03-02,15.2623
2018-03-05,15.1404
2018-03-06,15.3249
2018-03-07,15.2045
2018-03-08,15.2698
2018-03-09,15.3171
2018-03-12,15.5564
2018-03-13,15.6346
2018-03-14,15.5579
2018-03-15,15.5651
2018-03-16,15.5048
2018-03-19,15.3623
2018-03-20,15.2998
2018-03-21,15.2998
2018-03-22,15.3998
2018-03-23,14.8457
2018-03-26,14.9031
2018-03-27,15.3308
2018-03-28,15.1631
2018-03-29,15.1877
2018-03-30,15.2936
2018-04-02,8.0197
2018-04-03,7.9931
2018-04-04,7.9952
2018-04-05,8.0884
2018-04-06,8.0576
2018-04-09,8.0909
2018-04-10,8.127
2018-04-11,8.1005
2018-04-12,8.0705
2018-04-13,8.1227
2018-04-16,8.151299999999999
2018-04-17,8.127
2018-04-18,8.2161
2018-04-19,8.2176
2018-04-20,8.221
2018-04-23,8.2236
2018-04-24,8.3191
2018-04-25,8.3089
2018-04-26,8.329
2018-04-27,8.3489
2018-04-30,8.3489
2018-05-01,8.3374
2018-05-02,8.3198
2018-05-03,8.3198
2018-05-04,8.3198
2018-05-07,8.3243
2018-05-08,8.3545
2018-05-09,8.3196
2018-05-10,8.3459
2018-05-11,8.4246
2018-05-14,8.4741
2018-05-15,8.4704
2018-05-16,8.4453
2018-05-17,8.4886
2018-05-18,8.5227
2018-05-21,8.5155
2018-05-22,8.4989
2018-05-23,8.4292
2018-05-24,8.3238
2018-05-25,8.3085
2018-05-28,8.3038
2018-05-29,8.2661
2018-05-30,8.1442
2018-05-31,8.1913
2018-06-01,8.2704
2018-06-04,8.3906
2018-06-05,8.3954
2018-06-06,8.4138
2018-06-07,8.4732
2018-06-08,8.4315
2018-06-11,8.4565
2018-06-12,8.4828
2018-06-13,8.5189
2018-06-14,8.436
2018-06-15,8.4735
2018-06-18,8.3876
2018-06-19,8.2637
2018-06-20,8.3101
2018-06-21,8.3079
2018-06-22,8.2696
2018-06-25,8.1997
2018-06-26,8.2109
2018-06-27,8.2059
2018-06-28,8.1886
2018-06-29,8.2063
2018-07-02,8.0278
2018-07-03,8.0261
2018-07-04,8.0243
2018-07-05,7.9561
2018-07-06,8.0289
2018-07-09,8.1208
2018-07-10,8.1494
2018-07-11,8.0829
2018-07-12,8.1236
2018-07-13,8.2244
2018-07-16,8.2244
2018-07-17,8.2888
2018-07-18,8.3142
2018-07-19,8.3101
2018-07-20,8.2935
2018-07-23,8.2555
2018-07-24,8.2905
2018-07-25,8.3207
2018-07-26,8.3621
2018-07-27,8.4089
2018-07-30,8.3683
2018-07-31,8.3172
2018-08-01,8.402
2018-08-02,8.3161
2018-08-03,8.2787
2018-08-06,8.2411
2018-08-07,8.3055
2018-08-08,8.2934
2018-08-09,8.2661
2018-08-10,8.1722
2018-08-13,8.0048
2018-08-14,8.1337
2018-08-15,8.0785
2018-08-16,8.0429
2018-08-17,8.0881
2018-08-20,8.0751
2018-08-21,8.0422
2018-08-22,8.1017
2018-08-23,8.0929
2018-08-24,8.1428
2018-08-27,8.2319
2018-08-28,8.2501
2018-08-29,8.2847
2018-08-30,8.2726
2018-08-31,8.2754
2018-09-03,8.2156
2018-09-04,8.2047
2018-09-05,8.1382
2018-09-06,8.0811
2018-09-07,8.0446
2018-09-10,8.0593
2018-09-11,8.1234
2018-09-12,8.0945
2018-09-13,8.1835
2018-09-14,8.2722
2018-09-17,8.2722
2018-09-18,8.4168
2018-09-19,8.54
2018-09-20,8.5506
2018-09-21,8.6309
2018-09-24,8.6309
2018-09-25,8.7041
2018-09-26,8.6964
2018-09-27,8.6001
2018-09-28,8.6919
2018-10-01,7.9886
2018-10-02,8.0211
2018-10-03,7.9279
2018-10-04,7.9176
2018-10-05,7.8798
2018-10-08,7.8798
2018-10-09,7.7499
2018-10-10,7.7564
2018-10-11,7.4831
2018-10-12,7.482
2018-10-15,7.3648
2018-10-16,7.4319
2018-10-17,7.5382
2018-10-18,7.4994
2018-10-19,7.447
2018-10-22,7.4545
2018-10-23,7.2621
2018-10-24,7.2623
2018-10-25,7.0461
2018-10-26,7.037
2018-10-29,7.0165
2018-10-30,7.1042
2018-10-31,7.254
2018-11-01,7.184
2018-11-02,7.3054
2018-11-05,7.2179
2018-11-06,7.3091
2018-11-07,7.2706
2018-11-08,7.4003
2018-11-09,7.3535
2018-11-12,7.3562
2018-11-13,7.2127
2018-11-14,7.2334
2018-11-15,7.218
2018-11-16,7.1773
2018-11-19,7.215
2018-11-20,7.1612
2018-11-21,7.119
2018-11-22,7.1701
2018-11-23,7.1701
2018-11-26,7.1826
2018-11-27,7.2361
2018-11-28,7.2755
2018-11-29,7.2969
2018-11-30,7.3369
2018-12-03,7.4605
2018-12-04,7.2885
2018-12-05,7.2533
2018-12-06,7.1214
2018-12-07,7.1703
2018-12-10,7.0404
2018-12-11,6.9844
2018-12-12,7.1241
2018-12-13,7.1635
2018-12-14,7.0566
2018-12-17,7.0767
2018-12-18,6.9457
2018-12-19,6.9121
2018-12-20,6.7495
2018-12-21,6.63
2018-12-24,6.63
2018-12-25,6.3265
2018-12-26,6.3873
2018-12-27,6.6796
2018-12-28,6.6453
2018-12-31,6.6453
2019-01-01,6.6453
2019-01-02,6.6453
2019-01-03,6.6453
2019-01-04,6.603
2019-01-07,6.7929
2019-01-08,6.8213
2019-01-09,6.9117
2019-01-10,6.8516
2019-01-11,6.9015
2019-01-14,6.9015
2019-01-15,6.9556000000000004
2019-01-16,6.9349
2019-01-17,6.9539
2019-01-18,7.0158
2019-01-21,7.0566
2019-01-22,7.0139
2019-01-23,6.9748
2019-01-24,6.3802
2019-01-25,6.4397
2019-01-28,6.3995
2019-01-29,6.4018
2019-01-30,6.3826
2019-01-31,6.4458
2019-02-01,6.4337
2019-02-04,6.4878
2019-02-05,6.4905
2019-02-06,6.4891
2019-02-07,6.4387
2019-02-08,6.3175
2019-02-11,6.3175
2019-02-12,6.4483
2019-02-13,6.5206
2019-02-14,6.5226
2019-02-15,6.471
2019-02-18,6.5669
2019-02-19,6.5865
2019-02-20,6.6178
2019-02-21,6.6185
2019-02-22,6.6047
2019-02-25,6.6495
2019-02-26,6.6334
2019-02-27,6.6463
2019-02-28,6.5859
2019-03-01,6.6241
2019-03-04,6.6721
2019-03-05,6.6417
2019-03-06,6.623
2019-03-07,6.5654
2019-03-08,6.4548
2019-03-11,6.4935
2019-03-12,6.5917
2019-03-13,6.5361
2019-03-14,6.5248
2019-03-15,6.5819
2019-03-18,6.6219
2019-03-19,6.6147
2019-03-20,6.6277
2019-03-21,6.6277
2019-03-22,6.6352
2019-03-25,6.4723
2019-03-26,6.6282
2019-03-27,6.5791
2019-03-28,6.4752
2019-03-29,6.5095
2019-04-01,9.5813
2019-04-02,9.565
2019-04-03,9.6257
2019-04-04,9.6207
2019-04-05,9.6562
2019-04-08,9.6259
2019-04-09,9.6267
2019-04-10,9.5595
2019-04-11,9.5515
2019-04-12,9.5469
2019-04-15,9.6689
2019-04-16,9.6693
2019-04-17,9.696
2019-04-18,9.6199
2019-04-19,9.6282
2019-04-22,9.6407
2019-04-23,9.6647
2019-04-24,9.6014
2019-04-25,9.6408
2019-04-26,9.6367
2019-04-29,9.6367
2019-04-30,9.6367
2019-05-01,9.6367
2019-05-02,9.6367
2019-05-03,9.6367
2019-05-06,9.6367
2019-05-07,9.5272
2019-05-08,9.3699
2019-05-09,9.2572
2019-05-10,9.2426
2019-05-13,9.1988
2019-05-14,9.1602
2019-05-15,9.2159
2019-05-16,9.1743
2019-05-17,9.2693
2019-05-20,9.2857
2019-05-21,9.2594
2019-05-22,9.2329
2019-05-23,9.1972
2019-05-24,9.1956
2019-05-27,9.2311
2019-05-28,9.257
2019-05-29,9.2251
2019-05-30,9.203
2019-05-31,9.0889
2019-06-03,9.0188
2019-06-04,9.0093
2019-06-05,9.186
2019-06-06,9.1606
2019-06-07,9.2039
2019-06-10,9.3259
2019-06-11,9.3773
2019-06-12,9.3323
2019-06-13,9.2643
2019-06-14,9.2938
2019-06-17,9.2605
2019-06-18,9.2041
2019-06-19,9.3608
2019-06-20,9.3919
2019-06-21,9.3077
2019-06-24,9.3207
2019-06-25,9.2953
2019-06-26,9.248
2019-06-27,9.3572
2019-06-28,9.345
2019-07-01,9.5079
2019-07-02,9.5326
2019-07-03,9.465
2019-07-04,9.5196
2019-07-05,9.5374
2019-07-08,9.4576
2019-07-09,9.4475
2019-07-10,9.4256
2019-07-11,9.4624
2019-07-12,9.4548
2019-07-15,9.4548
2019-07-16,9.4056
2019-07-17,9.4025
2019-07-18,9.2181
2019-07-19,9.3897
2019-07-22,9.3499
2019-07-23,9.419599999999999
2019-07-24,9.4629
2019-07-25,9.474
2019-07-26,9.4387
2019-07-29,9.4203
2019-07-30,9.4576
2019-07-31,9.3335
2019-08-01,9.3544
2019-08-02,9.1633
2019-08-05,9.0001
2019-08-06,8.9549
2019-08-07,8.9599
2019-08-08,8.9455
2019-08-09,8.9822
2019-08-12,8.9822
2019-08-13,8.8845
2019-08-14,8.9541
2019-08-15,8.8665
2019-08-16,8.875399999999999
2019-08-19,8.9283
2019-08-20,8.987400000000001
2019-08-21,8.9407
2019-08-22,8.9446
2019-08-23,8.9689
2019-08-26,8.8301
2019-08-27,8.8951
2019-08-28,8.8994
2019-08-29,8.8953
2019-08-30,9.0126
2019-09-02,8.897
2019-09-03,8.9235
2019-09-04,8.9107
2019-09-05,9.0719
2019-09-06,9.0983
2019-09-09,9.1777
2019-09-10,9.219
2019-09-11,9.3682
2019-09-12,9.4375
2019-09-13,9.5275
2019-09-16,9.5275
2019-09-17,9.5504
2019-09-18,9.5063
2019-09-19,9.5546
2019-09-20,9.5571
2019-09-23,9.5571
2019-09-24,9.591
2019-09-25,9.5705
2019-09-26,9.5832
2019-09-27,9.4803
2019-09-30,9.6329
2019-10-01,9.7173
2019-10-02,9.6677
2019-10-03,9.5081
2019-10-04,9.5372
2019-10-07,9.5326
2019-10-08,9.6099
2019-10-09,9.5729
2019-10-10,9.5815
2019-10-11,9.6742
2019-10-14,9.6742
2019-10-15,9.8248
2019-10-16,9.8993
2019-10-17,9.8589
2019-10-18,9.8436
2019-10-21,9.8816
2019-10-22,9.8816
2019-10-23,9.9319
2019-10-24,9.9684
2019-10-25,9.9919
2019-10-28,9.9941
2019-10-29,10.0826
2019-10-30,10.0919
2019-10-31,10.1031
2019-11-01,10.1031
2019-11-04,10.1031
2019-11-05,10.2717
2019-11-06,10.2736
2019-11-07,10.2956
2019-11-08,10.3216
2019-11-11,10.3213
2019-11-12,10.3541
2019-11-13,10.2967
2019-11-14,10.2061
2019-11-15,10.2675
2019-11-18,10.2971
2019-11-19,10.2635
2019-11-20,10.23
2019-11-21,10.2168
2019-11-22,10.2291
2019-11-25,10.3007
2019-11-26,10.325
2019-11-27,10.6805
2019-11-28,10.6704
2019-11-29,10.6114
2019-12-02,10.6842
2019-12-03,10.6403
2019-12-04,10.6047
2019-12-05,10.6546
2019-12-06,10.6619
2019-12-09,10.7112
2019-12-10,10.6972
2019-12-11,10.6619
2019-12-12,10.6549
2019-12-13,10.8382
2019-12-16,10.8143
2019-12-17,10.8762
2019-12-18,10.8241
2019-12-19,10.811
2019-12-20,10.7831
2019-12-23,10.7685
2019-12-24,10.7588
2019-12-25,10.7244
2019-12-26,10.7819
2019-12-27,10.7835
2019-12-30,10.7132
2019-12-31,10.7132
2020-01-01,10.7132
2020-01-02,10.7132
2020-01-03,10.7132
2020-01-06,9.9289
2020-01-07,10.0865
2020-01-08,9.9543
2020-01-09,10.1179
2020-01-10,10.1597
2020-01-13,10.1597
2020-01-14,10.204
2020-01-15,10.1436
2020-01-16,10.1358
2020-01-17,10.1775
2020-01-20,10.2229
2020-01-21,10.1596
2020-01-22,10.2132
2020-01-23,10.1378
2020-01-24,10.1498
2020-01-27,9.9895
2020-01-28,9.9278
2020-01-29,9.9788
2020-01-30,9.8346
2020-01-31,9.9048
2020-02-03,9.8399
2020-02-04,9.8968
2020-02-05,9.9986
2020-02-06,10.2133
2020-02-07,10.1896
2020-02-10,10.1171
2020-02-11,10.1171
2020-02-12,10.1237
2020-02-13,10.0878
2020-02-14,10.0293
2020-02-17,9.9532
2020-02-18,9.8297
2020-02-19,9.8679
2020-02-20,9.8959
2020-02-21,9.8932
2020-02-24,9.8932
2020-02-25,9.579
2020-02-26,9.5043
2020-02-27,9.2865
2020-02-28,8.9522
2020-03-02,9.014
2020-03-03,8.9049
2020-03-04,8.8941
2020-03-05,8.988199999999999
2020-03-06,8.7347
2020-03-09,8.2515
2020-03-10,8.3541
2020-03-11,8.2272
2020-03-12,7.8884
2020-03-13,7.4943
2020-03-16,7.3283
