Date,Open,High,Low,Close,Adj Close,Volume
2012-01-24,25.94,25.94,25.33,25.59,20.8,4800
2012-01-25,25.88,26.0,25.42,26.0,21.13,3000
2012-01-26,26.24,26.24,26.04,26.13,21.24,2500
2012-01-27,25.96,26.45,25.96,26.45,21.5,1500
2012-01-30,26.22,26.22,25.77,26.09,21.21,2200
2012-01-31,26.74,26.74,25.92,26.13,21.24,23300
2012-02-01,27.01,27.01,26.63,26.78,21.77,4700
2012-02-02,26.78,26.78,26.57,26.69,21.69,1000
2012-02-03,27.61,27.61,26.89,27.18,22.09,5400
2012-02-06,27.02,27.14,27.0,27.05,21.99,1800
2012-02-07,27.07,27.2,26.84,27.2,22.11,11700
2012-02-08,27.51,27.63,27.42,27.63,22.46,1200
2012-02-09,27.79,27.79,27.58,27.73,22.54,3100
2012-02-10,27.49,27.72,27.36,27.63,22.46,8700
2012-02-13,27.99,27.99,27.91,27.98,22.74,5500
2012-02-14,27.86,27.86,27.56,27.56,22.4,800
2012-02-15,27.56,27.56,27.56,27.56,22.4,0
2012-02-16,27.51,28.26,27.51,28.26,22.97,1100
2012-02-17,28.26,28.29,28.26,28.28,22.99,2700
2012-02-21,28.77,28.77,28.6,28.6,23.25,1000
2012-02-22,28.83,28.85,28.83,28.85,23.45,800
2012-02-23,28.82,28.82,28.78,28.8,23.41,14100
2012-02-24,29.43,29.46,29.43,29.45,23.94,7800
2012-02-27,29.32,29.5,29.25,29.38,23.88,51500
2012-02-28,29.55,29.77,29.45,29.76,24.19,38000
2012-02-29,29.76,29.99,29.49,29.62,24.07,14800
2012-03-01,29.56,29.63,29.43,29.63,24.08,37000
2012-03-02,29.57,29.57,29.29,29.37,23.87,8000
2012-03-05,29.36,29.36,28.96,29.02,23.59,9200
2012-03-06,27.87,27.87,27.59,27.59,22.42,5500
2012-03-07,28.17,28.17,28.17,28.17,22.9,500
2012-03-08,28.83,29.22,28.82,29.21,23.74,46000
2012-03-09,28.67,28.76,28.64,28.67,23.3,16900
2012-03-12,28.54,28.55,28.47,28.54,23.2,5300
2012-03-13,28.61,28.88,28.61,28.88,23.47,10300
2012-03-14,28.67,28.67,28.38,28.38,23.07,10400
2012-03-15,28.65,28.73,28.65,28.73,23.35,3000
2012-03-16,29.07,29.12,29.07,29.1,23.65,1500
2012-03-19,29.15,29.15,29.12,29.15,23.69,1500
2012-03-20,28.7,30.42,28.67,30.42,24.73,900
2012-03-21,27.76,28.48,27.76,28.35,23.04,2700
2012-03-22,28.01,28.06,27.95,27.95,22.72,4800
2012-03-23,28.28,28.53,28.24,28.53,23.19,5200
2012-03-26,29.22,29.48,29.22,29.48,23.96,11900
2012-03-27,29.18,29.18,28.87,28.87,23.47,7400
2012-03-28,28.87,28.87,28.87,28.87,23.47,900
2012-03-29,28.05,28.12,27.94,28.12,22.86,8800
2012-03-30,28.53,28.76,28.47,28.76,23.38,15700
2012-04-02,28.8,29.27,28.8,29.27,23.79,21700
2012-04-03,28.78,28.78,28.34,28.34,23.03,22900
2012-04-04,28.02,28.04,27.8,28.0,22.76,44100
2012-04-05,27.61,27.8,27.6,27.72,22.53,9000
2012-04-09,27.29,27.3,27.21,27.22,22.12,8000
2012-04-10,27.43,27.43,26.77,26.84,21.82,2900
2012-04-11,27.02,27.02,27.02,27.02,21.96,1000
2012-04-12,27.38,27.59,27.37,27.59,22.42,1700
2012-04-13,27.59,27.59,27.59,27.59,22.42,0
2012-04-16,27.25,27.25,27.25,27.25,22.15,400
2012-04-17,27.8,28.17,27.75,28.09,22.83,3400
2012-04-18,28.08,28.08,27.86,27.92,22.69,2300
2012-04-19,27.92,27.92,27.92,27.92,22.69,0
2012-04-20,27.92,27.92,27.92,27.92,22.69,0
2012-04-23,27.22,27.25,27.07,27.25,22.15,2300
2012-04-24,27.77,27.77,27.4,27.45,22.31,3300
2012-04-25,27.45,27.45,27.45,27.45,22.31,0
2012-04-26,27.45,27.45,27.45,27.45,22.31,0
2012-04-27,28.0,28.0,27.93,27.93,22.7,300
2012-04-30,27.88,27.98,27.88,27.98,22.74,1500
2012-05-01,28.28,28.28,28.28,28.28,22.99,700
2012-05-02,28.28,28.28,28.28,28.28,22.99,0
2012-05-03,28.28,28.28,28.28,28.28,22.99,0
2012-05-04,27.48,27.48,27.13,27.14,22.06,2500
2012-05-07,27.06,27.06,27.06,27.06,21.99,700
2012-05-08,26.75,26.75,26.15,26.42,21.47,5600
2012-05-09,25.78,26.16,25.78,26.16,21.26,7200
2012-05-10,26.42,26.44,26.42,26.44,21.49,2900
2012-05-11,26.34,26.34,26.27,26.27,21.35,1800
2012-05-14,25.82,25.82,25.57,25.58,20.79,2800
2012-05-15,25.39,25.39,25.24,25.25,20.52,2700
2012-05-16,25.46,25.46,25.32,25.32,20.58,1300
2012-05-17,25.32,25.32,24.89,24.89,20.23,2500
2012-05-18,24.5,24.58,24.42,24.42,19.85,2000
2012-05-21,24.95,25.0,24.86,25.0,20.32,1800
2012-05-22,25.44,25.48,25.17,25.17,20.46,7000
2012-05-23,24.91,24.91,24.29,24.29,19.74,800
2012-05-24,24.3,24.3,24.28,24.28,19.73,200
2012-05-25,24.28,24.28,24.28,24.28,19.73,0
2012-05-29,24.28,24.28,24.28,24.28,19.73,0
2012-05-30,24.28,24.28,24.28,24.28,19.73,0
2012-05-31,24.01,24.07,23.74,23.76,19.31,1200
2012-06-01,23.27,23.27,23.27,23.27,18.91,500
2012-06-04,23.05,23.05,22.92,22.92,18.63,3000
2012-06-05,22.92,22.92,22.92,22.92,18.63,0
2012-06-06,23.67,24.04,23.67,24.04,19.54,13600
2012-06-07,24.66,24.66,24.38,24.46,19.88,800
2012-06-08,24.24,24.24,24.24,24.24,19.7,200
2012-06-11,24.69,24.69,24.12,24.12,19.6,6600
2012-06-12,23.94,24.06,23.91,24.06,19.56,500
2012-06-13,23.94,24.09,23.94,23.94,19.46,4900
2012-06-14,24.14,24.3,24.14,24.3,19.75,2200
2012-06-15,24.4,24.54,24.4,24.54,19.95,300
2012-06-18,24.48,24.63,24.4,24.63,20.02,3700
2012-06-19,24.63,24.63,24.63,24.63,20.02,0
2012-06-20,25.45,25.46,25.3,25.3,20.56,2900
2012-06-21,24.62,24.66,24.0,24.0,20.02,13300
2012-06-22,23.77,23.77,23.77,23.77,19.83,100
2012-06-25,23.2,23.24,23.2,23.24,19.38,1600
2012-06-26,23.35,23.44,23.35,23.44,19.55,1200
2012-06-27,23.51,23.78,23.49,23.78,19.83,3300
2012-06-28,23.64,23.64,23.55,23.55,19.64,900
2012-06-29,24.7,25.01,24.7,24.97,20.83,2500
2012-07-02,25.24,25.24,25.24,25.24,21.05,400
2012-07-03,25.56,25.56,25.55,25.55,21.31,1000
2012-07-05,25.02,25.02,24.79,25.02,20.87,2300
2012-07-06,24.3,24.3,24.23,24.23,20.21,3700
2012-07-09,24.31,24.41,24.24,24.4,20.35,5000
2012-07-10,24.82,24.91,24.53,24.58,20.5,11600
2012-07-11,24.58,24.58,24.58,24.58,20.5,0
2012-07-12,24.39,24.44,24.39,24.44,20.39,3400
2012-07-13,24.93,25.33,24.91,24.98,20.84,14100
2012-07-16,24.99,24.99,24.99,24.99,20.84,600
2012-07-17,25.34,25.49,25.32,25.49,21.26,12000
2012-07-18,25.51,25.51,25.51,25.51,21.28,200
2012-07-19,25.51,25.51,25.51,25.51,21.28,0
2012-07-20,25.51,25.51,25.51,25.51,21.28,0
2012-07-23,25.51,25.51,25.51,25.51,21.28,0
2012-07-24,24.38,24.56,24.34,24.56,20.49,6100
2012-07-25,24.98,24.98,24.76,24.77,20.66,700
2012-07-26,25.63,25.63,25.52,25.52,21.29,500
2012-07-27,25.89,25.91,25.79,25.91,21.61,3300
2012-07-30,25.75,25.77,25.75,25.77,21.49,4000
2012-07-31,25.59,25.59,25.54,25.56,21.32,16000
2012-08-01,25.69,25.8,25.68,25.75,21.48,5400
2012-08-02,25.75,25.75,25.75,25.75,21.48,0
2012-08-03,25.98,26.23,25.98,26.23,21.88,3100
2012-08-06,26.41,26.41,26.41,26.41,22.03,300
2012-08-07,26.41,26.41,26.41,26.41,22.03,0
2012-08-08,26.78,26.78,26.72,26.72,22.29,2100
2012-08-09,26.77,26.77,26.6,26.6,22.19,1300
2012-08-10,26.61,26.61,26.55,26.55,22.15,600
2012-08-13,26.52,26.52,26.52,26.52,22.12,100
2012-08-14,26.52,26.52,26.52,26.52,22.12,0
2012-08-15,26.82,26.83,26.82,26.83,22.38,1100
2012-08-16,26.9,27.17,26.9,27.17,22.66,4000
2012-08-17,27.1,27.24,27.1,27.24,22.72,600
2012-08-20,27.24,27.24,27.24,27.24,22.72,0
2012-08-21,27.24,27.24,27.24,27.24,22.72,400
2012-08-22,27.1,27.19,27.1,27.19,22.68,4500
2012-08-23,27.18,27.2,27.18,27.2,22.69,4000
2012-08-24,26.85,27.34,26.85,27.33,22.8,4500
2012-08-27,27.3,27.3,27.23,27.23,22.71,1000
2012-08-28,27.15,27.15,27.15,27.15,22.65,1800
2012-08-29,27.16,27.23,27.16,27.23,22.71,2000
2012-08-30,26.89,26.99,26.78,26.99,22.51,2600
2012-08-31,26.99,26.99,26.99,26.99,22.51,0
2012-09-04,27.54,27.54,27.31,27.43,22.88,2800
2012-09-05,27.27,27.35,27.04,27.06,22.57,6200
2012-09-06,27.11,27.86,27.11,27.86,23.24,4300
2012-09-07,28.11,28.22,28.11,28.22,23.54,700
2012-09-10,28.21,28.21,28.0,28.01,23.36,900
2012-09-11,28.39,28.51,28.39,28.51,23.78,4200
2012-09-12,28.4,28.4,28.4,28.4,23.69,500
2012-09-13,28.3,29.04,28.3,29.04,24.22,8100
2012-09-14,29.7,29.71,29.51,29.51,24.61,3700
2012-09-17,29.3,29.3,29.3,29.3,24.44,300
2012-09-18,29.14,29.14,29.07,29.1,24.27,4800
2012-09-19,29.24,29.24,29.0,29.2,24.36,9300
2012-09-20,29.2,29.2,29.2,29.2,24.36,0
2012-09-21,29.0,29.03,29.0,29.03,24.21,1900
2012-09-24,28.65,28.66,28.64,28.64,23.89,1900
2012-09-25,29.03,29.03,28.83,28.83,24.05,5900
2012-09-26,28.35,28.35,28.0,28.12,23.45,14500
2012-09-27,28.38,28.84,28.35,28.84,24.06,4600
2012-09-28,28.56,28.56,28.22,28.22,23.54,2100
2012-10-01,28.22,28.22,28.22,28.22,23.54,0
2012-10-02,28.82,28.83,28.64,28.64,23.89,2900
2012-10-03,28.39,28.51,28.31,28.34,23.64,2600
2012-10-04,28.7,28.7,28.7,28.7,23.94,100
2012-10-05,29.0,29.0,28.99,29.0,24.19,700
2012-10-08,28.86,28.86,28.76,28.77,24.0,5800
2012-10-09,28.74,28.74,28.45,28.45,23.73,11500
2012-10-10,28.39,28.39,28.3,28.3,23.6,3200
2012-10-11,28.6,28.6,28.6,28.6,23.85,2000
2012-10-12,28.44,28.44,28.44,28.44,23.72,16000
2012-10-15,28.82,28.82,28.75,28.75,23.98,1100
2012-10-16,28.91,29.17,28.91,29.15,24.31,4200
2012-10-17,29.13,29.32,29.13,29.32,24.46,46600
2012-10-18,29.25,29.36,29.13,29.23,24.38,13900
2012-10-19,29.23,29.23,29.23,29.23,24.38,0
2012-10-22,28.65,28.65,28.62,28.64,23.89,2000
2012-10-23,27.87,27.87,27.58,27.77,23.16,13200
2012-10-24,28.08,28.08,27.8,27.88,23.25,4700
2012-10-25,28.2,28.21,27.9,28.07,23.41,6500
2012-10-26,28.04,28.05,27.9,28.04,23.39,2000
2012-10-31,28.09,28.21,28.09,28.2,23.52,10600
2012-11-01,28.44,28.5,28.44,28.5,23.77,1300
2012-11-02,28.19,28.19,28.19,28.19,23.51,200
2012-11-05,27.85,27.89,27.84,27.88,23.25,2400
2012-11-06,28.03,28.18,28.02,28.18,23.5,600
2012-11-07,27.81,27.89,27.78,27.89,23.26,1700
2012-11-08,27.7,27.7,27.63,27.63,23.05,2400
2012-11-09,27.63,27.63,27.63,27.63,23.05,0
2012-11-12,27.63,27.63,27.63,27.63,23.05,300
2012-11-13,27.23,27.35,27.19,27.19,22.68,4600
2012-11-14,27.45,27.45,27.0,27.0,22.52,2600
2012-11-15,26.88,27.0,26.76,26.76,22.32,4000
2012-11-16,26.77,26.81,26.77,26.81,22.36,1200
2012-11-19,27.61,27.72,27.55,27.72,23.12,6800
2012-11-20,27.72,27.72,27.72,27.72,23.12,0
2012-11-21,27.84,27.85,27.78,27.78,23.17,1200
2012-11-23,27.78,27.78,27.78,27.78,23.17,0
2012-11-26,28.27,28.27,28.24,28.24,23.55,1700
2012-11-27,28.23,28.23,28.11,28.11,23.45,400
2012-11-28,27.62,28.0,27.62,28.0,23.35,4100
2012-11-29,28.2,28.2,28.2,28.2,23.52,1000
2012-11-30,28.17,28.24,28.17,28.24,23.55,500
2012-12-03,28.24,28.24,28.24,28.24,23.55,0
2012-12-04,28.14,28.29,28.1,28.29,23.6,2100
2012-12-05,28.29,28.29,28.29,28.29,23.6,0
2012-12-06,28.5,28.56,28.43,28.56,23.82,17500
2012-12-07,28.27,28.32,28.27,28.32,23.62,14200
2012-12-10,28.3,28.42,28.25,28.42,23.7,3000
2012-12-11,28.36,28.5,28.36,28.5,23.77,500
2012-12-12,28.93,28.93,28.91,28.91,24.11,600
2012-12-13,28.9,28.93,28.69,28.76,23.99,6000
2012-12-14,28.78,28.8,28.77,28.77,24.0,2600
2012-12-17,28.89,28.89,28.78,28.87,24.08,3400
2012-12-18,28.97,29.0,28.91,29.0,24.19,8100
2012-12-19,29.44,29.44,29.28,29.29,24.43,5100
2012-12-20,29.26,29.3,29.12,29.28,24.42,2400
2012-12-21,28.49,29.28,28.49,29.28,24.42,6200
2012-12-24,29.27,29.27,28.98,29.01,24.2,9500
2012-12-26,29.25,29.25,28.93,28.93,24.13,2000
2012-12-27,29.37,29.37,29.14,29.14,24.31,700
2012-12-28,28.97,28.97,28.6,28.6,23.85,6100
2012-12-31,28.8,29.14,28.8,29.1,24.27,3500
2013-01-02,30.08,30.08,29.61,29.63,24.71,23600
2013-01-03,29.6,29.6,29.57,29.59,24.68,1000
2013-01-04,29.58,29.78,29.57,29.77,24.83,15500
2013-01-07,29.53,29.59,29.46,29.59,24.68,9700
2013-01-08,29.62,29.66,29.61,29.66,24.74,5800
2013-01-09,29.7,29.81,29.61,29.69,24.76,11100
2013-01-10,30.18,30.18,30.03,30.13,25.13,8600
2013-01-11,30.14,30.23,30.13,30.21,25.2,2600
2013-01-14,30.27,30.42,30.23,30.42,25.37,15500
2013-01-15,29.96,30.04,29.96,30.04,25.06,600
2013-01-16,29.84,29.92,29.81,29.92,24.96,800
2013-01-17,30.37,30.38,30.23,30.34,25.31,3600
2013-01-18,30.23,30.28,30.12,30.28,25.26,4600
2013-01-22,30.16,30.34,30.03,30.32,25.29,6300
2013-01-23,30.45,30.59,30.35,30.55,25.48,68400
2013-01-24,30.52,30.57,30.42,30.57,25.5,2100
2013-01-25,30.74,30.84,30.67,30.83,25.71,11600
2013-01-28,30.48,30.49,30.41,30.48,25.42,7000
2013-01-29,30.7,30.84,30.59,30.84,25.72,3700
2013-01-30,30.8,30.83,30.62,30.81,25.7,32300
2013-01-31,30.61,30.61,30.52,30.58,25.51,21700
2013-02-01,31.2,31.2,31.06,31.17,26.0,500
2013-02-04,30.96,30.96,30.53,30.65,25.56,12400
2013-02-05,30.8,30.8,30.63,30.77,25.66,4300
2013-02-06,30.52,30.55,30.36,30.46,25.41,6500
2013-02-07,30.46,30.59,30.39,30.57,25.5,5400
2013-02-08,30.57,30.67,30.57,30.67,25.58,5200
2013-02-11,30.77,31.0,30.6,30.65,25.56,9400
2013-02-12,30.82,30.92,30.73,30.83,25.71,87400
2013-02-13,31.04,31.12,30.92,30.94,25.81,10300
2013-02-14,30.76,30.76,30.45,30.61,25.53,35600
2013-02-15,30.6,30.6,30.34,30.39,25.35,95300
2013-02-19,30.85,30.9,30.72,30.89,25.76,9900
2013-02-20,30.9,30.93,30.4,30.41,25.36,18100
2013-02-21,29.99,29.99,29.64,29.77,24.83,236400
2013-02-22,29.94,29.95,29.89,29.95,24.98,33900
2013-02-25,30.27,30.27,29.12,29.12,24.29,18800
2013-02-26,29.7,29.7,29.7,29.7,24.77,300
2013-02-27,29.79,29.98,29.77,29.98,25.01,13300
2013-02-28,30.02,30.02,29.76,29.89,24.93,214200
2013-03-01,29.52,29.75,29.52,29.69,24.76,25100
2013-03-04,29.72,29.95,29.72,29.91,24.95,17900
2013-03-05,30.25,30.31,30.21,30.22,25.21,8700
2013-03-06,30.4,30.4,30.1,30.26,25.24,48100
2013-03-07,30.3,30.42,30.3,30.32,25.29,17800
2013-03-08,30.08,30.32,30.05,30.32,25.29,4000
2013-03-11,30.3,30.33,30.2,30.32,25.29,700
2013-03-12,30.45,30.46,30.34,30.35,25.31,3700
2013-03-13,30.21,30.21,30.05,30.13,25.13,2300
2013-03-14,29.99,30.02,29.99,30.02,25.04,800
2013-03-15,30.22,30.22,30.15,30.15,25.15,500
2013-03-18,29.85,29.93,29.76,29.76,24.82,3000
2013-03-19,29.71,29.71,29.43,29.43,24.55,1800
2013-03-20,29.55,29.55,29.36,29.36,24.49,1200
2013-03-21,29.38,29.38,29.37,29.37,24.5,500
2013-03-22,29.44,29.44,29.44,29.44,24.56,200
2013-03-25,29.22,29.22,29.1,29.1,24.27,5100
2013-03-26,29.16,29.24,29.16,29.24,24.39,1700
2013-03-27,29.19,29.34,29.08,29.34,24.47,8000
2013-03-28,29.28,29.48,29.27,29.41,24.53,6800
2013-04-01,29.37,29.48,29.36,29.38,24.51,8300
2013-04-02,29.38,29.49,29.38,29.49,24.6,5400
2013-04-03,29.56,29.56,29.34,29.34,24.47,4000
2013-04-04,29.33,29.47,29.23,29.37,24.5,4600
2013-04-05,29.04,29.26,29.04,29.21,24.36,12800
2013-04-08,29.28,29.4,29.28,29.36,24.49,2700
2013-04-09,29.47,29.48,29.47,29.48,24.59,300
2013-04-10,29.64,29.83,29.53,29.79,24.85,7100
2013-04-11,30.0,30.0,29.88,29.88,24.92,8500
2013-04-12,29.57,29.63,29.53,29.63,24.71,2600
2013-04-15,28.96,29.03,28.83,28.83,24.05,3300
2013-04-16,28.83,28.83,28.83,28.83,24.05,0
2013-04-17,28.48,28.48,28.06,28.2,23.52,4400
2013-04-18,28.68,28.68,28.31,28.37,23.66,4200
2013-04-19,28.73,28.73,28.73,28.73,23.96,100
2013-04-22,28.4,28.51,28.4,28.51,23.78,500
2013-04-23,28.39,28.6,28.39,28.58,23.84,87600
2013-04-24,28.76,28.97,28.76,28.96,24.16,4000
2013-04-25,29.1,29.26,29.1,29.2,24.36,3600
2013-04-26,29.32,29.39,29.32,29.39,24.51,7000
2013-04-29,29.69,29.69,29.4,29.44,24.56,900
2013-04-30,29.44,29.44,29.44,29.44,24.56,0
2013-05-01,29.73,29.74,29.65,29.65,24.73,10200
2013-05-02,29.38,29.47,29.38,29.46,24.57,8900
2013-05-03,29.82,29.98,29.79,29.93,24.96,9600
2013-05-06,29.67,29.75,29.6,29.71,24.78,7500
2013-05-07,29.73,29.89,29.72,29.73,24.8,9500
2013-05-08,30.02,30.44,30.02,30.44,25.39,300
2013-05-09,30.21,30.35,30.21,30.35,25.31,1800
2013-05-10,29.94,30.28,29.94,30.27,25.25,6900
2013-05-13,30.3,30.3,30.07,30.16,25.16,3100
2013-05-14,30.16,30.16,30.16,30.16,25.16,0
2013-05-15,29.66,29.83,29.66,29.83,24.88,200
2013-05-16,29.83,29.83,29.83,29.83,24.88,0
2013-05-17,29.64,29.97,29.64,29.97,25.0,23300
2013-05-20,30.11,30.28,30.09,30.2,25.19,7400
2013-05-21,30.19,30.59,30.19,30.49,25.43,4100
2013-05-22,30.52,30.71,30.05,30.05,25.06,4000
2013-05-23,29.9,29.9,29.63,29.71,24.78,4200
2013-05-24,29.87,29.97,29.87,29.97,25.0,3500
2013-05-28,30.23,30.23,30.08,30.08,25.09,3300
2013-05-29,29.79,29.85,29.79,29.85,24.9,2100
2013-05-30,30.14,30.19,30.14,30.19,25.18,1500
2013-05-31,29.89,29.91,29.65,29.65,24.73,6000
2013-06-03,30.01,30.11,29.75,30.07,25.08,11800
2013-06-04,30.1,30.1,29.79,29.79,24.85,5000
2013-06-05,29.7,29.7,29.58,29.6,24.69,2000
2013-06-06,29.51,29.75,29.51,29.74,24.81,24600
2013-06-07,29.91,29.91,29.78,29.78,24.84,2000
2013-06-10,29.78,29.78,29.78,29.78,24.84,0
2013-06-11,29.16,29.18,29.11,29.11,24.28,5300
2013-06-12,29.36,29.36,29.27,29.27,24.41,1000
2013-06-13,29.11,29.4,29.11,29.4,24.52,1800
2013-06-14,29.6,29.6,29.55,29.55,24.65,1200
2013-06-17,29.88,29.93,29.56,29.56,24.66,11200
2013-06-18,30.0,30.16,30.0,30.16,25.16,2100
2013-06-19,29.82,29.82,29.61,29.61,24.7,1600
2013-06-20,28.32,28.33,27.87,27.9,23.27,8700
2013-06-21,27.99,27.99,27.47,27.78,23.17,7100
2013-06-24,26.73,26.95,26.65,26.82,22.37,2800
2013-06-25,27.25,27.48,27.2,27.48,22.92,5500
2013-06-26,27.65,27.65,27.46,27.61,23.03,6400
2013-06-27,27.1,27.15,27.1,27.15,22.65,500
2013-06-28,26.95,26.99,26.89,26.97,22.5,7600
2013-07-01,27.0,27.14,26.97,26.97,22.5,2300
2013-07-02,27.14,27.28,26.99,26.99,22.51,1700
2013-07-03,26.94,27.06,26.93,27.06,22.57,3400
2013-07-05,26.85,26.88,26.8,26.87,22.41,4600
2013-07-08,27.85,27.85,27.3,27.33,22.8,2800
2013-07-09,27.29,27.29,27.26,27.26,22.74,1200
2013-07-10,27.73,27.75,27.72,27.72,23.12,1100
2013-07-11,28.23,28.44,28.17,28.44,23.72,4300
2013-07-12,28.48,28.48,28.27,28.34,23.64,16900
2013-07-15,28.29,28.36,28.28,28.28,23.59,6400
2013-07-16,28.63,28.63,28.59,28.59,23.85,1000
2013-07-17,28.59,28.59,28.59,28.59,23.85,0
2013-07-18,28.59,28.76,28.59,28.76,23.99,3100
2013-07-19,29.17,29.24,29.17,29.21,24.36,27100
2013-07-22,29.21,29.21,29.21,29.21,24.36,0
2013-07-23,29.57,29.63,29.48,29.58,24.67,2500
2013-07-24,29.54,29.54,29.31,29.31,24.45,4000
2013-07-25,29.29,29.45,29.29,29.43,24.55,3900
2013-07-26,29.24,29.3,29.24,29.3,24.44,1900
2013-07-29,29.12,29.12,29.12,29.12,24.29,600
2013-07-30,28.92,28.92,28.92,28.92,24.12,0
2013-07-31,28.87,29.47,28.87,29.39,24.51,5300
2013-08-01,29.28,29.28,29.28,29.28,24.42,100
2013-08-02,29.21,29.22,29.18,29.22,24.37,2000
2013-08-05,29.23,29.23,29.23,29.23,24.38,0
2013-08-06,29.1,29.1,29.1,29.1,24.27,100
2013-08-07,29.1,29.1,29.1,29.1,24.27,0
2013-08-08,29.54,29.66,29.54,29.65,24.73,800
2013-08-09,30.0,30.0,29.89,29.9,24.94,1200
2013-08-12,29.9,29.9,29.9,29.9,24.94,0
2013-08-13,29.82,29.82,29.82,29.82,24.87,0
2013-08-14,29.89,29.89,29.89,29.89,24.93,0
2013-08-15,29.08,29.49,28.96,29.49,24.6,19300
2013-08-16,29.5,29.5,29.5,29.5,24.61,0
2013-08-19,29.62,29.62,29.57,29.57,24.66,200
2013-08-20,29.22,29.22,29.13,29.13,24.3,200
2013-08-21,28.8,28.8,28.6,28.62,23.87,2000
2013-08-22,28.67,28.75,28.58,28.7,23.94,800
2013-08-23,28.8,29.06,28.8,29.0,24.19,1800
2013-08-26,28.85,28.88,28.85,28.88,24.09,200
2013-08-27,28.78,28.82,28.49,28.49,23.76,800
2013-08-28,28.89,28.89,28.89,28.89,24.1,0
2013-08-29,28.71,28.71,28.71,28.71,23.95,0
2013-08-30,28.38,28.38,28.23,28.23,23.55,400
2013-09-03,28.93,28.99,28.93,28.97,24.16,1300
2013-09-04,29.05,29.14,29.05,29.14,24.31,10600
2013-09-05,29.14,29.14,29.14,29.14,24.31,0
2013-09-06,29.08,29.08,29.03,29.03,24.21,1200
2013-09-09,29.42,29.43,29.42,29.43,24.55,500
2013-09-10,29.81,29.84,29.78,29.84,24.89,2000
2013-09-11,30.05,30.14,30.05,30.14,25.14,100
2013-09-12,30.09,30.12,30.09,30.12,25.12,500
2013-09-13,30.12,30.12,30.12,30.12,25.12,0
2013-09-16,29.9,29.9,29.9,29.9,24.94,700
2013-09-17,30.06,30.06,30.02,30.02,25.04,300
2013-09-18,29.97,30.65,29.97,30.65,25.56,300
2013-09-19,30.61,30.61,30.37,30.37,25.33,16500
2013-09-20,30.37,30.37,30.37,30.37,25.33,0
2013-09-23,30.15,30.2,30.07,30.07,25.08,4900
2013-09-24,29.8,29.94,29.8,29.94,24.97,600
2013-09-25,29.58,29.79,29.58,29.79,24.85,200
2013-09-26,29.73,29.73,29.73,29.73,24.8,0
2013-09-27,29.61,29.61,29.61,29.61,24.7,0
2013-09-30,29.15,29.15,29.15,29.15,24.31,0
2013-10-01,29.17,29.25,29.17,29.25,24.4,1300
2013-10-02,29.25,29.36,29.25,29.31,24.45,1100
2013-10-03,29.83,29.84,29.81,29.84,24.89,52500
2013-10-04,29.51,29.77,29.5,29.77,24.83,3100
2013-10-07,29.54,29.55,29.44,29.44,24.56,1800
2013-10-08,29.32,29.32,28.87,28.87,24.08,1000
2013-10-09,28.67,28.67,28.66,28.66,23.9,800
2013-10-10,28.53,29.22,28.53,29.22,24.37,2000
2013-10-11,29.42,29.42,29.42,29.42,24.54,200
2013-10-14,29.5,29.5,29.5,29.5,24.61,300
2013-10-15,29.86,29.86,29.44,29.44,24.56,4500
2013-10-16,29.44,29.44,29.44,29.44,24.56,0
2013-10-17,30.22,30.22,29.99,29.99,25.01,1800
2013-10-18,30.32,30.68,30.32,30.66,25.57,1900
2013-10-21,30.85,30.85,30.85,30.85,25.73,100
2013-10-22,31.17,31.17,31.0,31.15,25.98,9400
2013-10-23,31.1,31.23,30.84,30.88,25.76,3400
2013-10-24,31.16,31.54,31.16,31.36,26.16,4900
2013-10-25,31.59,31.66,31.59,31.66,26.41,8100
2013-10-28,31.43,31.49,31.43,31.49,26.27,500
2013-10-29,31.6,31.63,31.54,31.59,26.35,800
2013-10-30,31.47,31.56,31.45,31.5,26.27,8800
2013-10-31,31.06,31.2,31.06,31.19,26.02,2400
2013-11-01,31.0,31.0,30.87,30.87,25.75,700
2013-11-04,31.44,31.44,31.05,31.2,26.02,7600
2013-11-05,31.03,31.05,31.03,31.05,25.9,400
2013-11-06,31.05,31.05,31.05,31.05,25.9,0
2013-11-07,30.9,30.9,30.52,30.66,25.57,18600
2013-11-08,30.32,30.47,30.32,30.47,25.41,700
2013-11-11,30.65,30.65,30.6,30.6,25.52,900
2013-11-12,30.0,30.0,29.78,29.93,24.96,1500
2013-11-13,29.95,29.95,29.95,29.95,24.98,100
2013-11-14,30.44,30.46,30.34,30.44,25.39,13700
2013-11-15,30.73,30.84,30.73,30.84,25.72,16500
2013-11-18,30.76,30.77,30.76,30.76,25.66,3200
2013-11-19,30.87,30.87,30.58,30.58,25.51,900
2013-11-20,30.75,30.75,30.38,30.38,25.34,10700
2013-11-21,30.23,30.52,30.21,30.52,25.46,1500
2013-11-22,30.52,30.52,30.52,30.52,25.46,0
2013-11-25,30.2,30.43,30.2,30.43,25.38,900
2013-11-26,30.36,30.44,30.36,30.44,25.39,1300
2013-11-27,30.59,30.59,30.46,30.58,25.51,2400
2013-11-29,30.51,30.72,30.4,30.72,25.62,1200
2013-12-02,30.24,30.69,30.2,30.5,25.44,5600
2013-12-03,30.24,30.46,30.24,30.43,25.38,65100
2013-12-04,29.94,29.94,29.79,29.93,24.96,63700
2013-12-05,29.93,29.96,29.75,29.81,24.86,6400
2013-12-06,29.77,30.02,29.76,29.86,24.91,8400
2013-12-09,29.86,29.86,29.86,29.86,24.91,0
2013-12-10,30.1,30.21,30.09,30.1,25.11,76400
2013-12-11,29.93,29.93,29.65,29.65,24.73,3400
2013-12-12,29.31,29.31,29.3,29.3,24.44,1100
2013-12-13,29.3,29.3,29.3,29.3,24.44,0
2013-12-16,29.3,29.3,29.3,29.3,24.44,0
2013-12-17,29.49,29.78,29.49,29.76,24.82,17600
2013-12-18,29.58,29.77,29.32,29.63,24.83,8700
2013-12-19,29.48,29.57,29.48,29.53,24.74,11000
2013-12-20,29.46,29.81,29.46,29.72,24.9,1500
2013-12-23,30.21,30.36,30.14,30.14,25.25,1400
2013-12-24,30.27,30.35,30.1,30.11,25.23,14300
2013-12-26,30.51,30.58,30.3,30.58,25.62,1500
2013-12-27,30.91,30.91,30.61,30.64,25.67,1600
2013-12-30,31.06,31.06,30.86,31.0,25.97,11400
2013-12-31,31.14,31.14,30.91,30.91,25.9,3500
2014-01-02,30.71,30.71,30.25,30.25,25.35,9600
2014-01-03,30.53,30.53,30.53,30.53,25.58,1000
2014-01-06,30.67,30.67,30.36,30.36,25.44,16600
2014-01-07,30.17,30.4,30.17,30.4,25.47,1100
2014-01-08,30.41,30.41,30.41,30.41,25.48,300
2014-01-09,30.42,30.61,30.31,30.52,25.57,11500
2014-01-10,30.85,30.95,30.85,30.95,25.93,1600
2014-01-13,30.69,31.35,30.69,30.96,25.94,82400
2014-01-14,31.1,31.33,31.08,31.33,26.25,5900
2014-01-15,31.28,31.28,30.89,31.21,26.15,1000
2014-01-16,31.23,31.23,31.03,31.03,26.0,3000
2014-01-17,31.03,31.03,31.03,31.03,26.0,0
2014-01-21,31.15,31.23,31.15,31.23,26.17,5100
2014-01-22,31.18,31.21,31.15,31.21,26.15,15400
2014-01-23,31.22,31.22,31.22,31.22,26.16,800
2014-01-24,30.82,30.82,30.09,30.09,25.21,5800
2014-01-27,30.09,30.09,30.09,30.09,25.21,0
2014-01-28,29.86,30.0,29.86,30.0,25.14,1200
2014-01-29,29.57,29.82,29.57,29.64,24.83,1500
2014-01-30,29.78,29.78,29.25,29.58,24.78,6200
2014-01-31,29.0,29.3,29.0,29.29,24.54,9500
2014-02-03,29.04,29.04,28.64,28.64,24.0,5600
2014-02-04,28.79,28.96,28.79,28.96,24.26,700
2014-02-05,28.89,29.26,28.86,29.23,24.49,7200
2014-02-06,29.43,29.54,29.33,29.54,24.75,7500
2014-02-07,29.92,30.38,29.92,30.38,25.45,13500
2014-02-10,30.41,30.43,30.36,30.4,25.47,2200
2014-02-11,30.71,30.77,30.71,30.75,25.76,500
2014-02-12,30.57,30.57,30.46,30.46,25.52,500
2014-02-13,30.5,30.5,30.5,30.5,25.55,500
2014-02-14,29.91,30.76,29.91,30.76,25.77,600
2014-02-18,30.76,30.76,30.76,30.76,25.77,0
2014-02-19,30.72,30.72,30.45,30.45,25.51,86400
2014-02-20,30.59,30.77,30.59,30.77,25.78,700
2014-02-21,30.97,31.06,30.92,30.92,25.91,4000
2014-02-24,31.43,31.44,31.42,31.44,26.34,1600
2014-02-25,31.11,31.13,31.1,31.11,26.07,3700
2014-02-26,30.96,31.05,30.89,31.05,26.02,1500
2014-02-27,31.1,31.18,31.1,31.18,26.12,1000
2014-02-28,31.42,31.42,31.37,31.37,26.28,1500
2014-03-03,30.72,31.18,30.72,31.06,26.02,26600
2014-03-04,31.5,31.5,31.42,31.44,26.34,16200
2014-03-05,31.63,31.63,31.55,31.55,26.43,500
2014-03-06,31.61,31.78,31.61,31.78,26.63,13100
2014-03-07,31.65,31.65,31.4,31.4,26.31,3500
2014-03-10,31.84,31.84,31.08,31.54,26.43,11600
2014-03-11,31.41,31.41,31.41,31.41,26.32,1600
2014-03-12,30.93,30.96,30.87,30.87,25.86,3200
2014-03-13,30.98,30.98,30.28,30.32,25.4,3600
2014-03-14,30.43,30.59,30.43,30.59,25.63,1400
2014-03-17,30.98,31.02,30.74,30.75,25.76,6100
2014-03-18,30.71,30.71,30.71,30.71,25.73,300
2014-03-19,30.19,30.19,30.19,30.19,25.3,500
2014-03-20,30.5,30.5,30.45,30.46,25.52,2200
2014-03-21,30.66,30.66,30.66,30.66,25.69,600
2014-03-24,31.14,31.14,30.54,30.87,25.86,1800
2014-03-25,31.11,31.15,31.09,31.1,26.06,28500
2014-03-26,31.48,31.48,31.18,31.18,26.12,2200
2014-03-27,31.47,31.47,31.27,31.47,26.37,1800
2014-03-28,31.49,31.54,31.49,31.49,26.38,1600
2014-03-31,31.84,31.84,31.45,31.45,26.35,1300
2014-04-01,31.74,31.74,31.66,31.66,26.53,1400
2014-04-02,31.59,31.59,31.59,31.59,26.47,400
2014-04-03,30.92,31.52,30.92,31.52,26.41,300
2014-04-04,31.52,31.52,31.52,31.52,26.41,600
2014-04-07,31.08,31.08,31.08,31.08,26.04,1100
2014-04-08,31.07,31.26,31.07,31.23,26.17,4700
2014-04-09,31.41,31.53,31.41,31.53,26.42,400
2014-04-10,31.44,31.44,31.15,31.28,26.21,10800
2014-04-11,31.03,31.03,30.77,30.78,25.79,1100
2014-04-14,31.02,31.02,31.02,31.02,25.99,200
2014-04-15,31.2,31.2,30.55,31.01,25.98,17900
2014-04-16,31.2,31.31,31.06,31.3,26.23,5900
2014-04-17,31.55,31.57,31.33,31.57,26.45,1900
2014-04-21,32.15,32.15,31.34,31.42,26.33,8100
2014-04-22,31.94,31.94,31.71,31.74,26.59,2300
2014-04-23,31.94,31.99,31.35,31.61,26.48,20600
2014-04-24,31.74,31.89,31.6,31.89,26.72,4500
2014-04-25,31.53,31.73,31.53,31.73,26.59,700
2014-04-28,31.99,31.99,31.65,31.72,26.58,8000
2014-04-29,32.18,32.98,32.15,32.15,26.94,5300
2014-04-30,32.53,32.98,32.38,32.93,27.59,11800
2014-05-01,32.98,32.98,32.68,32.68,27.38,9700
2014-05-02,32.98,33.15,32.9,33.11,27.74,12800
2014-05-05,33.0,33.34,33.0,33.09,27.72,10500
2014-05-06,33.21,33.23,33.02,33.15,27.78,1700
2014-05-07,33.15,33.49,33.15,33.42,28.0,3000
2014-05-08,33.6,33.66,33.53,33.57,28.13,3400
2014-05-09,33.44,33.6,33.44,33.6,28.15,1200
2014-05-12,34.11,34.12,33.57,33.81,28.33,4200
2014-05-13,33.8,33.8,33.8,33.8,28.32,1200
2014-05-14,34.0,34.0,33.91,33.96,28.45,2300
2014-05-15,33.78,33.86,33.31,33.52,28.09,3400
2014-05-16,33.93,33.93,33.47,33.56,28.12,500
2014-05-19,33.67,33.67,33.5,33.56,28.12,2000
2014-05-20,33.41,33.46,33.21,33.23,27.84,2700
2014-05-21,33.22,33.56,33.22,33.56,28.12,2700
2014-05-22,33.86,33.86,33.65,33.72,28.25,3100
2014-05-23,33.72,33.85,33.71,33.85,28.36,700
2014-05-27,34.04,34.04,33.59,33.59,28.14,8300
2014-05-28,33.69,34.03,33.69,34.0,28.49,2900
2014-05-29,34.11,34.11,33.82,33.88,28.39,2300
2014-05-30,33.95,33.96,33.63,33.91,28.41,6600
2014-06-02,33.98,34.18,33.98,34.14,28.6,500
2014-06-03,34.16,34.16,34.16,34.16,28.62,500
2014-06-04,34.08,34.08,33.81,33.81,28.33,4200
2014-06-05,34.19,34.46,34.19,34.46,28.87,600
2014-06-06,34.65,34.96,34.63,34.96,29.29,2100
2014-06-09,35.0,35.42,34.87,34.9,29.24,3700
2014-06-10,35.4,35.4,34.8,34.91,29.25,2500
2014-06-11,34.91,34.91,34.91,34.91,29.25,0
2014-06-12,34.68,34.78,34.68,34.78,29.14,900
2014-06-13,34.86,34.86,34.82,34.83,29.18,500
2014-06-16,35.21,35.21,34.75,34.75,29.12,200
2014-06-17,34.53,34.53,34.41,34.41,28.83,600
2014-06-18,34.71,34.72,34.7,34.72,29.09,3300
2014-06-19,35.09,35.09,34.38,34.52,28.92,4400
2014-06-20,34.39,34.5,34.39,34.48,28.89,3500
2014-06-23,34.58,34.58,34.38,34.38,28.81,3200
2014-06-24,34.53,34.58,34.28,34.28,28.72,6300
2014-06-25,33.16,33.16,32.65,32.85,28.25,7100
2014-06-26,33.36,33.37,32.71,32.71,28.13,3400
2014-06-27,32.87,33.06,32.87,33.05,28.42,5100
2014-06-30,33.33,33.33,32.83,32.91,28.3,3500
2014-07-01,33.0,33.05,32.97,33.02,28.4,6200
2014-07-02,33.05,33.07,32.62,33.07,28.44,4200
2014-07-03,33.55,33.55,33.02,33.17,28.53,2400
2014-07-07,32.98,33.43,32.98,33.22,28.57,143700
2014-07-08,33.84,33.84,32.55,32.61,28.04,66900
2014-07-09,32.71,33.04,32.67,33.04,28.41,19400
2014-07-10,32.15,32.27,32.0,32.21,27.7,38700
2014-07-11,32.65,32.65,32.03,32.18,27.67,9000
2014-07-14,32.33,32.6,32.33,32.54,27.98,22100
2014-07-15,32.9,32.9,32.3,32.42,27.88,13100
2014-07-16,32.71,32.92,32.7,32.92,28.31,9800
2014-07-17,32.37,32.71,32.28,32.28,27.76,2900
2014-07-18,32.35,32.56,32.26,32.49,27.94,57900
2014-07-21,32.19,32.59,31.75,32.59,28.03,29600
2014-07-22,32.79,32.9,32.67,32.7,28.12,21400
2014-07-23,32.97,32.97,32.75,32.94,28.33,8500
2014-07-24,33.1,33.1,32.65,32.76,28.17,2400
2014-07-25,32.42,32.49,32.06,32.06,27.57,7100
2014-07-28,32.16,32.31,32.0,32.14,27.64,27300
2014-07-29,31.87,31.97,31.87,31.97,27.49,1500
2014-07-30,31.78,31.86,31.64,31.83,27.37,12800
2014-07-31,31.56,31.56,31.16,31.16,26.8,24200
2014-08-01,31.02,31.24,31.0,31.2,26.83,15400
2014-08-04,31.27,31.5,31.1,31.4,27.0,28300
2014-08-05,31.08,31.1,30.93,30.94,26.61,2600
2014-08-06,31.03,31.04,30.95,31.04,26.69,1000
2014-08-07,31.07,31.07,30.42,30.46,26.2,9400
2014-08-08,30.35,30.8,30.35,30.8,26.49,6100
2014-08-11,31.46,31.54,31.34,31.44,27.04,3200
2014-08-12,31.4,31.4,30.95,30.95,26.62,4300
2014-08-13,31.24,31.3,31.23,31.27,26.89,12600
2014-08-14,31.38,31.39,31.32,31.34,26.95,18000
2014-08-15,31.7,31.7,31.07,31.37,26.98,33400
2014-08-18,31.76,31.76,31.64,31.74,27.3,1400
2014-08-19,31.52,31.75,31.52,31.72,27.28,6000
2014-08-20,31.83,31.83,31.72,31.79,27.34,900
2014-08-21,31.85,32.08,31.85,32.06,27.57,5800
2014-08-22,31.82,31.82,31.56,31.68,27.24,19100
2014-08-25,31.99,32.0,31.74,32.0,27.52,14000
2014-08-26,32.0,32.18,32.0,32.15,27.65,14000
2014-08-27,32.1,32.11,32.1,32.11,27.61,3800
2014-08-28,32.11,32.12,31.97,32.12,27.62,17200
2014-08-29,32.07,32.07,31.8,32.0,27.52,28200
2014-09-02,31.81,31.93,31.67,31.72,27.28,25000
2014-09-03,31.94,32.1,31.81,31.85,27.39,4000
2014-09-04,31.76,31.93,31.52,31.65,27.22,33200
2014-09-05,31.55,31.62,31.43,31.62,27.19,10600
2014-09-08,31.5,31.5,31.04,31.04,26.69,17100
2014-09-09,30.87,31.06,30.87,30.91,26.58,7400
2014-09-10,31.05,31.06,31.01,31.01,26.67,2200
2014-09-11,30.68,30.73,30.56,30.63,26.34,7200
2014-09-12,30.6,30.85,30.6,30.65,26.36,4200
2014-09-15,30.43,30.55,30.42,30.51,26.24,3100
2014-09-16,30.47,30.7,30.46,30.7,26.4,6800
2014-09-17,30.66,30.86,30.63,30.71,26.41,418100
2014-09-18,31.22,31.24,31.04,31.14,26.78,24200
2014-09-19,31.38,31.39,30.89,30.97,26.63,4800
2014-09-22,30.99,30.99,30.77,30.79,26.48,37200
2014-09-23,30.52,30.71,30.33,30.36,26.11,32100
2014-09-24,30.36,30.68,30.32,30.68,26.38,17100
2014-09-25,30.11,30.11,29.85,30.0,25.8,533300
2014-09-26,30.13,30.13,29.8,29.93,25.74,50800
2014-09-29,29.75,30.1,29.75,30.09,25.88,22400
2014-09-30,30.18,30.34,29.97,30.15,25.93,31900
2014-10-01,29.87,29.88,29.46,29.6,25.46,27300
2014-10-02,29.32,29.32,28.57,28.88,24.84,36300
2014-10-03,28.55,28.55,28.3,28.44,24.46,13000
2014-10-06,28.6,28.6,28.16,28.45,24.47,25900
2014-10-07,28.13,28.2,27.85,27.85,23.95,8400
2014-10-08,28.11,28.3,27.8,28.3,24.34,36200
2014-10-09,27.8,27.8,27.31,27.38,23.55,40100
2014-10-10,27.25,27.25,26.79,26.91,23.14,6300
2014-10-13,27.26,27.26,26.89,26.89,23.13,17500
2014-10-14,27.03,27.2,26.92,26.98,23.2,19700
2014-10-15,26.32,26.41,25.76,26.35,22.66,50600
2014-10-16,25.83,26.05,25.5,25.79,22.18,48200
2014-10-17,26.62,26.84,26.56,26.65,22.92,34900
2014-10-20,26.2,26.51,26.18,26.49,22.78,5700
2014-10-21,27.11,27.37,27.11,27.37,23.54,4400
2014-10-22,27.41,27.57,27.34,27.37,23.54,24200
2014-10-23,27.41,27.68,27.41,27.55,23.69,53100
2014-10-24,27.49,27.61,27.29,27.61,23.74,34700
2014-10-27,27.37,27.37,26.99,27.29,23.47,46800
2014-10-28,27.61,27.67,27.29,27.64,23.77,85700
2014-10-29,27.84,27.85,27.28,27.46,23.62,65900
2014-10-30,27.2,27.39,27.04,27.33,23.5,6900
2014-10-31,27.1,27.4,26.98,27.4,23.56,290800
2014-11-03,27.25,27.35,27.09,27.11,23.31,69100
2014-11-04,26.72,26.72,26.25,26.49,22.78,36200
2014-11-05,26.74,26.89,26.69,26.88,23.12,52400
2014-11-06,26.74,26.82,26.64,26.75,23.0,18700
2014-11-07,26.94,27.04,26.9,27.04,23.25,5400
2014-11-10,27.47,27.66,27.44,27.51,23.66,26900
2014-11-11,27.38,27.56,27.28,27.55,23.69,6400
2014-11-12,27.45,27.45,27.21,27.28,23.46,5100
2014-11-13,27.13,27.13,27.06,27.08,23.29,2900
2014-11-14,27.69,27.8,27.63,27.74,23.86,12600
2014-11-17,27.62,27.69,27.62,27.69,23.81,14200
2014-11-18,27.94,28.09,27.94,28.08,24.15,28400
2014-11-19,27.94,27.94,27.63,27.77,23.88,7800
2014-11-20,27.8,27.93,27.8,27.92,24.01,13400
2014-11-21,28.14,28.19,27.84,27.89,23.99,18300
2014-11-24,28.01,28.09,27.93,27.96,24.05,8100
2014-11-25,27.77,27.82,27.7,27.82,23.92,11100
2014-11-26,27.41,27.41,27.2,27.21,23.4,10400
2014-11-28,25.37,25.37,24.95,25.01,21.51,20200
2014-12-01,25.18,25.23,24.96,25.19,21.66,35500
2014-12-02,25.18,25.28,24.99,25.0,21.5,121700
2014-12-03,25.1,25.13,24.98,25.04,21.53,9600
2014-12-04,24.64,24.94,24.62,24.74,21.28,29100
2014-12-05,24.39,24.49,24.29,24.41,20.99,20500
2014-12-08,23.86,23.97,23.79,23.79,20.46,19500
2014-12-09,23.77,23.93,23.7,23.76,20.43,23900
2014-12-10,23.64,23.64,23.4,23.44,20.16,15600
2014-12-11,23.12,23.25,22.88,22.88,19.68,57200
2014-12-12,22.62,22.68,22.25,22.25,19.13,89200
2014-12-15,22.43,22.43,21.8,21.8,18.75,15400
2014-12-16,21.68,22.36,21.6,22.05,18.96,13800
2014-12-17,22.34,23.13,22.1,22.75,19.72,37400
2014-12-18,23.6,23.75,23.43,23.65,20.5,64200
2014-12-19,23.8,24.02,23.72,24.02,20.82,14400
2014-12-22,24.01,24.01,23.79,23.88,20.7,18600
2014-12-23,23.9,23.98,23.81,23.9,20.71,8900
2014-12-24,23.8,23.88,23.64,23.88,20.7,2200
2014-12-26,23.83,23.98,23.83,23.83,20.65,1200
2014-12-29,23.72,23.82,23.61,23.67,20.52,12800
2014-12-30,23.56,23.64,23.43,23.55,20.41,21300
2014-12-31,23.53,23.53,23.29,23.3,20.19,12700
2015-01-02,23.4,23.4,23.08,23.12,20.04,13600
2015-01-05,22.69,22.69,22.33,22.37,19.39,12900
2015-01-06,22.35,22.5,22.04,22.08,19.14,5800
2015-01-07,22.35,22.72,22.35,22.67,19.65,35300
2015-01-08,23.16,23.17,23.06,23.06,19.99,5300
2015-01-09,23.0,23.0,22.81,22.81,19.77,4900
2015-01-12,22.59,22.64,22.36,22.51,19.51,14500
2015-01-13,22.69,22.73,22.27,22.51,19.51,25700
2015-01-14,22.51,22.77,22.48,22.77,19.73,17800
2015-01-15,22.96,22.96,22.65,22.78,19.74,10200
2015-01-16,23.34,23.34,23.34,23.34,20.23,3300
2015-01-20,23.41,23.43,23.04,23.13,20.05,6400
2015-01-21,23.5,23.61,23.48,23.61,20.46,14800
2015-01-22,23.61,23.67,23.39,23.64,20.49,34100
2015-01-23,23.26,23.43,23.21,23.37,20.26,7800
2015-01-26,23.39,23.43,23.28,23.42,20.3,5900
2015-01-27,23.27,23.3,23.09,23.3,20.19,4200
2015-01-28,22.99,23.19,22.75,22.76,19.73,34800
2015-01-29,22.98,23.06,22.91,23.05,19.98,18200
2015-01-30,22.98,23.33,22.84,23.22,20.12,26700
2015-02-02,23.92,24.09,23.72,24.05,20.84,28200
2015-02-03,24.56,24.89,24.51,24.87,21.56,19800
2015-02-04,24.26,24.26,23.96,23.96,20.77,9900
2015-02-05,24.68,24.78,24.67,24.71,21.42,6800
2015-02-06,24.61,24.61,24.25,24.31,21.07,27300
2015-02-09,24.51,24.67,24.49,24.6,21.32,310400
2015-02-10,24.7,24.7,24.5,24.64,21.36,9900
2015-02-11,24.04,24.05,23.61,23.7,20.54,9700
2015-02-12,23.84,24.09,23.84,24.05,20.84,14500
2015-02-13,24.35,24.49,24.31,24.49,21.23,6900
2015-02-17,24.68,24.9,24.6,24.82,21.51,9600
2015-02-18,24.81,24.91,24.7,24.91,21.59,4700
2015-02-19,24.35,24.45,24.25,24.34,21.1,13600
2015-02-20,24.32,24.85,24.27,24.85,21.54,6500
2015-02-23,24.24,24.26,24.07,24.21,20.98,4900
2015-02-24,24.73,24.73,24.17,24.34,21.1,9700
2015-02-25,24.4,24.55,24.36,24.55,21.28,8500
2015-02-26,24.38,24.38,24.15,24.15,20.93,2600
2015-02-27,24.19,24.26,24.04,24.1,20.89,21700
2015-03-02,24.02,24.02,23.75,23.82,20.65,6000
2015-03-03,23.89,23.94,23.83,23.85,20.67,3200
2015-03-04,23.42,23.59,23.23,23.42,20.3,9100
2015-03-05,23.66,23.79,23.64,23.77,20.6,6200
2015-03-06,23.6,23.6,23.18,23.19,20.1,6900
2015-03-09,23.27,23.27,23.08,23.09,20.01,5900
2015-03-10,22.47,22.47,22.1,22.1,19.15,4200
2015-03-11,22.1,22.18,22.02,22.18,19.22,13600
2015-03-12,22.61,22.61,22.4,22.41,19.42,6800
2015-03-13,22.28,22.28,22.1,22.18,19.22,4200
2015-03-16,22.05,22.05,21.83,21.96,19.03,11600
2015-03-17,21.83,21.93,21.75,21.89,18.97,26100
2015-03-18,21.77,22.54,21.75,22.45,19.46,87100
2015-03-19,22.51,22.51,22.51,22.51,19.51,900
2015-03-20,22.83,23.04,22.83,22.92,19.86,21400
2015-03-23,23.42,23.53,23.38,23.47,20.34,5800
2015-03-24,23.43,23.48,23.37,23.38,20.26,6000
2015-03-25,24.01,24.01,23.3,23.3,20.19,4200
2015-03-26,23.35,23.35,23.04,23.15,20.06,24200
2015-03-27,23.01,23.01,22.9,23.01,19.94,10300
2015-03-30,23.07,23.07,22.87,22.93,19.87,9800
2015-03-31,22.58,22.86,22.58,22.68,19.66,12700
2015-04-01,22.79,23.01,22.65,22.88,19.83,10400
2015-04-02,23.09,23.09,23.09,23.09,20.01,200
2015-04-06,23.28,23.46,23.25,23.25,20.15,18700
2015-04-07,23.61,23.84,23.61,23.63,20.48,7100
2015-04-08,23.81,23.81,23.62,23.68,20.52,4800
2015-04-09,23.68,23.75,23.6,23.69,20.53,19700
2015-04-10,23.98,24.27,23.98,24.21,20.98,22900
2015-04-13,24.35,24.37,23.96,24.02,20.82,29900
2015-04-14,24.66,24.8,24.59,24.79,21.49,23000
2015-04-15,25.11,25.34,24.97,25.3,21.93,13800
2015-04-16,25.36,25.68,25.36,25.62,22.21,11400
2015-04-17,25.08,25.08,24.84,24.94,21.62,8000
2015-04-20,24.93,24.98,24.81,24.81,21.5,7300
2015-04-21,24.95,24.95,24.8,24.81,21.5,2300
2015-04-22,24.73,24.74,24.53,24.73,21.43,15000
2015-04-23,24.87,25.18,24.87,25.14,21.79,5400
2015-04-24,25.19,25.19,25.02,25.14,21.79,4700
2015-04-27,25.25,25.41,25.25,25.36,21.98,5700
2015-04-28,25.31,25.34,25.31,25.34,21.96,1400
2015-04-29,25.3,25.45,25.24,25.3,21.93,20200
2015-04-30,25.64,25.66,25.54,25.6,22.19,47400
2015-05-01,25.6,25.66,25.4,25.59,22.18,14100
2015-05-04,25.95,25.96,25.69,25.69,22.27,12700
2015-05-05,25.94,25.96,25.82,25.84,22.4,16500
2015-05-06,26.36,26.6,26.21,26.27,22.77,60000
2015-05-07,26.13,26.13,25.73,26.04,22.57,108200
2015-05-08,26.1,26.3,26.1,26.26,22.76,3500
2015-05-11,25.96,26.14,25.96,25.99,22.53,19600
2015-05-12,26.27,26.4,26.25,26.39,22.87,6900
2015-05-13,26.85,26.97,26.77,26.78,23.21,11300
2015-05-14,27.05,27.05,26.88,27.0,23.4,18500
2015-05-15,26.93,27.02,26.93,27.0,23.4,16900
2015-05-18,26.57,26.79,26.56,26.62,23.07,8100
2015-05-19,26.02,26.02,25.76,25.81,22.37,22500
2015-05-20,25.85,25.85,25.63,25.77,22.34,31200
2015-05-21,25.58,25.93,25.58,25.86,22.41,13800
2015-05-22,25.53,25.58,25.47,25.54,22.14,18500
2015-05-26,25.04,25.04,24.76,24.8,21.49,6900
2015-05-27,24.76,24.92,24.76,24.88,21.56,6500
2015-05-28,24.46,24.64,24.36,24.64,21.36,5900
2015-05-29,24.62,24.73,24.51,24.59,21.31,14300
2015-06-01,24.19,24.21,24.04,24.12,20.91,8200
2015-06-02,24.72,24.8,24.58,24.58,21.3,29700
2015-06-03,25.11,25.3,24.96,25.02,21.69,8400
2015-06-04,24.97,24.98,24.67,24.67,21.38,3800
2015-06-05,24.25,24.44,24.2,24.35,21.1,6300
2015-06-08,24.37,24.6,24.37,24.57,21.3,3400
2015-06-09,24.8,24.8,24.69,24.69,21.4,600
2015-06-10,24.85,24.85,24.85,24.85,21.54,53900
2015-06-11,24.86,24.86,24.37,24.37,21.12,5500
2015-06-12,24.56,24.67,24.56,24.67,21.38,2400
2015-06-15,24.28,24.28,24.02,24.11,20.9,10300
2015-06-16,24.02,24.24,24.01,24.2,20.97,11000
2015-06-17,24.22,24.46,24.22,24.44,21.18,2000
2015-06-18,24.15,24.53,23.97,24.01,20.81,15200
2015-06-19,23.94,24.18,23.94,24.18,20.96,5400
2015-06-22,24.24,24.67,24.24,24.63,21.35,2600
2015-06-23,24.26,24.42,24.26,24.42,21.17,200
2015-06-24,24.33,24.36,24.33,24.36,21.11,300
2015-06-25,24.07,24.07,23.94,23.94,21.11,3900
2015-06-26,23.98,23.98,23.84,23.88,21.05,2000
2015-06-29,23.45,23.69,23.18,23.27,20.52,7000
2015-06-30,23.64,23.64,23.26,23.32,20.56,7400
2015-07-01,23.32,23.42,23.25,23.26,20.51,15400
2015-07-02,23.11,23.37,23.04,23.04,20.31,28200
2015-07-06,22.07,22.5,22.07,22.2,19.57,19100
2015-07-07,21.94,22.05,21.67,22.05,19.44,33000
2015-07-08,21.98,21.98,21.74,21.8,19.22,10600
2015-07-09,22.65,22.65,22.3,22.33,19.69,10500
2015-07-10,23.13,23.41,23.09,23.38,20.61,1493600
2015-07-13,23.08,23.18,23.03,23.06,20.33,30400
2015-07-14,23.0,23.23,23.0,23.23,20.48,8100
2015-07-15,23.08,23.17,22.85,22.98,20.26,20200
2015-07-16,23.45,23.45,23.19,23.29,20.53,20400
2015-07-17,23.32,23.32,23.08,23.2,20.45,36400
2015-07-20,23.06,23.19,22.93,22.93,20.22,9300
2015-07-21,23.04,23.31,23.04,23.25,20.5,8500
2015-07-22,23.14,23.14,22.84,22.84,20.14,22000
2015-07-23,23.0,23.0,22.82,22.84,20.14,10600
2015-07-24,22.8,22.85,22.58,22.6,19.92,15000
2015-07-27,22.45,22.54,22.16,22.16,19.54,29600
2015-07-28,22.36,22.54,22.27,22.49,19.83,10500
2015-07-29,22.8,22.94,22.57,22.94,20.22,10600
2015-07-30,22.89,22.99,22.71,22.79,20.09,24800
2015-07-31,22.97,22.97,22.7,22.7,20.01,2900
2015-08-03,22.51,22.62,22.2,22.23,19.6,17300
2015-08-04,22.47,22.47,22.2,22.2,19.57,7600
2015-08-05,22.35,22.44,22.26,22.33,19.69,11400
2015-08-06,22.24,22.24,22.04,22.19,19.56,34200
2015-08-07,22.17,22.17,22.06,22.09,19.47,9000
2015-08-10,22.28,22.44,22.26,22.41,19.76,6600
2015-08-11,22.01,22.01,21.68,21.8,19.22,552800
2015-08-12,22.04,22.1,21.83,22.08,19.47,72200
2015-08-13,22.0,22.0,21.67,21.67,19.1,72200
2015-08-14,21.58,21.61,21.43,21.46,18.92,8000
2015-08-17,21.4,21.57,21.36,21.52,18.97,44000
2015-08-18,21.36,21.36,21.1,21.19,18.68,10300
2015-08-19,21.01,21.01,20.65,20.86,18.39,15600
2015-08-20,20.75,20.8,20.53,20.53,18.1,20400
2015-08-21,20.49,20.49,20.05,20.05,17.68,10900
2015-08-24,19.24,19.41,18.81,18.98,16.73,16000
2015-08-25,19.84,19.92,19.33,19.34,17.05,17100
2015-08-26,19.84,19.87,19.52,19.83,17.48,12600
2015-08-27,20.14,20.52,20.14,20.36,17.95,11000
2015-08-28,20.49,20.88,20.49,20.73,18.28,18700
2015-08-31,20.38,20.87,20.38,20.87,18.4,8400
2015-09-01,20.38,20.38,20.21,20.21,17.82,2300
2015-09-02,20.14,20.46,20.08,20.36,17.95,4700
2015-09-03,20.47,20.82,20.47,20.52,18.09,3500
2015-09-04,20.23,20.23,20.11,20.14,17.76,2100
2015-09-08,20.43,20.62,20.43,20.58,18.14,2700
2015-09-09,20.71,20.88,20.48,20.48,18.06,4500
2015-09-10,20.7,20.7,20.48,20.7,18.25,10400
2015-09-11,20.37,20.4,20.21,20.28,17.88,14700
2015-09-14,20.19,20.19,19.93,20.13,17.75,5900
2015-09-15,20.31,20.35,20.1,20.35,17.94,2700
2015-09-16,20.64,20.82,20.64,20.73,18.28,3600
2015-09-17,20.73,21.15,20.73,21.14,18.64,24800
2015-09-18,20.68,20.75,20.56,20.56,18.13,4700
2015-09-21,20.52,20.55,20.4,20.4,17.99,1100
2015-09-22,19.99,20.0,19.92,19.96,17.6,2700
2015-09-23,19.98,19.98,19.75,19.79,17.45,2500
2015-09-24,19.48,19.48,19.16,19.25,16.97,6700
2015-09-25,19.51,19.56,19.37,19.38,17.09,3600
2015-09-28,19.28,19.28,19.02,19.02,16.77,3400
2015-09-29,19.14,19.31,19.14,19.29,17.01,17700
2015-09-30,19.43,19.51,19.43,19.48,17.17,3200
2015-10-01,19.81,20.06,19.67,19.78,17.44,6500
2015-10-02,19.95,20.15,19.79,20.14,17.76,9400
2015-10-05,20.57,20.61,20.47,20.6,18.16,4800
2015-10-06,20.99,21.24,20.99,21.23,18.72,4500
2015-10-07,21.64,21.79,21.62,21.72,19.15,13500
2015-10-08,21.67,21.99,21.67,21.99,19.39,1600
2015-10-09,22.03,22.18,22.03,22.1,19.48,221700
2015-10-12,22.14,22.14,21.76,21.8,19.22,27800
2015-10-13,21.34,21.55,21.3,21.41,18.88,3500
2015-10-14,21.47,21.55,21.47,21.55,19.0,2900
2015-10-15,21.56,21.93,21.56,21.84,19.25,27800
2015-10-16,21.87,21.87,21.64,21.7,19.13,12000
2015-10-19,21.58,21.58,21.43,21.43,18.89,1700
2015-10-20,21.54,21.56,21.51,21.51,18.96,1300
2015-10-21,21.46,21.47,21.31,21.31,18.79,6100
2015-10-22,21.07,21.11,20.92,21.1,18.6,3100
2015-10-23,21.01,21.14,21.01,21.1,18.6,16800
2015-10-26,21.13,21.19,21.12,21.12,18.62,10300
2015-10-27,20.61,20.61,20.45,20.48,18.06,13600
2015-10-28,20.26,20.9,20.26,20.64,18.2,28700
2015-10-29,20.2,20.45,20.2,20.37,17.96,14500
2015-10-30,20.4,20.64,20.4,20.57,18.13,5100
2015-11-02,20.61,20.71,20.53,20.7,18.25,100400
2015-11-03,20.66,20.91,20.66,20.88,18.41,56200
2015-11-04,20.98,21.0,20.65,20.67,18.22,11100
2015-11-05,20.83,20.93,20.77,20.82,18.36,20700
2015-11-06,20.69,20.69,20.45,20.63,18.19,11800
2015-11-09,20.75,20.75,20.46,20.54,18.11,3600
2015-11-10,20.51,20.62,20.43,20.61,18.17,549500
2015-11-11,20.6,20.6,20.29,20.3,17.9,84200
2015-11-12,19.91,20.05,19.8,19.82,17.47,31500
2015-11-13,19.78,19.97,19.74,19.86,17.51,17400
2015-11-16,19.92,20.09,19.92,20.09,17.71,5600
2015-11-17,20.33,20.4,20.18,20.28,17.88,5100
2015-11-18,20.39,20.64,20.36,20.63,18.19,20200
2015-11-19,20.68,20.7,20.6,20.6,18.16,16800
2015-11-20,20.62,20.62,20.5,20.52,18.09,6500
2015-11-23,20.45,20.56,20.35,20.42,18.0,10100
2015-11-24,20.38,20.6,20.38,20.6,18.16,4500
2015-11-25,20.53,20.53,20.38,20.46,18.04,24500
2015-11-27,20.41,20.42,20.4,20.42,18.0,1200
2015-11-30,20.6,20.6,20.57,20.6,18.16,1800
2015-12-01,20.62,20.93,20.62,20.93,18.45,7600
2015-12-02,20.82,20.82,20.52,20.62,18.18,15500
2015-12-03,20.83,20.85,20.65,20.7,18.25,67100
2015-12-04,20.6,20.77,20.55,20.76,18.3,27900
2015-12-07,20.28,20.28,20.04,20.16,17.77,7500
2015-12-08,19.59,19.71,19.47,19.6,17.28,16400
2015-12-09,19.74,19.94,19.51,19.75,17.41,16800
2015-12-10,19.72,19.89,19.7,19.81,17.46,13000
2015-12-11,19.32,19.41,19.23,19.23,16.95,22700
2015-12-14,19.08,19.14,18.83,19.14,16.87,34400
2015-12-15,19.4,19.6,19.4,19.49,17.18,25600
2015-12-16,19.28,19.61,19.28,19.58,17.26,23800
2015-12-17,19.41,19.41,19.13,19.18,16.91,10500
2015-12-18,18.89,18.95,18.83,18.9,16.66,26200
2015-12-21,18.77,18.77,18.43,18.43,16.42,24600
2015-12-22,18.7,18.85,18.69,18.78,16.73,10900
2015-12-23,19.18,19.36,19.18,19.35,17.24,12700
2015-12-24,19.49,19.49,19.3,19.41,17.3,5900
2015-12-28,19.2,19.22,19.13,19.21,17.12,9500
2015-12-29,19.27,19.45,19.27,19.4,17.29,18900
2015-12-30,19.28,19.29,19.07,19.15,17.06,8100
2015-12-31,18.9,19.05,18.9,18.91,16.85,3200
2016-01-04,18.87,18.9,18.55,18.84,16.79,9700
2016-01-05,18.44,18.45,18.22,18.4,16.4,6400
2016-01-06,17.91,17.99,17.85,17.9,15.95,19400
2016-01-07,17.42,17.6,17.31,17.39,15.5,28500
2016-01-08,17.6,17.6,17.35,17.35,15.46,32700
2016-01-11,17.34,17.34,16.92,17.11,15.25,20500
2016-01-12,17.33,17.42,16.97,17.21,15.33,11500
2016-01-13,17.38,17.47,17.03,17.04,15.18,14200
2016-01-14,17.11,17.38,17.0,17.38,15.49,14500
2016-01-15,16.71,16.83,16.54,16.61,14.8,18500
2016-01-19,16.85,17.03,16.81,16.91,15.07,16900
2016-01-20,16.32,16.4,15.9,16.22,14.45,10900
2016-01-21,16.23,16.75,16.23,16.75,14.93,5000
2016-01-22,17.27,17.45,17.23,17.45,15.55,36000
2016-01-25,17.33,17.33,17.12,17.13,15.26,31200
2016-01-26,17.3,17.64,17.3,17.6,15.68,18100
2016-01-27,17.46,17.73,17.37,17.44,15.54,10200
2016-01-28,17.92,17.97,17.77,17.9,15.95,16200
2016-01-29,17.84,18.08,17.8,18.08,16.11,29200
2016-02-01,17.79,17.92,17.69,17.88,15.93,43100
2016-02-02,17.42,17.42,17.2,17.23,15.35,23900
2016-02-03,17.6,17.84,17.38,17.84,15.9,14900
2016-02-04,18.04,18.32,18.04,18.14,16.16,16400
2016-02-05,18.14,18.29,18.08,18.13,16.15,17000
2016-02-08,17.78,17.78,17.4,17.62,15.7,8500
2016-02-09,17.31,17.35,17.12,17.35,15.46,20400
2016-02-10,17.19,17.41,17.11,17.11,15.25,17000
2016-02-11,16.75,16.85,16.68,16.82,14.99,42000
2016-02-12,16.83,17.16,16.83,17.16,15.29,15000
2016-02-16,17.5,17.5,17.23,17.32,15.43,12400
2016-02-17,17.69,18.15,17.69,18.1,16.13,20800
2016-02-18,18.17,18.21,18.03,18.08,16.11,16700
2016-02-19,17.83,17.99,17.83,17.99,16.03,17600
2016-02-22,18.14,18.33,18.14,18.24,16.25,2800
2016-02-23,18.23,18.3,18.09,18.09,16.12,4600
2016-02-24,17.56,17.8,17.44,17.8,15.86,25400
2016-02-25,17.88,18.04,17.82,18.04,16.07,4300
2016-02-26,18.35,18.35,18.18,18.18,16.2,3000
2016-02-29,18.26,18.48,18.26,18.33,16.33,7800
2016-03-01,18.49,18.74,18.38,18.72,16.68,37600
2016-03-02,18.29,18.52,18.24,18.5,16.48,18500
2016-03-03,18.72,18.97,18.64,18.97,16.9,24100
2016-03-04,19.25,19.8,19.25,19.74,17.59,56100
2016-03-07,19.52,19.76,19.5,19.76,17.61,1900
2016-03-08,19.32,19.43,19.3,19.3,17.2,35700
2016-03-09,19.35,19.41,19.3,19.3,17.2,6900
2016-03-10,19.24,19.36,18.73,18.95,16.89,27100
2016-03-11,19.41,19.77,19.41,19.72,17.57,4900
2016-03-14,19.57,19.59,19.51,19.56,17.43,7000
2016-03-15,19.34,19.34,19.19,19.23,17.13,3100
2016-03-16,19.23,19.55,19.16,19.55,17.42,6700
2016-03-17,19.73,19.95,19.62,19.92,17.75,8300
2016-03-18,19.92,20.04,19.88,19.89,17.72,74300
2016-03-21,19.94,19.94,19.65,19.75,17.6,8400
2016-03-22,19.78,19.88,19.74,19.87,17.71,4200
2016-03-23,19.52,19.53,19.39,19.39,17.28,23900
2016-03-24,19.39,19.39,19.39,19.39,17.28,100
2016-03-28,19.2,19.31,19.2,19.31,17.21,2500
2016-03-29,18.97,19.31,18.95,19.27,17.17,30400
2016-03-30,19.65,19.93,19.65,19.79,17.63,16200
2016-03-31,19.72,19.78,19.62,19.62,17.48,17400
2016-04-01,19.44,19.44,19.31,19.37,17.26,16400
2016-04-04,19.36,19.36,19.11,19.11,17.03,16900
2016-04-05,18.8,18.87,18.76,18.84,16.79,14400
2016-04-06,19.06,19.29,19.06,19.29,17.19,14500
2016-04-07,19.07,19.07,18.77,18.85,16.8,9000
2016-04-08,19.17,19.4,19.17,19.33,17.22,11100
2016-04-11,19.62,19.7,19.56,19.62,17.48,14400
2016-04-12,19.77,20.12,19.72,20.11,17.92,28500
2016-04-13,20.14,20.3,20.07,20.28,18.07,15800
2016-04-14,20.29,20.38,20.21,20.29,18.08,43900
2016-04-15,20.07,20.17,20.02,20.08,17.89,23000
2016-04-18,20.0,20.27,20.0,20.25,18.04,10400
2016-04-19,20.56,20.84,20.56,20.84,18.57,5500
2016-04-20,20.8,21.05,20.76,20.97,18.69,7500
2016-04-21,20.71,20.8,20.66,20.67,18.42,10600
2016-04-22,20.49,20.65,20.49,20.58,18.34,6700
2016-04-25,20.62,20.62,20.47,20.54,18.3,20700
2016-04-26,20.68,20.76,20.64,20.64,18.39,10600
2016-04-27,20.88,21.15,20.88,21.12,18.82,33000
2016-04-28,21.18,21.37,21.17,21.17,18.86,16000
2016-04-29,21.39,21.55,21.22,21.31,18.99,14700
2016-05-02,21.21,21.32,21.18,21.28,18.96,28700
2016-05-03,21.0,21.0,20.65,20.65,18.4,22300
2016-05-04,20.73,20.82,20.51,20.51,18.28,19300
2016-05-05,20.61,20.69,20.48,20.5,18.27,42100
2016-05-06,20.43,20.65,20.42,20.62,18.37,63300
2016-05-09,20.56,20.56,20.35,20.35,18.13,4200
2016-05-10,20.44,20.63,20.44,20.63,18.38,620600
2016-05-11,20.66,20.98,20.66,20.8,18.53,44500
2016-05-12,21.19,21.19,20.8,20.96,18.68,35300
2016-05-13,20.62,20.62,20.49,20.53,18.29,12500
2016-05-16,20.59,20.83,20.59,20.81,18.54,21900
2016-05-17,20.67,20.83,20.63,20.66,18.41,51300
2016-05-18,20.6,20.85,20.42,20.46,18.23,25800
2016-05-19,20.12,20.14,20.05,20.14,17.95,8900
2016-05-20,20.43,20.58,20.41,20.51,18.28,13100
2016-05-23,20.32,20.52,20.32,20.45,18.22,32700
2016-05-24,20.51,20.65,20.5,20.63,18.38,6900
2016-05-25,20.83,21.01,20.83,20.96,18.68,11600
2016-05-26,21.18,21.21,21.09,21.18,18.87,13700
2016-05-27,20.97,21.02,20.91,21.0,18.71,37500
2016-05-31,21.0,21.0,20.73,20.73,18.47,10200
2016-06-01,20.82,20.95,20.78,20.95,18.67,6400
2016-06-02,20.66,20.89,20.65,20.88,18.61,13900
2016-06-03,21.08,21.19,21.0,21.19,18.88,14200
2016-06-06,21.19,21.35,21.17,21.24,18.93,40500
2016-06-07,21.6,21.71,21.6,21.63,19.27,55300
2016-06-08,21.8,21.91,21.76,21.78,19.41,5600
2016-06-09,21.33,21.34,21.25,21.33,19.01,19800
2016-06-10,20.88,20.9,20.6,20.61,18.36,22100
2016-06-13,20.3,20.53,20.26,20.27,18.06,26000
2016-06-14,20.01,20.01,19.8,19.87,17.71,39500
2016-06-15,20.06,20.15,19.9,19.91,17.74,34200
2016-06-16,19.4,19.76,19.18,19.76,17.61,39900
2016-06-17,19.78,20.19,19.77,20.15,17.95,4600
2016-06-20,20.69,20.74,20.54,20.56,18.32,29600
2016-06-21,20.49,20.74,20.38,20.66,18.41,10700
2016-06-22,20.37,20.46,20.19,20.22,18.39,16900
2016-06-23,20.82,21.04,20.66,21.04,19.13,18400
2016-06-24,19.44,19.54,18.97,19.08,17.35,36900
2016-06-27,18.71,18.71,18.33,18.62,16.93,26000
2016-06-28,19.17,19.25,18.98,19.25,17.51,14300
2016-06-29,19.67,19.85,19.67,19.82,18.02,32200
2016-06-30,19.88,20.26,19.88,20.26,18.42,75800
2016-07-01,20.36,20.36,20.25,20.28,18.44,20100
2016-07-05,19.97,19.97,19.6,19.62,17.84,6600
2016-07-06,19.48,19.65,19.35,19.62,17.84,4700
2016-07-07,19.84,19.94,19.55,19.62,17.84,26200
2016-07-08,19.86,19.96,19.81,19.83,18.03,8900
2016-07-11,20.29,20.3,20.14,20.24,18.41,11100
2016-07-12,20.17,20.41,20.17,20.27,18.43,21300
2016-07-13,20.34,20.48,20.26,20.32,18.48,11600
2016-07-14,20.55,20.55,20.46,20.5,18.64,8700
2016-07-15,20.55,20.55,20.35,20.39,18.54,4000
2016-07-18,20.25,20.38,20.16,20.33,18.49,20000
2016-07-19,20.23,20.34,20.23,20.32,18.48,5500
2016-07-20,20.32,20.36,20.3,20.36,18.52,6500
2016-07-21,20.54,20.7,20.47,20.48,18.62,9000
2016-07-22,20.31,20.31,20.17,20.24,18.41,4600
2016-07-25,20.07,20.07,19.91,19.96,18.15,7700
2016-07-26,19.95,20.02,19.93,20.0,18.19,7900
2016-07-27,20.07,20.12,19.87,20.11,18.29,32200
2016-07-28,20.03,20.03,19.88,19.94,18.13,10200
2016-07-29,19.97,20.2,19.97,20.14,18.32,11600
2016-08-01,20.0,20.0,19.71,19.76,17.97,4600
2016-08-02,19.96,19.96,19.68,19.74,17.95,3300
2016-08-03,19.59,19.73,19.54,19.68,17.9,8700
2016-08-04,19.78,20.0,19.78,19.88,18.08,6800
2016-08-05,19.86,19.9,19.86,19.86,18.06,7300
2016-08-08,20.01,20.02,19.96,19.98,18.17,2300
2016-08-09,20.18,20.48,20.18,20.43,18.58,6300
2016-08-10,20.71,20.74,20.64,20.64,18.77,2600
2016-08-11,20.75,20.88,20.74,20.79,18.91,8300
2016-08-12,20.93,20.96,20.8,20.8,18.92,3000
2016-08-15,20.72,20.85,20.63,20.8,18.92,36700
2016-08-16,20.8,20.8,20.68,20.68,18.81,4600
2016-08-17,20.52,20.52,20.3,20.5,18.64,2000
2016-08-18,20.54,20.6,20.54,20.6,18.73,1900
2016-08-19,20.43,20.57,20.41,20.54,18.68,1700
2016-08-22,20.49,20.52,20.42,20.46,18.61,9600
2016-08-23,20.68,20.78,20.66,20.66,18.79,5400
2016-08-24,20.63,20.72,20.63,20.69,18.82,2700
2016-08-25,20.61,20.66,20.57,20.57,18.71,2100
2016-08-26,20.69,20.83,20.33,20.4,18.55,17100
2016-08-29,20.43,20.58,20.36,20.57,18.71,5900
2016-08-30,20.46,20.52,20.41,20.44,18.59,6400
2016-08-31,20.39,20.41,20.27,20.3,18.46,10800
2016-09-01,20.27,20.3,20.14,20.29,18.45,7700
2016-09-02,20.63,20.63,20.54,20.58,18.72,4900
2016-09-06,20.79,20.97,20.79,20.97,19.07,2000
2016-09-07,20.75,21.01,20.75,20.92,19.02,8700
2016-09-08,20.96,21.08,20.9,20.96,19.06,19000
2016-09-09,20.54,20.65,20.4,20.43,18.58,14200
2016-09-12,20.1,20.54,20.1,20.52,18.66,55000
2016-09-13,20.09,20.16,19.86,19.93,18.12,22400
2016-09-14,20.15,20.15,20.0,20.0,18.19,2000
2016-09-15,19.8,20.0,19.8,19.95,18.14,6300
2016-09-16,19.8,19.95,19.8,19.88,18.08,12800
2016-09-19,20.19,20.19,19.97,19.98,18.17,17700
2016-09-20,20.17,20.2,20.07,20.11,18.29,8200
2016-09-21,20.21,20.26,20.1,20.26,18.42,5300
2016-09-22,21.13,21.13,20.81,20.83,18.94,11200
2016-09-23,20.87,20.99,20.87,20.91,19.02,9600
2016-09-26,20.5,20.68,20.5,20.65,18.78,3400
2016-09-27,20.35,20.49,20.3,20.48,18.62,6000
2016-09-28,20.65,20.92,20.55,20.92,19.02,27800
2016-09-29,21.19,21.39,21.0,21.0,19.1,30600
2016-09-30,21.55,21.61,21.39,21.53,19.58,14500
2016-10-03,21.47,21.56,21.4,21.51,19.56,46600
2016-10-04,21.74,21.75,21.51,21.51,19.56,9700
2016-10-05,21.74,21.76,21.67,21.74,19.77,13700
2016-10-06,21.81,21.81,21.66,21.72,19.75,5900
2016-10-07,21.62,21.62,21.31,21.42,19.48,71800
2016-10-10,21.75,21.89,21.75,21.89,19.91,8400
2016-10-11,21.77,21.77,21.36,21.49,19.54,32500
2016-10-12,21.45,21.45,21.3,21.4,19.46,6400
2016-10-13,21.19,21.48,21.14,21.43,19.49,13900
2016-10-14,21.49,21.51,21.25,21.28,19.35,19900
2016-10-17,21.26,21.3,21.21,21.3,19.37,10700
2016-10-18,21.44,21.49,21.4,21.49,19.54,4000
2016-10-19,21.58,21.67,21.58,21.66,19.7,5600
2016-10-20,21.54,21.56,21.4,21.52,19.57,6000
2016-10-21,21.3,21.53,21.3,21.52,19.57,37200
2016-10-24,21.47,21.48,21.42,21.46,19.52,4900
2016-10-25,21.49,21.53,21.45,21.48,19.53,4500
2016-10-26,21.11,21.26,21.11,21.19,19.27,9800
2016-10-27,21.57,21.61,21.51,21.53,19.58,7700
2016-10-28,21.4,21.51,21.37,21.38,19.44,4200
2016-10-31,21.48,21.48,21.32,21.35,19.42,4500
2016-11-01,21.55,21.55,21.26,21.32,19.39,18600
2016-11-02,21.26,21.28,21.0,21.13,19.22,20900
2016-11-03,21.21,21.31,21.15,21.23,19.31,8600
2016-11-04,21.02,21.19,20.98,21.09,19.18,14400
2016-11-07,21.19,21.28,21.16,21.28,19.35,18200
2016-11-08,21.35,21.44,21.35,21.4,19.46,27000
2016-11-09,21.11,21.39,21.06,21.34,19.41,13500
2016-11-10,21.12,21.25,21.0,21.16,19.24,12700
2016-11-11,20.94,20.94,20.81,20.92,19.02,4500
2016-11-14,20.62,20.68,20.49,20.68,18.81,7100
2016-11-15,21.08,21.2,21.04,21.2,19.28,5900
2016-11-16,20.87,20.9,20.8,20.84,18.95,11700
2016-11-17,20.97,21.0,20.85,20.92,19.02,5200
2016-11-18,20.76,20.76,20.7,20.72,18.84,11500
2016-11-21,20.84,21.12,20.84,21.12,19.21,5900
2016-11-22,21.16,21.2,21.09,21.2,19.28,7600
2016-11-23,20.96,21.06,20.96,21.05,19.14,10700
2016-11-25,21.17,21.17,21.13,21.14,19.22,8000
2016-11-28,21.03,21.04,20.92,20.97,19.07,8100
2016-11-29,20.8,20.92,20.73,20.87,18.98,4700
2016-11-30,21.3,21.33,21.2,21.33,19.4,26500
2016-12-01,21.41,21.67,21.41,21.6,19.64,16800
2016-12-02,21.52,21.65,21.52,21.53,19.58,11500
2016-12-05,21.67,21.97,21.67,21.93,19.94,12700
2016-12-06,21.83,22.04,21.82,22.0,20.01,125200
2016-12-07,22.13,22.34,22.11,22.3,20.28,49800
2016-12-08,22.17,22.37,22.14,22.37,20.34,21500
2016-12-09,22.32,22.35,22.19,22.34,20.32,17500
2016-12-12,22.55,22.6,22.44,22.47,20.43,9200
2016-12-13,22.44,22.59,22.44,22.57,20.53,4700
2016-12-14,22.19,22.38,22.01,22.01,20.02,24300
2016-12-15,21.67,21.76,21.63,21.68,19.72,23500
2016-12-16,21.63,21.77,21.62,21.71,19.74,21100
2016-12-19,21.54,21.75,21.54,21.64,19.68,15800
2016-12-20,21.48,21.64,21.48,21.56,19.61,57100
2016-12-21,21.46,21.48,21.35,21.38,19.65,26400
2016-12-22,21.35,21.39,21.31,21.33,19.6,13800
2016-12-23,21.38,21.44,21.37,21.44,19.71,12900
2016-12-27,21.47,21.62,21.47,21.56,19.82,12500
2016-12-28,21.59,21.59,21.45,21.53,19.79,21400
2016-12-29,21.7,21.75,21.67,21.73,19.97,15000
2016-12-30,21.8,21.87,21.68,21.75,19.99,21000
2017-01-03,21.91,22.05,21.87,21.96,20.18,70700
2017-01-04,22.1,22.2,22.08,22.2,20.4,19100
2017-01-05,22.43,22.52,22.34,22.5,20.68,7700
2017-01-06,22.48,22.5,22.4,22.45,20.63,17400
2017-01-09,22.28,22.28,22.11,22.16,20.37,6900
2017-01-10,22.18,22.18,22.06,22.06,20.27,11800
2017-01-11,22.0,22.27,21.99,22.26,20.46,363900
2017-01-12,22.42,22.5,22.37,22.45,20.63,17100
2017-01-13,22.62,22.62,22.41,22.54,20.72,12100
2017-01-17,22.56,22.56,22.34,22.42,20.61,14000
2017-01-18,22.51,22.54,22.4,22.45,20.63,81300
2017-01-19,22.41,22.64,22.41,22.6,20.77,13900
2017-01-20,22.81,22.92,22.78,22.9,21.05,7300
2017-01-23,22.86,22.97,22.85,22.96,21.1,9000
2017-01-24,23.18,23.18,23.18,23.18,21.3,400
2017-01-25,23.3,23.4,23.3,23.37,21.48,4700
2017-01-26,23.33,23.33,23.26,23.31,21.42,13200
2017-01-27,23.41,23.41,23.26,23.31,21.42,34000
2017-01-30,23.03,23.07,22.96,23.07,21.2,9900
2017-01-31,23.04,23.07,22.87,22.95,21.09,33400
2017-02-01,23.36,23.36,23.16,23.34,21.45,15300
2017-02-02,23.16,23.16,22.96,23.05,21.18,15600
2017-02-03,23.36,23.45,23.36,23.39,21.5,2000
2017-02-06,23.19,23.21,23.11,23.11,21.24,1300
2017-02-07,23.09,23.09,22.96,22.96,21.1,2600
2017-02-08,23.03,23.08,22.93,23.08,21.21,19500
2017-02-09,22.84,22.87,22.78,22.82,20.97,23700
2017-02-10,22.72,22.84,22.71,22.75,20.91,16200
2017-02-13,22.64,22.96,22.64,22.94,21.08,38600
2017-02-14,22.84,22.89,22.84,22.88,21.03,15500
2017-02-15,22.69,22.83,22.69,22.83,20.98,10300
2017-02-16,22.8,22.86,22.73,22.85,21.0,26400
2017-02-17,22.54,22.59,22.5,22.59,20.76,29700
2017-02-21,22.77,22.87,22.77,22.85,21.0,29700
2017-02-22,22.67,22.73,22.62,22.69,20.85,6300
2017-02-23,22.75,22.75,22.62,22.68,20.84,5700
2017-02-24,22.48,22.53,22.4,22.46,20.64,12900
2017-02-27,22.61,22.61,22.46,22.5,20.68,5400
2017-02-28,22.52,22.57,22.42,22.47,20.65,33300
2017-03-01,22.56,22.67,22.55,22.66,20.83,31800
2017-03-02,22.58,22.58,22.49,22.49,20.67,13300
2017-03-03,22.52,22.52,22.35,22.49,20.67,13600
2017-03-06,22.43,22.43,22.18,22.26,20.46,10000
2017-03-07,22.31,22.36,22.3,22.31,20.5,11600
2017-03-08,22.24,22.24,21.92,21.92,20.15,24700
2017-03-09,21.94,21.94,21.84,21.87,20.1,6700
2017-03-10,22.12,22.16,22.06,22.14,20.35,28200
2017-03-13,22.08,22.39,22.08,22.39,20.58,6700
2017-03-14,22.07,22.1,21.99,22.04,20.26,12300
2017-03-15,22.06,22.47,22.06,22.46,20.64,8900
2017-03-16,22.57,22.64,22.55,22.62,20.79,12200
2017-03-17,22.74,22.83,22.73,22.79,20.95,4600
2017-03-20,22.73,22.76,22.65,22.68,20.84,13900
2017-03-21,22.88,22.92,22.57,22.58,20.75,22500
2017-03-22,22.41,22.44,22.3,22.4,20.59,13200
2017-03-23,22.27,22.33,22.23,22.27,20.47,7600
2017-03-24,22.11,22.39,22.11,22.31,20.5,14500
2017-03-27,21.74,21.97,21.74,21.97,20.19,14600
2017-03-28,21.96,22.19,21.91,22.15,20.36,26200
2017-03-29,22.05,22.18,21.93,22.18,20.39,18800
2017-03-30,22.12,22.16,22.09,22.11,20.32,7600
2017-03-31,22.02,22.02,21.85,21.95,20.17,21800
2017-04-03,21.95,22.06,21.89,22.03,20.25,73600
2017-04-04,21.97,21.97,21.76,21.97,20.19,95200
2017-04-05,22.02,22.03,21.75,21.76,20.0,87900
2017-04-06,21.9,22.0,21.85,21.85,20.08,24500
2017-04-07,21.87,21.92,21.85,21.86,20.09,12400
2017-04-10,21.92,21.99,21.85,21.92,20.15,11300
2017-04-11,22.01,22.11,21.87,22.0,20.22,17800
2017-04-12,22.22,22.22,21.98,22.13,20.34,26500
2017-04-13,22.08,22.09,21.89,21.9,20.13,42100
2017-04-17,22.12,22.15,22.06,22.09,20.3,13200
2017-04-18,21.86,21.97,21.82,21.91,20.14,8400
2017-04-19,21.93,21.93,21.55,21.55,19.81,25900
2017-04-20,21.66,21.7,21.6,21.61,19.86,16400
2017-04-21,21.49,21.53,21.36,21.45,19.71,15900
2017-04-24,21.93,22.04,21.93,22.01,20.23,18300
2017-04-25,22.05,22.24,22.05,22.24,20.44,9700
2017-04-26,22.07,22.15,22.05,22.05,20.27,8200
2017-04-27,22.11,22.14,22.02,22.14,20.35,30000
2017-04-28,22.16,22.16,22.08,22.08,20.29,1800
2017-05-01,22.24,22.24,22.06,22.1,20.31,6700
2017-05-02,22.1,22.33,22.1,22.26,20.46,29300
2017-05-03,22.18,22.2,22.12,22.16,20.37,35300
2017-05-04,21.98,21.98,21.85,21.91,20.14,16800
2017-05-05,22.03,22.59,22.03,22.58,20.75,5500
2017-05-08,22.36,22.43,22.36,22.42,20.61,6000
2017-05-09,22.53,22.59,22.42,22.42,20.61,14300
2017-05-10,22.45,22.74,22.45,22.72,20.88,11400
2017-05-11,22.68,22.76,22.59,22.73,20.89,14300
2017-05-12,22.78,22.9,22.72,22.89,21.04,16300
2017-05-15,23.06,23.06,22.98,23.0,21.14,18400
2017-05-16,23.15,23.28,23.14,23.27,21.39,18400
2017-05-17,23.2,23.25,23.03,23.03,21.17,37600
2017-05-18,22.74,22.88,22.71,22.83,20.98,17400
2017-05-19,23.26,23.39,23.25,23.39,21.5,18100
2017-05-22,23.56,23.56,23.42,23.47,21.57,27900
2017-05-23,23.4,23.42,23.33,23.38,21.49,8400
2017-05-24,23.41,23.5,23.28,23.5,21.6,132100
2017-05-25,23.58,23.64,23.29,23.33,21.44,68800
2017-05-26,23.05,23.2,23.05,23.17,21.3,16500
2017-05-30,22.96,23.02,22.96,23.02,21.16,15600
2017-05-31,22.76,22.81,22.63,22.66,20.83,171700
2017-06-01,22.57,22.89,22.57,22.89,21.04,30700
2017-06-02,22.75,22.87,22.75,22.85,21.0,13800
2017-06-05,22.74,22.81,22.69,22.79,20.95,18100
2017-06-06,22.53,22.67,22.49,22.63,20.8,55700
2017-06-07,22.6,22.6,22.43,22.5,20.68,9300
2017-06-08,22.42,22.43,22.33,22.41,20.6,23600
2017-06-09,22.5,22.5,22.33,22.45,20.63,18200
2017-06-12,22.46,22.65,22.46,22.65,20.82,16800
2017-06-13,22.66,22.81,22.64,22.75,20.91,44600
2017-06-14,22.82,22.82,22.56,22.57,20.74,10000
2017-06-15,22.25,22.25,22.08,22.14,20.35,4100
2017-06-16,22.26,22.37,22.24,22.37,20.56,1300
2017-06-19,22.48,22.48,22.41,22.41,20.6,2200
2017-06-20,21.9,21.9,21.68,21.76,20.41,59000
2017-06-21,21.54,21.68,21.48,21.53,20.2,31700
2017-06-22,21.49,21.59,21.49,21.56,20.22,10400
2017-06-23,21.58,21.74,21.56,21.73,20.38,6100
2017-06-26,21.84,21.84,21.54,21.58,20.24,6400
2017-06-27,21.74,21.77,21.68,21.74,20.39,26200
2017-06-28,21.92,21.92,21.78,21.9,20.54,8600
2017-06-29,21.91,21.95,21.68,21.76,20.41,23100
2017-06-30,21.98,22.1,21.98,22.1,20.73,1500
2017-07-03,22.32,22.35,22.24,22.24,20.86,98100
2017-07-05,22.24,22.24,22.07,22.14,20.77,14900
2017-07-06,22.21,22.28,22.13,22.15,20.78,14600
2017-07-07,22.02,22.14,21.95,22.14,20.77,10600
2017-07-10,22.26,22.26,22.21,22.21,20.83,600
2017-07-11,22.13,22.36,22.13,22.36,20.97,12100
2017-07-12,22.78,22.89,22.78,22.84,21.42,16400
2017-07-13,23.0,23.15,23.0,23.15,21.72,8700
2017-07-14,23.2,23.31,23.16,23.31,21.87,3500
2017-07-17,23.54,23.69,23.54,23.62,22.16,38100
2017-07-18,23.77,23.89,23.69,23.73,22.26,11100
2017-07-19,23.81,23.95,23.81,23.95,22.47,19200
2017-07-20,24.07,24.16,24.07,24.09,22.6,6100
2017-07-21,23.97,24.0,23.74,23.83,22.35,14700
2017-07-24,23.92,23.92,23.78,23.84,22.36,78400
2017-07-25,24.09,24.14,24.06,24.09,22.6,4900
2017-07-26,24.24,24.46,24.22,24.45,22.94,15500
2017-07-27,24.42,24.42,24.33,24.33,22.82,2000
2017-07-28,24.3,24.58,24.3,24.58,23.06,16300
2017-07-31,24.46,24.65,24.35,24.61,23.09,27900
2017-08-01,24.7,24.76,24.61,24.68,23.15,11000
2017-08-02,24.64,24.78,24.62,24.75,23.22,4400
2017-08-03,24.68,24.73,24.62,24.62,23.09,4000
2017-08-04,24.51,24.62,24.51,24.62,23.09,2000
2017-08-07,24.65,24.77,24.65,24.75,23.22,6600
2017-08-08,24.81,24.81,24.61,24.61,23.09,12300
2017-08-09,24.56,24.69,24.56,24.69,23.16,6300
2017-08-10,24.42,24.46,24.26,24.29,22.79,11400
2017-08-11,24.05,24.28,24.04,24.17,22.67,5300
2017-08-14,24.4,24.5,24.37,24.37,22.86,4800
2017-08-15,24.12,24.31,24.09,24.31,22.8,4800
2017-08-16,24.33,24.5,24.33,24.45,22.94,7700
2017-08-17,24.24,24.25,24.04,24.05,22.56,3400
2017-08-18,24.22,24.39,24.14,24.29,22.79,21100
2017-08-21,24.44,24.44,24.25,24.25,22.75,13800
2017-08-22,24.35,24.36,24.32,24.35,22.84,4800
2017-08-23,24.45,24.49,24.39,24.48,22.96,5100
2017-08-24,24.62,24.63,24.53,24.57,23.05,14600
2017-08-25,24.82,24.85,24.77,24.81,23.27,9200
2017-08-28,24.77,24.79,24.68,24.68,23.15,7700
2017-08-29,24.57,24.8,24.5,24.75,23.22,8600
2017-08-30,24.73,24.74,24.7,24.71,23.18,2900
2017-08-31,24.99,25.13,24.95,25.1,23.54,40500
2017-09-01,25.16,25.29,25.16,25.25,23.69,9800
2017-09-05,25.17,25.41,25.16,25.26,23.69,8900
2017-09-06,25.27,25.32,25.26,25.32,23.75,6600
2017-09-07,25.54,25.56,25.44,25.55,23.97,6000
2017-09-08,25.5,25.5,25.31,25.33,23.76,12100
2017-09-11,25.27,25.39,25.26,25.36,23.79,9100
2017-09-12,25.39,25.53,25.39,25.48,23.9,11100
2017-09-13,25.52,25.52,25.46,25.47,23.89,1100
2017-09-14,25.4,25.59,25.4,25.54,23.96,4000
2017-09-15,25.7,25.75,25.46,25.58,24.0,26700
2017-09-18,25.65,25.75,25.63,25.67,24.08,23800
2017-09-19,25.8,25.83,25.74,25.83,24.23,3600
2017-09-20,25.83,25.93,25.63,25.68,24.09,12300
2017-09-21,25.9,26.1,25.9,26.06,24.45,6900
2017-09-22,26.14,26.26,26.13,26.17,24.55,7000
2017-09-25,26.23,26.33,26.18,26.23,24.6,31000
2017-09-26,25.9,25.92,25.79,25.87,24.27,20400
2017-09-27,25.71,25.93,25.71,25.92,24.31,13300
2017-09-28,25.96,26.06,25.94,26.04,24.43,13900
2017-09-29,25.92,26.07,25.87,26.05,24.44,7400
2017-10-02,25.83,26.0,25.76,25.94,24.33,67800
2017-10-03,26.04,26.16,25.99,26.16,24.54,40200
2017-10-04,26.01,26.08,25.9,25.96,24.35,19200
2017-10-05,26.09,26.13,26.01,26.01,24.4,23400
2017-10-06,25.75,25.88,25.71,25.88,24.28,14300
2017-10-09,25.95,25.98,25.89,25.98,24.37,4000
2017-10-10,26.24,26.32,26.16,26.31,24.68,18000
2017-10-11,26.36,26.4,26.26,26.35,24.72,8800
2017-10-12,26.45,26.5,26.4,26.44,24.8,4200
2017-10-13,26.48,26.54,26.48,26.52,24.88,4700
2017-10-16,26.46,26.51,26.39,26.41,24.77,3700
2017-10-17,26.27,26.27,26.1,26.2,24.58,6900
2017-10-18,26.13,26.22,26.08,26.14,24.52,23900
2017-10-19,26.14,26.23,26.13,26.23,24.6,3500
2017-10-20,26.3,26.3,26.18,26.27,24.64,2400
2017-10-23,26.15,26.15,26.07,26.07,24.45,4800
2017-10-24,26.13,26.13,26.05,26.07,24.45,6900
2017-10-25,26.35,26.35,26.08,26.19,24.57,8300
2017-10-26,25.76,25.9,25.74,25.83,24.23,23900
2017-10-27,25.68,25.94,25.68,25.94,24.33,1900
2017-10-30,26.05,26.15,26.04,26.15,24.53,26700
2017-10-31,26.04,26.08,25.95,26.08,24.46,19000
2017-11-01,26.28,26.36,26.26,26.33,24.7,17200
2017-11-02,26.15,26.27,26.09,26.25,24.62,10100
2017-11-03,26.25,26.37,26.22,26.37,24.74,345000
2017-11-06,26.39,26.59,26.29,26.59,24.94,65800
2017-11-07,26.37,26.4,26.22,26.31,24.68,14900
2017-11-08,26.46,26.54,26.46,26.47,24.83,10200
2017-11-09,26.22,26.29,26.09,26.14,24.52,6900
2017-11-10,26.09,26.17,26.01,26.12,24.5,9800
2017-11-13,25.89,26.04,25.8,26.03,24.42,7100
2017-11-14,25.64,25.7,25.62,25.69,24.1,13600
2017-11-15,25.34,25.41,25.27,25.33,23.76,17800
2017-11-16,25.59,25.67,25.53,25.62,24.03,12500
2017-11-17,25.25,25.32,25.25,25.3,23.73,6500
2017-11-20,25.47,25.47,25.35,25.38,23.81,9800
2017-11-21,25.65,25.84,25.65,25.71,24.12,6900
2017-11-22,25.7,25.84,25.69,25.83,24.23,4100
2017-11-24,25.95,25.95,25.81,25.81,24.21,7400
2017-11-27,25.57,25.57,25.43,25.48,23.9,7700
2017-11-28,25.34,25.44,25.34,25.44,23.86,25600
2017-11-29,25.32,25.32,25.14,25.15,23.59,10700
2017-11-30,25.15,25.27,25.05,25.08,23.53,10800
2017-12-01,25.19,25.3,25.1,25.29,23.72,17900
2017-12-04,25.29,25.29,25.12,25.14,23.58,5400
2017-12-05,24.88,25.11,24.86,25.03,23.48,695100
2017-12-06,24.79,24.87,24.76,24.87,23.33,10500
2017-12-07,24.81,24.81,24.64,24.64,23.11,5200
2017-12-08,24.73,24.89,24.73,24.88,23.34,3900
2017-12-11,24.61,24.81,24.61,24.81,23.27,6700
2017-12-12,24.97,25.11,24.97,25.11,23.55,9000
2017-12-13,25.0,25.1,24.88,24.99,23.44,15800
2017-12-14,25.15,25.15,24.93,24.97,23.42,12000
2017-12-15,24.83,24.87,24.71,24.75,23.22,2300
2017-12-18,25.1,25.12,24.99,25.0,23.45,46100
2017-12-19,24.93,24.93,24.6,24.74,23.38,31600
2017-12-20,24.78,24.8,24.64,24.66,23.3,14200
2017-12-21,24.96,25.08,24.96,25.02,23.64,13800
2017-12-22,25.2,25.21,25.04,25.16,23.78,17400
2017-12-26,25.25,25.32,25.19,25.25,23.86,13200
2017-12-27,25.48,25.56,25.45,25.45,24.05,6800
2017-12-28,25.77,25.77,25.69,25.69,24.28,1700
2017-12-29,25.78,25.93,25.78,25.8,24.38,2200
2018-01-02,26.03,26.05,25.9,26.05,24.62,55400
2018-01-03,26.19,26.27,26.15,26.27,24.83,42700
2018-01-04,26.58,26.67,26.51,26.67,25.2,25200
2018-01-05,26.79,27.01,26.78,26.97,25.49,6900
2018-01-08,26.47,26.9,26.47,26.9,25.42,50200
2018-01-09,26.82,26.96,26.82,26.96,25.48,19400
2018-01-10,27.15,27.17,27.04,27.06,25.57,8900
2018-01-11,27.16,27.3,27.15,27.25,25.75,21700
2018-01-12,27.37,27.61,27.37,27.6,26.08,8500
2018-01-16,27.61,27.71,27.5,27.5,25.99,26900
2018-01-17,27.6,27.88,27.6,27.77,26.24,7000
2018-01-18,27.73,27.77,27.58,27.68,26.16,2700
2018-01-19,27.71,27.72,27.61,27.68,26.16,18400
2018-01-22,27.69,27.87,27.69,27.87,26.34,14500
2018-01-23,27.82,27.9,27.82,27.87,26.34,5600
2018-01-24,28.01,28.13,27.95,28.08,26.54,21000
2018-01-25,28.22,28.35,27.94,27.94,26.4,58600
2018-01-26,27.95,28.03,27.91,28.01,26.47,8900
2018-01-29,27.77,27.77,27.57,27.61,26.09,4000
2018-01-30,27.42,27.49,27.23,27.23,25.73,12000
2018-01-31,27.42,27.5,27.28,27.33,25.83,5300
2018-02-01,27.49,27.83,27.44,27.8,26.27,11300
2018-02-02,27.61,27.61,27.0,27.0,25.52,6700
2018-02-05,26.75,26.91,25.99,26.1,24.67,38600
2018-02-06,25.75,26.37,25.75,26.29,24.85,27900
2018-02-07,26.48,26.59,26.1,26.14,24.7,8900
2018-02-08,25.9,25.94,25.56,25.56,24.16,10900
2018-02-09,25.69,25.69,24.97,25.61,24.2,64300
2018-02-12,25.92,26.29,25.92,26.25,24.81,18600
2018-02-13,26.43,26.43,26.26,26.43,24.98,5800
2018-02-14,26.29,26.62,26.23,26.62,25.16,17600
2018-02-15,26.76,26.86,26.57,26.86,25.38,4600
2018-02-16,27.03,27.26,26.81,27.01,25.53,11000
2018-02-20,26.92,26.97,26.76,26.81,25.34,18900
2018-02-21,26.93,27.06,26.7,26.77,25.3,11000
2018-02-22,26.91,27.15,26.91,26.95,25.47,7900
2018-02-23,27.29,27.42,27.29,27.42,25.91,3400
2018-02-26,27.43,27.49,27.27,27.48,25.97,2900
2018-02-27,27.34,27.34,26.85,26.85,25.37,9100
2018-02-28,27.14,27.14,26.8,26.8,25.33,2900
2018-03-01,26.79,26.82,26.53,26.63,25.17,7700
2018-03-02,26.69,26.74,26.39,26.71,25.24,10000
2018-03-05,26.8,26.95,26.8,26.92,25.44,5800
2018-03-06,27.12,27.42,27.12,27.32,25.82,14500
2018-03-07,27.06,27.23,27.05,27.23,25.73,6800
2018-03-08,27.12,27.13,27.02,27.13,25.64,5900
2018-03-09,27.4,27.57,27.4,27.56,26.05,7000
2018-03-12,27.54,27.54,27.43,27.49,25.98,7300
2018-03-13,27.62,27.62,27.35,27.35,25.85,19300
2018-03-14,27.39,27.39,27.3,27.3,25.8,300
2018-03-15,27.27,27.27,27.22,27.24,25.74,3700
2018-03-16,27.17,27.34,27.17,27.22,25.72,58700
2018-03-19,27.07,27.14,26.66,26.8,25.33,10800
2018-03-20,27.05,27.06,27.04,27.06,25.57,14100
2018-03-21,27.02,27.26,27.02,27.26,25.76,3300
2018-03-22,26.72,26.82,26.58,26.8,25.33,19500
2018-03-23,26.77,26.86,26.6,26.6,25.14,4600
2018-03-26,27.05,27.2,26.84,27.2,25.7,30600
2018-03-27,27.2,27.22,27.13,27.22,25.72,11200
2018-03-28,26.76,26.83,26.62,26.62,25.16,12600
2018-03-29,26.95,27.13,26.9,27.11,25.62,11700
2018-04-02,26.91,26.93,26.46,26.51,25.05,53800
2018-04-03,26.86,27.02,26.81,27.02,25.53,11500
2018-04-04,26.47,26.87,26.47,26.87,25.39,7500
2018-04-05,26.86,27.18,26.86,27.16,25.67,6500
2018-04-06,26.8,26.88,26.68,26.88,25.4,6400
2018-04-09,27.2,27.32,27.15,27.15,25.66,14400
2018-04-10,27.44,27.83,27.44,27.83,26.3,5400
2018-04-11,27.83,27.94,27.8,27.88,26.35,3700
2018-04-12,27.88,27.95,27.86,27.95,26.41,4100
2018-04-13,28.05,28.06,27.96,28.06,26.52,8900
2018-04-16,28.1,28.13,28.02,28.03,26.49,6300
2018-04-17,28.12,28.15,28.01,28.14,26.59,7100
2018-04-18,28.57,28.66,28.57,28.63,27.06,8900
2018-04-19,28.74,28.74,28.43,28.52,26.95,5000
2018-04-20,28.2,28.28,28.17,28.27,26.72,56100
2018-04-23,28.32,28.32,28.17,28.2,26.65,7100
2018-04-24,28.04,28.08,27.81,27.85,26.32,12500
2018-04-25,27.64,27.7,27.5,27.67,26.15,13300
2018-04-26,28.23,28.3,28.16,28.3,26.74,11900
2018-04-27,28.29,28.29,28.2,28.27,26.72,12000
2018-04-30,27.99,28.03,27.95,28.02,26.48,19200
2018-05-01,27.83,27.83,27.58,27.7,26.18,5400
2018-05-02,27.93,28.01,27.89,27.97,26.43,3900
2018-05-03,28.07,28.15,27.88,28.08,26.54,3000
2018-05-04,27.93,28.17,27.91,28.11,26.56,5100
2018-05-07,28.33,28.33,28.17,28.17,26.62,26700
2018-05-08,28.0,28.0,27.93,27.99,26.45,4700
2018-05-09,28.38,28.55,28.31,28.49,26.92,13100
2018-05-10,28.67,28.83,28.6,28.83,27.25,9100
2018-05-11,28.87,28.87,28.62,28.71,27.13,14800
2018-05-14,28.54,28.64,28.43,28.43,26.87,8300
2018-05-15,28.42,28.43,28.18,28.43,26.87,4800
2018-05-16,28.52,28.63,28.49,28.63,27.06,5100
2018-05-17,28.62,28.71,28.62,28.69,27.11,4200
2018-05-18,28.56,28.72,28.56,28.61,27.04,9900
2018-05-21,28.96,28.96,28.85,28.96,27.37,5700
2018-05-22,28.82,28.87,28.73,28.8,27.22,18500
2018-05-23,28.3,28.37,28.22,28.28,26.73,9100
2018-05-24,28.26,28.32,28.11,28.24,26.69,5400
2018-05-25,27.65,27.65,27.52,27.52,26.01,1600
2018-05-29,27.29,27.39,26.95,27.06,25.57,11700
2018-05-30,27.68,27.85,27.5,27.85,26.32,11500
2018-05-31,27.87,27.91,27.69,27.91,26.38,7600
2018-06-01,27.91,28.01,27.86,27.93,26.39,16600
2018-06-04,28.25,28.29,28.09,28.09,26.55,28300
2018-06-05,28.09,28.09,27.88,27.95,26.41,11700
2018-06-06,28.24,28.42,28.24,28.39,26.83,20200
2018-06-07,28.72,28.88,28.66,28.66,27.08,14800
2018-06-08,28.85,28.94,28.7,28.86,27.27,5600
2018-06-11,28.96,29.21,28.96,29.18,27.58,21700
2018-06-12,29.02,29.11,28.95,29.0,27.41,3900
2018-06-13,29.05,29.05,29.0,29.0,27.41,5400
2018-06-14,28.8,28.89,28.79,28.79,27.21,6300
2018-06-15,28.55,28.57,28.43,28.57,27.0,10900
2018-06-18,28.28,28.51,28.28,28.5,26.93,7800
2018-06-19,27.71,27.77,27.53,27.77,26.71,4500
2018-06-20,27.45,27.66,27.44,27.45,26.4,78600
2018-06-21,27.37,27.46,27.33,27.36,26.32,20900
2018-06-22,27.8,27.99,27.7,27.91,26.85,14600
2018-06-25,27.63,27.64,27.25,27.32,26.28,32800
2018-06-26,27.39,27.54,27.34,27.5,26.45,4700
2018-06-27,27.66,27.86,27.31,27.34,26.3,38000
2018-06-28,27.47,27.5,27.39,27.5,26.45,1300
2018-06-29,27.55,27.65,27.45,27.57,26.52,7500
2018-07-02,27.48,27.48,27.23,27.38,26.34,11300
2018-07-03,27.69,27.83,27.59,27.59,26.54,20000
2018-07-05,28.19,28.2,27.93,28.07,27.0,19500
2018-07-06,27.95,28.14,27.94,28.09,27.02,13700
2018-07-09,28.34,28.47,28.3,28.47,27.38,14800
2018-07-10,28.65,28.67,28.55,28.65,27.56,94400
2018-07-11,28.37,28.42,27.93,28.04,26.97,6000
2018-07-12,27.96,28.04,27.86,28.04,26.97,8400
2018-07-13,27.46,27.54,27.41,27.46,26.41,98200
2018-07-16,27.47,27.47,27.28,27.29,26.25,10900
2018-07-17,27.32,27.42,27.29,27.37,26.33,175900
2018-07-18,27.17,27.35,27.15,27.33,26.29,92900
2018-07-19,27.0,27.23,27.0,27.13,26.1,10000
2018-07-20,27.31,27.35,27.27,27.27,26.23,90400
2018-07-23,27.49,27.49,27.25,27.25,26.21,2000
2018-07-24,27.38,27.62,27.37,27.37,26.33,1900
2018-07-25,27.62,27.92,27.6,27.84,26.78,12300
2018-07-26,27.57,27.65,27.51,27.51,26.46,800
2018-07-27,27.82,27.86,27.72,27.77,26.71,3800
2018-07-30,27.92,27.99,27.91,27.91,26.85,700
2018-07-31,28.06,28.11,28.01,28.1,27.03,7300
2018-08-01,28.04,28.04,27.82,27.95,26.88,600
2018-08-02,27.62,27.69,27.62,27.69,26.63,1100
2018-08-03,27.64,27.66,27.56,27.66,26.61,1200
2018-08-06,27.5,27.68,27.5,27.68,26.62,82400
2018-08-07,28.06,28.18,28.01,28.06,26.99,17000
2018-08-08,28.16,28.19,28.05,28.13,27.06,21200
2018-08-09,28.02,28.07,27.86,27.86,26.8,2200
2018-08-10,27.56,27.56,27.39,27.39,26.35,1200
2018-08-13,27.31,27.52,27.23,27.23,26.19,15200
2018-08-14,27.37,27.37,27.2,27.27,26.23,8300
2018-08-15,26.87,26.87,26.53,26.55,25.54,11000
2018-08-16,26.96,26.96,26.83,26.83,25.81,800
2018-08-17,26.82,26.99,26.82,26.99,25.96,7200
2018-08-20,27.28,27.28,27.11,27.12,26.09,3100
2018-08-21,27.35,27.38,27.34,27.34,26.3,700
2018-08-22,27.64,27.66,27.64,27.66,26.61,600
2018-08-23,27.62,27.81,27.5,27.5,26.45,37800
2018-08-24,27.67,27.9,27.67,27.81,26.75,18700
2018-08-27,27.93,27.99,27.83,27.95,26.88,6900
2018-08-28,28.09,28.09,27.86,27.86,26.8,8300
2018-08-29,27.91,28.08,27.89,28.08,27.01,6300
2018-08-30,27.98,27.98,27.85,27.85,26.79,1000
2018-08-31,27.63,27.73,27.45,27.58,26.53,7900
2018-09-04,27.57,27.57,27.4,27.51,26.46,1500
2018-09-05,27.4,27.4,27.16,27.31,26.27,10200
2018-09-06,27.37,27.37,27.15,27.3,26.26,42800
2018-09-07,26.91,27.04,26.83,26.96,25.93,4200
2018-09-10,27.29,27.35,27.29,27.29,26.25,6300
2018-09-11,27.18,27.54,27.18,27.54,26.49,1600
2018-09-12,28.0,28.06,27.91,27.96,26.89,17600
2018-09-13,28.12,28.25,27.94,28.1,27.03,6900
2018-09-14,28.02,28.03,27.89,27.93,26.87,5200
2018-09-17,28.3,28.41,28.24,28.32,27.24,2300
2018-09-18,28.57,28.67,28.53,28.66,27.57,11600
2018-09-19,28.37,28.6,28.37,28.6,27.51,6000
2018-09-20,28.69,28.79,28.62,28.79,27.69,3800
2018-09-21,28.79,28.88,28.79,28.88,27.78,1300
2018-09-24,29.11,29.14,29.08,29.08,27.97,1700
2018-09-25,29.71,29.74,29.6,29.7,28.57,7300
2018-09-26,29.49,29.64,29.49,29.6,28.47,4500
2018-09-27,29.5,29.53,29.5,29.52,28.39,2100
2018-09-28,29.22,29.29,29.08,29.22,28.11,14200
2018-10-01,29.37,29.42,29.26,29.26,28.14,1500
2018-10-02,29.47,29.55,29.39,29.46,28.34,9300
2018-10-03,29.31,29.31,29.09,29.14,28.03,4300
2018-10-04,28.83,28.95,28.53,28.59,27.5,6400
2018-10-05,28.53,28.67,28.36,28.45,27.37,12800
2018-10-08,28.06,28.42,28.06,28.3,27.22,5000
2018-10-09,28.32,28.59,28.32,28.46,27.38,14100
2018-10-10,28.49,28.49,28.13,28.13,27.06,3100
2018-10-11,27.46,27.6,27.46,27.54,26.49,1600
2018-10-12,27.87,27.87,27.66,27.69,26.63,12800
2018-10-15,27.97,28.03,27.83,27.98,26.91,6300
2018-10-16,28.17,28.32,28.17,28.31,27.23,1400
2018-10-17,28.27,28.27,28.12,28.12,27.05,5200
2018-10-18,27.53,27.54,27.22,27.22,26.18,1400
2018-10-19,27.6,27.89,27.6,27.89,26.83,4800
2018-10-22,27.29,27.3,27.22,27.25,26.21,3600
2018-10-23,26.43,26.68,26.38,26.68,25.66,17200
2018-10-24,26.6,26.6,26.22,26.22,25.22,4100
2018-10-25,26.51,26.74,26.51,26.64,25.62,2400
2018-10-26,26.15,26.57,26.08,26.38,25.37,13100
2018-10-29,26.64,26.64,26.21,26.23,25.23,4900
2018-10-30,26.26,26.3,26.15,26.3,25.3,8600
2018-10-31,26.64,26.83,26.59,26.59,25.58,16600
2018-11-01,26.85,27.12,26.82,26.82,25.8,217400
2018-11-02,27.16,27.26,26.95,26.99,25.96,11400
2018-11-05,27.25,27.3,27.12,27.28,26.24,24800
2018-11-06,26.99,27.12,26.89,27.05,26.02,10700
2018-11-07,27.38,27.42,27.22,27.29,26.25,18300
2018-11-08,27.29,27.29,26.95,26.95,25.92,53100
2018-11-09,26.51,26.77,26.51,26.77,25.75,40900
2018-11-12,26.5,26.51,26.19,26.19,25.19,109900
2018-11-13,26.2,26.35,25.88,25.88,24.89,19500
2018-11-14,25.92,25.94,25.59,25.78,24.8,37900
2018-11-15,25.66,25.98,25.65,25.87,24.88,8800
2018-11-16,26.05,26.17,25.98,26.07,25.08,31600
2018-11-19,25.65,25.74,25.61,25.74,24.76,8200
2018-11-20,24.95,24.97,24.61,24.68,23.74,22500
2018-11-21,25.32,25.32,25.24,25.31,24.35,3300
2018-11-23,24.45,24.58,24.45,24.58,23.64,3200
2018-11-26,25.03,25.11,24.87,24.98,24.03,13000
2018-11-27,25.0,25.08,24.97,25.03,24.08,5600
2018-11-28,25.11,25.32,25.11,25.3,24.34,3300
2018-11-29,25.41,25.45,25.35,25.45,24.48,2500
2018-11-30,25.22,25.27,25.12,25.2,24.24,22600
2018-12-03,25.84,26.0,25.73,25.73,24.75,38900
2018-12-04,25.93,25.93,25.45,25.59,24.61,7000
2018-12-06,24.68,24.79,24.35,24.55,23.61,5400
2018-12-07,25.14,25.17,24.76,24.85,23.9,9300
2018-12-10,24.44,24.53,24.18,24.27,23.34,15000
2018-12-11,24.62,24.62,24.24,24.4,23.47,11200
2018-12-12,24.95,24.99,24.76,24.76,23.82,33400
2018-12-13,24.55,24.7,24.55,24.7,23.76,4300
2018-12-14,24.32,24.34,24.06,24.11,23.19,10000
2018-12-17,24.06,24.08,23.83,23.89,22.98,27600
2018-12-18,23.49,23.57,23.31,23.32,22.57,19100
2018-12-19,23.74,23.86,23.43,23.45,22.69,5200
2018-12-20,23.3,23.3,23.0,23.0,22.26,2200
2018-12-21,23.04,23.13,22.65,22.83,22.09,12300
2018-12-24,22.66,22.75,22.37,22.37,21.65,16900
2018-12-26,22.33,22.99,22.2,22.98,22.24,4700
2018-12-27,22.38,22.55,22.2,22.55,21.82,6100
2018-12-28,23.09,23.09,22.86,22.89,22.15,3600
2018-12-31,23.47,23.47,22.61,23.06,22.32,6100
2019-01-02,23.0,23.27,23.0,23.17,22.42,6900
2019-01-03,23.2,23.25,23.13,23.22,22.47,2900
2019-01-04,23.8,24.13,23.8,24.13,23.35,3300
2019-01-07,24.26,24.49,24.26,24.44,23.65,2100
2019-01-08,24.47,24.5,24.42,24.49,23.7,2100
2019-01-09,24.8,25.0,24.78,24.96,24.15,2200
2019-01-10,24.78,24.93,24.78,24.93,24.13,200
2019-01-11,24.83,24.83,24.65,24.65,23.85,110900
2019-01-14,24.54,24.69,24.29,24.66,23.86,156700
2019-01-15,24.66,24.69,24.58,24.65,23.85,12400
2019-01-16,24.71,24.72,24.65,24.65,23.85,1400
2019-01-17,24.54,24.69,24.54,24.66,23.86,29900
2019-01-18,24.92,25.05,24.81,25.0,24.19,75600
2019-01-22,24.75,24.75,24.6,24.6,23.81,53000
2019-01-23,24.6,24.6,24.37,24.54,23.75,28600
2019-01-24,24.41,24.65,24.41,24.61,23.82,39700
2019-01-25,24.53,24.69,24.52,24.62,23.83,15700
2019-01-28,24.32,24.38,24.31,24.36,23.57,1400
2019-01-29,24.47,24.58,24.42,24.52,23.73,4900
2019-01-30,24.56,24.88,24.53,24.88,24.08,3600
2019-01-31,24.82,24.9,24.81,24.9,24.1,1300
2019-02-01,24.83,24.87,24.77,24.87,24.07,16100
2019-02-04,24.85,24.97,24.66,24.97,24.16,39000
2019-02-05,25.12,25.22,25.04,25.21,24.4,42000
2019-02-06,24.89,24.97,24.89,24.91,24.11,3000
2019-02-07,24.78,24.78,24.54,24.54,23.75,2500
2019-02-08,24.23,24.4,24.19,24.26,23.48,29700
2019-02-11,24.02,24.15,24.02,24.07,23.29,7600
2019-02-12,24.42,24.55,24.42,24.55,23.76,1800
2019-02-13,24.88,24.96,24.74,24.75,23.95,34500
2019-02-14,24.62,24.72,24.51,24.66,23.86,43300
2019-02-15,25.04,25.04,24.91,24.97,24.16,62700
2019-02-19,25.21,25.23,25.17,25.23,24.42,900
2019-02-20,25.03,25.2,24.96,25.1,24.29,2000
2019-02-21,25.02,25.06,25.02,25.05,24.24,2000
2019-02-22,25.24,25.27,25.24,25.26,24.44,2800
2019-02-25,25.45,25.45,25.34,25.35,24.53,1400
2019-02-26,25.4,25.49,25.37,25.44,24.62,17100
2019-02-27,25.54,25.71,25.43,25.47,24.65,3300
2019-02-28,25.36,25.37,25.29,25.29,24.47,8900
2019-03-01,25.24,25.33,25.18,25.19,24.38,79400
2019-03-04,25.08,25.08,24.96,25.01,24.2,2200
2019-03-05,25.07,25.18,25.02,25.11,24.3,38300
2019-03-06,25.13,25.21,25.1,25.13,24.32,11000
2019-03-07,25.07,25.07,24.57,24.67,23.87,24800
2019-03-08,24.51,24.66,24.51,24.62,23.83,1100
2019-03-11,24.76,24.92,24.68,24.85,24.05,35400
2019-03-12,25.02,25.06,24.98,25.05,24.24,1100
2019-03-13,25.25,25.47,25.25,25.42,24.6,34900
2019-03-14,25.65,25.68,25.56,25.66,24.83,4900
2019-03-15,25.59,25.76,25.59,25.69,24.86,11700
2019-03-18,25.89,25.92,25.86,25.86,25.03,4400
2019-03-19,26.13,26.13,25.91,25.98,25.14,4400
2019-03-20,25.87,26.08,25.82,26.05,25.21,10300
2019-03-21,26.2,26.25,26.12,26.25,25.4,1000
2019-03-22,25.56,25.56,25.37,25.39,24.57,3700
2019-03-25,25.33,25.34,25.26,25.29,24.47,5600
2019-03-26,25.41,25.45,25.34,25.34,24.52,6700
2019-03-27,24.97,25.08,24.92,25.0,24.19,173300
2019-03-28,25.06,25.06,24.99,25.06,24.25,1500
2019-03-29,25.31,25.31,24.94,25.08,24.27,4400
2019-04-01,25.28,25.43,25.28,25.41,24.59,31200
2019-04-02,25.47,25.47,25.42,25.45,24.63,9000
2019-04-03,25.67,25.89,25.67,25.71,24.88,4800
2019-04-04,25.54,25.57,25.54,25.56,24.73,900
2019-04-05,25.63,25.72,25.63,25.72,24.89,2300
2019-04-08,25.98,26.02,25.96,25.96,25.12,4600
2019-04-09,25.8,25.8,25.69,25.69,24.86,2400
2019-04-10,25.86,26.07,25.83,26.02,25.18,9700
2019-04-11,25.9,26.0,25.86,25.99,25.15,309200
2019-04-12,26.06,26.12,26.03,26.03,25.19,53300
2019-04-15,26.2,26.23,26.13,26.18,25.33,7300
2019-04-16,26.23,26.25,26.17,26.2,25.35,9800
2019-04-17,26.35,26.35,26.24,26.24,25.39,7200
2019-04-18,26.28,26.28,26.12,26.23,25.38,23000
2019-04-22,26.32,26.4,26.31,26.38,25.53,2300
2019-04-23,26.21,26.22,26.07,26.22,25.37,3600
2019-04-24,26.06,26.06,25.89,25.89,25.05,200
2019-04-25,25.72,25.72,25.61,25.67,24.84,1900
2019-04-26,25.46,25.53,25.46,25.49,24.67,10200
2019-04-29,25.44,25.6,25.44,25.56,24.73,1900
2019-04-30,25.56,25.66,25.55,25.66,24.83,6400
2019-05-01,25.59,25.63,25.32,25.32,24.5,19000
2019-05-02,25.0,25.02,24.8,24.8,24.0,10200
2019-05-03,25.17,25.28,25.17,25.25,24.43,8400
2019-05-06,24.91,25.05,24.91,25.05,24.24,22300
2019-05-07,24.77,24.77,24.56,24.6,23.81,21200
2019-05-08,24.68,24.86,24.68,24.72,23.92,2300
2019-05-09,24.42,24.53,24.29,24.53,23.74,7700
2019-05-10,24.55,25.0,24.53,24.98,24.17,19000
2019-05-13,24.58,24.58,24.43,24.46,23.67,93200
2019-05-14,24.48,24.73,24.45,24.63,23.83,9800
2019-05-15,24.5,24.85,24.47,24.8,24.0,10000
2019-05-16,25.12,25.13,25.09,25.13,24.32,1400
2019-05-17,24.95,25.02,24.89,24.89,24.09,500
2019-05-20,24.87,25.07,24.87,24.95,24.14,10200
2019-05-21,25.17,25.29,25.09,25.25,24.43,1300
2019-05-22,25.16,25.18,25.15,25.17,24.36,2000
2019-05-23,24.7,24.72,24.6,24.6,23.81,3200
2019-05-24,24.99,25.06,24.88,25.01,24.2,3500
2019-05-28,24.83,24.84,24.65,24.65,23.85,1400
2019-05-29,24.33,24.33,24.05,24.23,23.45,1600
2019-05-30,24.23,24.3,24.17,24.2,23.42,12200
2019-05-31,23.99,24.22,23.99,24.18,23.4,4800
2019-06-03,24.3,24.48,24.3,24.42,23.63,11100
2019-06-04,24.53,24.62,24.38,24.57,23.78,8300
2019-06-05,24.63,24.63,24.4,24.4,23.61,4300
2019-06-06,24.53,24.61,24.53,24.61,23.82,500
2019-06-07,24.74,24.98,24.74,24.91,24.11,5100
2019-06-10,24.93,24.95,24.82,24.84,24.04,8700
2019-06-11,25.11,25.14,24.98,24.98,24.17,3500
2019-06-12,24.83,24.83,24.49,24.51,23.72,1200
2019-06-13,24.53,24.54,24.41,24.42,23.63,197500
2019-06-14,24.44,24.48,24.42,24.44,23.65,600
2019-06-17,23.68,23.82,23.66,23.66,23.53,1200
2019-06-18,23.83,23.86,23.83,23.86,23.73,900
2019-06-19,23.9,23.99,23.9,23.97,23.84,3000
2019-06-20,24.5,24.51,24.42,24.51,24.38,10400
2019-06-21,24.56,24.67,24.52,24.64,24.51,6400
2019-06-24,24.73,24.77,24.61,24.62,24.49,4800
2019-06-25,24.45,24.45,24.27,24.27,24.14,7500
2019-06-26,24.44,24.57,24.44,24.48,24.35,4500
2019-06-27,24.55,24.55,24.44,24.44,24.31,4400
2019-06-28,24.47,24.51,24.38,24.38,24.25,8900
2019-07-01,24.92,24.92,24.65,24.67,24.53,22800
2019-07-02,24.78,24.78,24.72,24.72,24.58,400
2019-07-03,24.72,24.96,24.72,24.96,24.82,16700
2019-07-05,24.84,24.91,24.78,24.88,24.74,1700
2019-07-08,24.85,24.97,24.85,24.9,24.76,14800
2019-07-09,24.74,24.74,24.74,24.74,24.6,3400
2019-07-10,24.8,24.88,24.8,24.84,24.7,5100
2019-07-11,24.96,25.01,24.93,24.95,24.81,1900
2019-07-12,24.93,25.02,24.93,24.95,24.81,80500
2019-07-15,24.87,24.91,24.87,24.91,24.77,1000
2019-07-16,24.69,24.74,24.49,24.57,24.44,2900
2019-07-17,24.53,24.53,24.38,24.38,24.25,14200
2019-07-18,24.26,24.39,24.17,24.38,24.25,21800
2019-07-19,24.29,24.34,24.29,24.31,24.18,2000
2019-07-22,24.28,24.37,24.28,24.37,24.24,600
2019-07-23,24.35,24.35,24.35,24.35,24.22,300
2019-07-24,24.35,24.35,24.35,24.35,24.22,1000
2019-07-25,24.12,24.2,24.02,24.02,23.89,2500
2019-07-26,24.1,24.1,24.01,24.03,23.9,2800
2019-07-29,24.0,24.0,23.96,23.96,23.83,800
2019-07-30,23.52,23.56,23.47,23.51,23.38,1900
2019-07-31,23.52,23.52,23.19,23.29,23.16,5000
2019-08-01,23.49,23.55,23.14,23.14,23.01,3900
2019-08-02,23.07,23.07,22.95,23.01,22.88,2300
2019-08-05,22.58,22.58,22.36,22.39,22.27,17000
2019-08-06,22.75,22.75,22.54,22.62,22.5,3100
2019-08-07,22.26,22.42,22.18,22.42,22.3,15100
2019-08-08,22.75,22.78,22.72,22.72,22.6,2500
2019-08-09,22.74,22.79,22.67,22.72,22.6,15900
2019-08-12,22.51,22.53,22.41,22.42,22.3,23000
2019-08-13,22.45,22.87,22.43,22.84,22.72,15000
2019-08-14,22.11,22.11,21.87,21.87,21.75,105900
2019-08-15,21.89,21.89,21.72,21.79,21.67,4300
2019-08-16,21.85,22.1,21.85,22.1,21.98,800
2019-08-19,22.51,22.51,22.46,22.46,22.34,2900
2019-08-20,22.36,22.42,22.29,22.35,22.23,8300
2019-08-21,22.74,22.74,22.56,22.6,22.48,2600
2019-08-22,22.5,22.53,22.45,22.49,22.37,10500
2019-08-23,22.23,22.31,22.12,22.12,22.0,1500
2019-08-26,22.32,22.32,22.24,22.25,22.13,900
2019-08-27,22.27,22.29,22.22,22.29,22.17,700
2019-08-28,22.22,22.33,22.22,22.33,22.21,1600
2019-08-29,22.4,22.42,22.4,22.42,22.3,1700
2019-08-30,22.63,22.63,22.5,22.52,22.4,19100
2019-09-03,22.36,22.45,22.31,22.44,22.32,4000
2019-09-04,22.64,22.75,22.64,22.75,22.63,800
2019-09-05,23.3,23.34,23.19,23.22,23.09,2000
2019-09-06,23.12,23.2,23.12,23.12,22.99,4600
2019-09-09,23.27,23.28,23.23,23.27,23.14,1900
2019-09-10,23.37,23.37,23.25,23.25,23.12,600
2019-09-11,23.51,23.57,23.51,23.57,23.44,3000
2019-09-12,23.32,23.6,23.31,23.55,23.42,4600
2019-09-13,23.7,23.73,23.58,23.58,23.45,9800
2019-09-16,24.0,24.11,23.8,24.1,23.97,4000
2019-09-17,23.88,23.92,23.81,23.91,23.78,8100
2019-09-18,23.97,24.09,23.97,24.05,23.92,2300
2019-09-19,24.07,24.13,23.92,23.92,23.79,14000
2019-09-20,23.97,23.97,23.78,23.78,23.65,10000
2019-09-23,23.71,23.77,23.71,23.75,23.62,1100
2019-09-24,23.7,23.7,23.54,23.54,23.41,7600
2019-09-25,23.35,23.41,23.25,23.41,23.28,2300
2019-09-26,23.26,23.26,23.14,23.25,23.12,1400
2019-09-27,23.23,23.25,23.21,23.21,23.08,1400
2019-09-30,23.36,23.36,23.28,23.28,23.15,2000
2019-10-01,23.27,23.27,23.05,23.07,22.94,17700
2019-10-02,22.77,22.77,22.46,22.51,22.39,4500
2019-10-03,22.43,22.65,22.43,22.57,22.45,2100
2019-10-04,22.86,22.92,22.86,22.92,22.79,4300
2019-10-07,23.24,23.27,23.13,23.13,23.0,800
2019-10-08,22.82,22.87,22.76,22.77,22.65,3300
2019-10-09,22.84,22.85,22.8,22.82,22.7,1100
2019-10-10,22.91,23.07,22.91,23.07,22.94,2400
2019-10-11,23.37,23.52,23.27,23.29,23.16,349300
2019-10-14,23.04,23.04,23.0,23.01,22.88,6400
2019-10-15,23.06,23.27,22.99,23.2,23.07,10100
2019-10-16,23.03,23.19,23.03,23.19,23.06,2400
2019-10-17,23.24,23.25,23.21,23.25,23.12,1200
2019-10-18,23.32,23.4,23.32,23.4,23.27,3100
2019-10-21,23.63,23.63,23.62,23.62,23.49,700
2019-10-22,23.6,23.65,23.55,23.55,23.42,1600
2019-10-23,23.35,23.55,23.35,23.55,23.42,1900
2019-10-24,23.86,23.86,23.77,23.77,23.64,200
2019-10-25,23.56,23.64,23.56,23.64,23.51,400
2019-10-28,23.66,23.67,23.64,23.64,23.51,2300
2019-10-29,23.42,23.62,23.38,23.62,23.49,4300
2019-10-30,23.52,23.59,23.47,23.59,23.46,1000
2019-10-31,23.46,23.46,23.25,23.3,23.17,1900
2019-11-01,23.64,23.84,23.64,23.84,23.71,16800
2019-11-04,23.83,23.85,23.73,23.73,23.6,5000
2019-11-05,23.69,23.75,23.62,23.66,23.53,3600
2019-11-06,23.76,23.78,23.64,23.65,23.52,1600
2019-11-07,24.08,24.12,24.03,24.03,23.9,1800
2019-11-08,23.95,24.03,23.93,24.02,23.89,2100
2019-11-11,23.89,24.0,23.89,23.99,23.86,5100
2019-11-12,23.9,23.92,23.84,23.84,23.71,1500
2019-11-13,23.6,23.78,23.6,23.71,23.58,107900
2019-11-14,23.6,23.65,23.6,23.65,23.52,3200
2019-11-15,23.78,23.84,23.75,23.78,23.65,3700
2019-11-18,23.62,23.77,23.62,23.72,23.59,8700
2019-11-19,23.65,23.67,23.58,23.62,23.49,4300
2019-11-20,23.5,23.64,23.49,23.57,23.44,14200
2019-11-21,23.52,23.61,23.52,23.61,23.48,1600
2019-11-22,23.8,23.8,23.74,23.75,23.62,3500
2019-11-25,23.79,23.83,23.79,23.83,23.7,2000
2019-11-26,23.79,23.86,23.78,23.8,23.67,13600
2019-11-27,23.74,23.85,23.74,23.85,23.72,700
2019-11-29,23.51,23.52,23.38,23.38,23.25,8400
2019-12-02,23.41,23.42,23.18,23.18,23.05,84300
2019-12-03,23.07,23.08,23.03,23.08,22.95,2700
2019-12-04,23.35,23.47,23.35,23.47,23.34,21200
2019-12-05,23.45,23.48,23.42,23.46,23.33,6300
2019-12-06,23.7,23.78,23.7,23.73,23.6,7200
2019-12-09,23.74,23.74,23.66,23.7,23.57,3500
2019-12-10,23.61,23.64,23.5,23.58,23.45,7400
2019-12-11,23.55,23.65,23.55,23.65,23.52,3600
2019-12-12,23.83,23.91,23.74,23.91,23.78,11800
2019-12-13,24.05,24.12,23.96,24.12,23.99,21000
2019-12-16,24.16,24.26,24.16,24.19,24.19,2800
2019-12-17,24.05,24.1,24.01,24.01,24.01,7300
2019-12-18,24.15,24.21,24.11,24.15,24.15,12400
2019-12-19,24.31,24.48,24.31,24.45,24.45,2900
2019-12-20,24.57,24.68,24.57,24.64,24.64,2200
2019-12-23,24.84,24.84,24.84,24.84,24.84,1400
2019-12-24,24.86,24.91,24.86,24.89,24.89,2900
2019-12-26,24.91,25.07,24.91,25.05,25.05,2800
2019-12-27,25.09,25.16,25.09,25.15,25.15,1700
2019-12-30,25.2,25.23,25.02,25.02,25.02,9600
2019-12-31,25.1,25.17,25.03,25.16,25.16,15900
2020-01-02,25.37,25.48,25.37,25.48,25.48,2200
2020-01-03,25.38,25.42,25.35,25.35,25.35,1100
2020-01-06,25.31,25.41,25.23,25.41,25.41,9700
2020-01-07,25.16,25.17,25.06,25.11,25.11,3900
2020-01-08,25.12,25.19,25.12,25.14,25.14,900
2020-01-09,25.07,25.09,25.01,25.06,25.06,7100
2020-01-10,25.08,25.08,24.99,24.99,24.99,3000
2020-01-13,25.05,25.15,25.05,25.15,25.15,2000
2020-01-14,24.99,25.12,24.99,25.06,25.06,20000
2020-01-15,25.12,25.12,25.04,25.05,25.05,2000
2020-01-16,25.0,25.03,25.0,25.02,25.02,1500
2020-01-17,25.2,25.24,25.15,25.24,25.24,22600
2020-01-21,24.98,24.98,24.84,24.84,24.84,2000
2020-01-22,24.88,24.88,24.83,24.83,24.83,5500
2020-01-23,24.49,24.57,24.39,24.54,24.54,1900
2020-01-24,24.55,24.56,24.42,24.42,24.42,2800
2020-01-27,23.88,23.92,23.79,23.83,23.83,1600
2020-01-28,23.97,24.04,23.97,23.98,23.98,2000
2020-01-29,23.97,24.11,23.85,23.85,23.85,3000
2020-01-30,23.51,23.69,23.46,23.69,23.69,3900
2020-01-31,23.47,23.47,23.3,23.35,23.35,13500
2020-02-03,23.36,23.4,23.19,23.22,23.22,42400
2020-02-04,23.46,23.53,23.44,23.48,23.48,6800
2020-02-05,23.93,23.93,23.84,23.91,23.91,2000
2020-02-06,23.93,23.95,23.91,23.94,23.94,1600
2020-02-07,23.44,23.63,23.37,23.41,23.41,3900
2020-02-10,23.19,23.27,23.14,23.27,23.27,3700
2020-02-11,23.66,23.67,23.6,23.61,23.61,4400
2020-02-12,23.8,23.86,23.8,23.86,23.86,2300
2020-02-13,23.45,23.7,23.45,23.7,23.7,239900
2020-02-14,23.71,23.71,23.59,23.68,23.68,11600
