Date,pe
2013-10-01,22.3754
2013-10-02,22.4058
2013-10-03,22.3252
2013-10-04,22.353
2013-10-07,22.3983
2013-10-08,22.4427
2013-10-09,22.3439
2013-10-10,22.543
2013-10-11,22.6735
2013-10-14,22.7178
2013-10-15,22.7166
2013-10-16,22.8328
2013-10-17,22.9195
2013-10-18,23.0024
2013-10-21,22.9234
2013-10-22,22.8828
2013-10-23,22.7861
2013-10-24,22.841
2013-10-25,22.811
2013-10-28,22.6513
2013-10-29,22.6863
2013-10-30,22.5703
2013-10-31,22.3587
2013-11-01,22.272100000000002
2013-11-04,22.3381
2013-11-05,21.9343
2013-11-06,21.9577
2013-11-07,21.4338
2013-11-08,20.9749
2013-11-11,21.1156
2013-11-12,20.5245
2013-11-13,20.8558
2013-11-14,21.0742
2013-11-15,21.1327
2013-11-18,21.176
2013-11-19,21.1233
2013-11-20,21.0689
2013-11-21,20.9222
2013-11-22,20.9239
2013-11-25,20.7299
2013-11-26,20.6661
2013-11-27,17.9319
2013-11-28,17.9944
2013-11-29,18.0096
2013-12-02,17.9626
2013-12-03,17.9075
2013-12-04,17.5467
2013-12-05,16.8441
2013-12-06,16.8573
2013-12-09,16.9318
2013-12-10,17.0096
2013-12-11,17.0748
2013-12-12,17.1851
2013-12-13,17.1607
2013-12-16,16.874
2013-12-17,16.8889
2013-12-18,16.6757
2013-12-19,16.7614
2013-12-20,17.0237
2013-12-23,16.9793
2013-12-24,17.072
2013-12-25,17.0657
2013-12-26,16.9669
2013-12-27,16.954
2013-12-30,16.9798
2013-12-31,15.8828
2014-01-01,15.8828
2014-01-02,15.8893
2014-01-03,15.8193
2014-01-06,15.7799
2014-01-07,15.7472
2014-01-08,15.5721
2014-01-09,15.4608
2014-01-10,15.4354
2014-01-13,15.3745
2014-01-14,15.3594
2014-01-15,15.37
2014-01-16,15.249
2014-01-17,15.1534
2014-01-20,15.1317
2014-01-21,14.9732
2014-01-22,15.0262
2014-01-23,14.6938
2014-01-24,14.446
2014-01-27,14.2614
2014-01-28,14.2072
2014-01-29,14.0602
2014-01-30,14.1146
2014-01-31,13.9999
2014-02-03,13.7069
2014-02-04,13.7426
2014-02-05,13.8547
2014-02-06,14.0644
2014-02-07,14.1021
2014-02-10,13.9738
2014-02-11,14.1543
2014-02-12,14.3847
2014-02-13,14.4272
2014-02-14,14.5587
2014-02-17,14.5583
2014-02-18,14.4959
2014-02-19,14.4926
2014-02-20,14.2167
2014-02-21,14.2366
2014-02-24,14.3746
2014-02-25,14.0688
2014-02-26,13.9053
2014-02-27,13.9478
2014-02-28,14.3113
2014-03-03,14.1414
2014-03-04,14.4594
2014-03-05,14.6801
2014-03-06,15.0286
2014-03-07,14.8248
2014-03-10,14.7367
2014-03-11,14.8635
2014-03-12,14.836
2014-03-13,14.9608
2014-03-14,14.9285
2014-03-17,15.0287
2014-03-18,15.045
2014-03-19,15.1816
2014-03-20,15.4253
2014-03-21,15.5018
2014-03-24,15.4559
2014-03-25,15.8878
2014-03-26,15.9562
2014-03-27,16.2192
2014-03-28,16.3159
2014-03-31,15.8005
2014-04-01,15.8713
2014-04-02,16.07
2014-04-03,16.0838
2014-04-04,16.1528
2014-04-07,16.0671
2014-04-08,16.0916
2014-04-09,15.9597
2014-04-10,16.1446
2014-04-11,16.1324
2014-04-14,16.2224
2014-04-15,16.0176
2014-04-16,16.0884
2014-04-17,16.1648
2014-04-18,16.1648
2014-04-21,16.0937
2014-04-22,15.9471
2014-04-23,15.7953
2014-04-24,15.6001
2014-04-25,15.5932
2014-04-28,15.5647
2014-04-29,15.7609
2014-04-30,15.8873
2014-05-01,15.8499
2014-05-02,15.8033
2014-05-05,15.7154
2014-05-06,15.7772
2014-05-07,15.9149
2014-05-08,16.056
2014-05-09,16.0078
2014-05-12,16.1415
2014-05-13,16.0434
2014-05-14,16.0135
2014-05-15,15.8545
2014-05-16,15.9598
2014-05-19,15.9566
2014-05-20,15.7548
2014-05-21,16.0133
2014-05-22,16.0422
2014-05-23,16.0696
2014-05-26,16.0123
2014-05-27,16.0966
2014-05-28,16.1506
2014-05-29,16.2409
2014-05-30,16.2278
2014-06-02,16.4989
2014-06-03,16.5935
2014-06-04,16.5927
2014-06-05,16.7765
2014-06-06,16.7796
2014-06-09,16.8925
2014-06-10,17.1433
2014-06-11,17.2658
2014-06-12,17.2902
2014-06-13,17.3704
2014-06-16,17.4189
2014-06-17,17.0794
2014-06-18,17.1387
2014-06-19,17.3194
2014-06-20,17.3091
2014-06-23,17.2902
2014-06-24,17.2568
2014-06-25,17.236
2014-06-26,17.1422
2014-06-27,17.087
2014-06-30,14.6426
2014-07-01,14.7444
2014-07-02,14.8403
2014-07-03,14.8701
2014-07-04,14.9575
2014-07-07,14.864
2014-07-08,14.7707
2014-07-09,14.7023
2014-07-10,14.5657
2014-07-11,14.7066
2014-07-14,14.5899
2014-07-15,14.4734
2014-07-16,14.5946
2014-07-17,14.6238
2014-07-18,14.6057
2014-07-21,14.6401
2014-07-22,14.8836
2014-07-23,14.8626
2014-07-24,14.8567
2014-07-25,14.8808
2014-07-28,15.0078
2014-07-29,14.9086
2014-07-30,14.7459
2014-07-31,14.7031
2014-08-01,14.7982
2014-08-04,14.8612
2014-08-05,14.8192
2014-08-06,14.7644
2014-08-07,14.7713
2014-08-08,14.7186
2014-08-11,14.9446
2014-08-12,14.8176
2014-08-13,14.8116
2014-08-14,14.7691
2014-08-15,14.6844
2014-08-18,14.6942
2014-08-19,14.7434
2014-08-20,14.7276
2014-08-21,14.7023
2014-08-22,14.5913
2014-08-25,14.5853
2014-08-26,14.6741
2014-08-27,14.8085
2014-08-28,14.7604
2014-08-29,14.9587
2014-09-01,15.2604
2014-09-02,15.1436
2014-09-03,15.1796
2014-09-04,15.0544
2014-09-05,14.9848
2014-09-08,14.8783
2014-09-09,14.6166
2014-09-10,14.5445
2014-09-11,14.4156
2014-09-12,14.339
2014-09-15,14.3759
2014-09-16,14.4134
2014-09-17,14.4465
2014-09-18,14.466
2014-09-19,14.4607
2014-09-22,14.1544
2014-09-23,13.8921
2014-09-24,13.7829
2014-09-25,13.5342
2014-09-26,13.5441
2014-09-29,13.5981
2014-09-30,14.0943
2014-10-01,13.8804
2014-10-02,13.7893
2014-10-03,13.9053
2014-10-06,13.9803
2014-10-07,13.8399
2014-10-08,13.6527
2014-10-09,13.5576
2014-10-10,13.2235
2014-10-13,13.2605
2014-10-14,13.1272
2014-10-15,13.0013
2014-10-16,13.0763
2014-10-17,13.2397
2014-10-20,13.2856
2014-10-21,13.5784
2014-10-22,13.3138
2014-10-23,13.4044
2014-10-24,13.3223
2014-10-27,13.1747
2014-10-28,13.2901
2014-10-29,13.3645
2014-10-30,13.3822
2014-10-31,13.3702
2014-11-03,13.3654
2014-11-04,13.1694
2014-11-05,13.1834
2014-11-06,13.13
2014-11-07,13.0434
2014-11-10,13.0541
2014-11-11,12.9644
2014-11-12,12.9679
2014-11-13,12.7146
2014-11-14,12.5413
2014-11-17,12.4969
2014-11-18,12.4458
2014-11-19,12.4015
2014-11-20,12.4604
2014-11-21,12.6298
2014-11-24,12.4302
2014-11-25,12.2165
2014-11-26,11.7119
2014-11-27,11.5491
2014-11-28,11.0475
2014-12-01,10.6741
2014-12-02,10.4678
2014-12-03,10.6494
2014-12-04,10.4216
2014-12-05,10.3885
2014-12-08,10.1626
2014-12-09,9.972
2014-12-10,9.4846
2014-12-11,9.1345
2014-12-12,9.0818
2014-12-15,8.7876
2014-12-16,8.8324
2014-12-17,9.353
2014-12-18,9.7364
2014-12-19,10.0864
2014-12-22,10.3042
2014-12-23,10.3169
2014-12-24,10.2589
2014-12-25,10.2589
2014-12-26,10.1283
2014-12-29,9.9904
2014-12-30,9.9987
2014-12-31,12.4792
2015-01-01,12.4792
2015-01-02,12.2842
2015-01-05,11.4839
2015-01-06,11.3494
2015-01-07,11.5008
2015-01-08,11.7665
2015-01-09,11.6639
2015-01-12,11.5871
2015-01-13,11.4446
2015-01-14,11.2759
2015-01-15,11.3402
2015-01-16,11.4936
2015-01-19,11.5176
2015-01-20,11.4555
2015-01-21,11.6274
2015-01-22,11.778
2015-01-23,11.7522
2015-01-26,11.8373
2015-01-27,11.8599
2015-01-28,11.8113
2015-01-29,11.5788
2015-01-30,11.355
2015-02-02,11.7002
2015-02-03,12.201
2015-02-04,11.998
2015-02-05,12.0837
2015-02-06,12.0458
2015-02-09,12.0049
2015-02-10,11.705400000000001
2015-02-11,11.3546
2015-02-12,11.4659
2015-02-13,11.7167
2015-02-16,11.6887
2015-02-17,11.5185
2015-02-18,11.4641
2015-02-19,11.2876
2015-02-20,11.14
2015-02-23,11.0277
2015-02-24,10.964
2015-02-25,10.9592
2015-02-26,10.9309
2015-02-27,10.9227
2015-03-02,11.9273
2015-03-03,11.628
2015-03-04,11.6351
2015-03-05,11.6373
2015-03-06,11.3086
2015-03-09,11.0256
2015-03-10,10.7449
2015-03-11,10.6741
2015-03-12,10.9341
2015-03-13,10.8059
2015-03-16,10.7243
2015-03-17,10.7971
2015-03-18,11.0362
2015-03-19,11.1529
2015-03-20,11.2682
2015-03-23,11.4022
2015-03-24,11.4935
2015-03-25,11.5261
2015-03-26,11.4497
2015-03-27,11.3706
2015-03-30,11.373
2015-03-31,20.308
2015-04-01,20.8327
2015-04-02,20.8213
2015-04-03,20.8213
2015-04-06,21.5166
2015-04-07,21.6836
2015-04-08,21.6645
2015-04-09,21.6331
2015-04-10,21.4755
2015-04-13,21.4209
2015-04-14,21.3944
2015-04-15,21.5826
2015-04-16,22.1683
2015-04-17,22.1382
2015-04-20,22.003
2015-04-21,21.984
2015-04-22,21.9796
2015-04-23,22.3549
2015-04-24,22.6675
2015-04-27,23.307
2015-04-28,23.9143
2015-04-29,23.9237
2015-04-30,23.6592
2015-05-01,23.7798
2015-05-04,23.6812
2015-05-05,24.2294
2015-05-06,24.617
2015-05-07,24.0166
2015-05-08,23.9563
2015-05-11,23.7684
2015-05-12,23.6253
2015-05-13,23.6795
2015-05-14,23.5866
2015-05-15,23.1252
2015-05-18,22.9834
2015-05-19,22.5461
2015-05-20,22.4222
2015-05-21,22.478
2015-05-22,22.3317
2015-05-25,22.209
2015-05-26,21.6894
2015-05-27,21.2068
2015-05-28,21.0984
2015-05-29,21.1921
2015-06-01,17.9076
2015-06-02,17.9808
2015-06-03,17.8736
2015-06-04,17.6532
2015-06-05,17.5009
2015-06-08,17.5446
2015-06-09,17.8201
2015-06-10,18.213
2015-06-11,18.1214
2015-06-12,18.1731
2015-06-15,18.179
2015-06-16,18.0645
2015-06-17,17.8989
2015-06-18,18.0978
2015-06-19,17.7198
2015-06-22,17.8354
2015-06-23,17.9909
2015-06-24,17.8135
2015-06-25,17.7532
2015-06-26,17.5737
2015-06-29,17.521
2015-06-30,34.1418
2015-07-01,34.0495
2015-07-02,34.3636
2015-07-03,33.8986
2015-07-06,33.5509
2015-07-07,33.1483
2015-07-08,32.8808
2015-07-09,32.5831
2015-07-10,32.9398
2015-07-13,32.7806
2015-07-14,33.2902
2015-07-15,33.0324
2015-07-16,32.9891
2015-07-17,32.2717
2015-07-20,32.0029
2015-07-21,31.9007
2015-07-22,31.6641
2015-07-23,31.6462
2015-07-24,30.6401
2015-07-27,30.5276
2015-07-28,30.5797
2015-07-29,31.2258
2015-07-30,31.1414
2015-07-31,31.09
2015-08-03,30.3109
2015-08-04,30.16
2015-08-05,29.4817
2015-08-06,29.5304
2015-08-07,29.6764
2015-08-10,29.9261
2015-08-11,29.2416
2015-08-12,29.5688
2015-08-13,29.0557
2015-08-14,28.8658
2015-08-17,28.802
2015-08-18,28.522100000000002
2015-08-19,27.7992
2015-08-20,27.2759
2015-08-21,26.2183
2015-08-24,24.4036
2015-08-25,24.6429
2015-08-26,24.394
2015-08-27,25.6367
2015-08-28,26.9899
2015-08-31,27.4817
2015-09-01,31.2825
2015-09-02,30.9378
2015-09-03,31.7419
2015-09-04,31.6633
2015-09-07,31.507
2015-09-08,31.487
2015-09-09,31.4701
2015-09-10,32.255
2015-09-11,32.6991
2015-09-14,32.5845
2015-09-15,32.655
2015-09-16,33.4848
2015-09-17,33.8528
2015-09-18,33.4351
2015-09-21,32.8964
2015-09-22,31.5567
2015-09-23,31.0573
2015-09-24,30.7991
2015-09-25,31.2577
2015-09-28,30.8873
2015-09-29,30.3966
2015-09-30,30.3966
2015-10-01,30.3966
2015-10-02,30.3966
2015-10-05,30.3966
2015-10-06,30.3966
2015-10-07,30.3966
2015-10-08,30.3966
2015-10-09,30.3966
2015-10-12,30.3966
2015-10-13,30.3966
2015-10-14,30.3966
2015-10-15,30.3966
2015-10-16,30.3966
2015-10-19,30.3966
2015-10-20,30.3966
2015-10-21,30.3966
2015-10-22,30.3966
2015-10-23,30.3966
2015-10-26,30.3966
2015-10-27,30.3966
2015-10-28,30.3966
2015-10-29,30.3966
2015-10-30,30.3966
2015-11-02,30.3966
2015-11-03,30.3966
2015-11-04,30.3966
2015-11-05,30.3966
2015-11-06,30.3966
2015-11-09,30.3966
2015-11-10,30.3966
2015-11-11,30.3966
2015-11-12,30.3966
2015-11-13,30.3966
2015-11-16,30.3966
2015-11-17,30.3966
2015-11-18,30.3966
2015-11-19,30.3966
2015-11-20,30.3966
2015-11-23,30.3966
2015-11-24,30.3966
2015-11-25,30.3966
2015-11-26,30.3966
2015-11-27,30.3966
2015-11-30,30.3966
2015-12-01,30.3966
2015-12-02,30.3966
2015-12-03,30.3966
2015-12-04,30.3966
2015-12-07,30.3966
2015-12-08,30.3966
2015-12-09,30.3966
2015-12-10,30.3966
2015-12-11,30.3966
2015-12-14,30.3966
2015-12-15,30.3966
2015-12-16,30.3966
2015-12-17,30.3966
2015-12-18,30.3966
2015-12-21,30.3966
2015-12-22,30.3966
2015-12-23,30.3966
2015-12-24,30.3966
2015-12-25,30.3966
2015-12-28,30.3966
2015-12-29,30.3966
2015-12-30,30.3966
2015-12-31,30.3966
2016-01-01,30.3966
2016-01-04,30.3966
2016-01-05,30.3966
2016-01-06,30.3966
2016-01-07,30.3966
2016-01-08,30.3966
2016-01-11,30.3966
2016-01-12,30.3966
2016-01-13,30.3966
2016-01-14,30.3966
2016-01-15,30.3966
2016-01-18,30.3966
2016-01-19,30.3966
2016-01-20,30.3966
2016-01-21,30.3966
2016-01-22,30.3966
2016-01-25,30.3966
2016-01-26,30.3966
2016-01-27,30.3966
2016-01-28,30.3966
2016-01-29,30.3966
2016-02-01,30.3966
2016-02-02,30.3966
2016-02-03,30.3966
2016-02-04,30.3966
2016-02-05,30.3966
2016-02-08,30.3966
2016-02-09,30.3966
2016-02-10,30.3966
2016-02-11,30.3966
2016-02-12,30.3966
2016-02-15,30.3966
2016-02-16,30.3966
2016-02-17,30.3966
2016-02-18,30.3966
2016-02-19,30.3966
2016-02-22,30.3966
2016-02-23,30.3966
2016-02-24,30.3966
2016-02-25,30.3966
2016-02-26,30.3966
2016-02-29,30.3966
2016-03-01,30.3966
2016-03-02,30.3966
2016-03-03,30.3966
2016-03-04,30.3966
2016-03-07,30.3966
2016-03-08,30.3966
2016-03-09,30.3966
2016-03-10,30.3966
2016-03-11,30.3966
2016-03-14,30.3966
2016-03-15,30.3966
2016-03-16,30.3966
2016-03-17,30.3966
2016-03-18,30.3966
2016-03-21,30.3966
2016-03-22,30.3966
2016-03-23,30.3966
2016-03-24,30.3966
2016-03-25,30.3966
2016-03-28,30.3966
2016-03-29,30.3966
2016-03-30,30.3966
2016-03-31,30.3966
2016-04-01,30.3966
2016-04-04,30.3966
2016-04-05,30.3966
2016-04-06,30.3966
2016-04-07,30.3966
2016-04-08,30.3966
2016-04-11,30.3966
2016-04-12,30.3966
2016-04-13,30.3966
2016-04-14,30.3966
2016-04-15,30.3966
2016-04-18,30.3966
2016-04-19,30.3966
2016-04-20,30.3966
2016-04-21,30.3966
2016-04-22,30.3966
2016-04-25,30.3966
2016-04-26,30.3966
2016-04-27,30.3966
2016-04-28,29.3583
2016-04-29,29.347
2016-05-02,29.4585
2016-05-03,28.398
2016-05-04,27.8701
2016-05-05,27.3588
2016-05-06,27.2103
2016-05-09,27.3296
2016-05-10,27.7561
2016-05-11,28.1049
2016-05-12,28.6752
2016-05-13,28.083
2016-05-16,27.8675
2016-05-17,27.6447
2016-05-18,27.2176
2016-05-19,26.758
2016-05-20,26.9483
2016-05-23,25.6045
2016-05-24,25.539
2016-05-25,25.3044
2016-05-26,25.3012
2016-05-27,25.2666
2016-05-30,25.2729
2016-05-31,24.9286
2016-06-01,26.4483
2016-06-02,26.451
2016-06-03,27.4877
2016-06-06,27.654
2016-06-07,28.4572
2016-06-08,29.2321
2016-06-09,28.9897
2016-06-10,27.6771
2016-06-13,27.4891
2016-06-14,27.0202
2016-06-15,27.1675
2016-06-16,26.8001
2016-06-17,26.9265
2016-06-20,27.5134
2016-06-21,27.5101
2016-06-22,27.8192
2016-06-23,28.2862
2016-06-24,27.3863
2016-06-27,26.5912
2016-06-28,26.7909
2016-06-29,27.793
2016-06-30,34.0685
2016-07-01,34.0162
2016-07-04,33.9118
2016-07-05,33.334
2016-07-06,33.06
2016-07-07,33.2512
2016-07-08,33.1926
2016-07-11,33.7904
2016-07-12,34.2894
2016-07-13,34.0339
2016-07-14,34.4285
2016-07-15,34.6077
2016-07-18,34.5522
2016-07-19,34.4638
2016-07-20,34.5313
2016-07-21,34.4132
2016-07-22,34.2927
2016-07-25,33.3557
2016-07-26,32.3304
2016-07-27,32.4011
2016-07-28,32.2685
2016-07-29,32.1865
2016-08-01,32.0395
2016-08-02,32.1841
2016-08-03,31.5801
2016-08-04,32.331
2016-08-05,32.667
2016-08-08,33.5459
2016-08-09,33.7534
2016-08-10,33.9437
2016-08-11,34.55
2016-08-12,34.4111
2016-08-15,34.1983
2016-08-16,34.7299
2016-08-17,34.9917
2016-08-18,35.4631
2016-08-19,35.83
2016-08-22,35.3579
2016-08-23,35.3547
2016-08-24,35.1025
2016-08-25,35.6277
2016-08-26,36.1561
2016-08-29,35.5755
2016-08-30,35.4703
2016-08-31,35.2382
2016-09-01,29.1674
2016-09-02,29.5712
2016-09-05,29.918
2016-09-06,30.4982
2016-09-07,31.2709
2016-09-08,31.1569
2016-09-09,30.2574
2016-09-12,29.7436
2016-09-13,28.8763
2016-09-14,28.9125
2016-09-15,29.4813
2016-09-16,28.8206
2016-09-19,29.1238
2016-09-20,29.0688
2016-09-21,29.156
2016-09-22,29.7805
2016-09-23,29.0286
2016-09-26,28.9031
2016-09-27,28.4182
2016-09-28,29.0708
2016-09-29,29.2117
2016-09-30,25.6665
2016-10-03,25.1154
2016-10-04,24.9
2016-10-05,24.6736
2016-10-06,25.0556
2016-10-07,25.4235
2016-10-10,25.3202
2016-10-11,25.5333
2016-10-12,25.4429
2016-10-13,25.2657
2016-10-14,25.4951
2016-10-17,25.397100000000002
2016-10-18,25.6125
2016-10-19,25.7375
2016-10-20,25.4804
2016-10-21,25.3437
2016-10-24,25.4669
2016-10-25,25.2445
2016-10-26,25.1641
2016-10-27,25.0397
2016-10-28,25.2099
2016-10-31,24.8995
2016-11-01,24.8449
2016-11-02,24.4341
2016-11-03,24.2816
2016-11-04,24.1366
2016-11-07,24.2
2016-11-08,24.9118
2016-11-09,24.7217
2016-11-10,23.2758
2016-11-11,23.1332
2016-11-14,23.1003
2016-11-15,23.193
2016-11-16,23.095
2016-11-17,23.105
2016-11-18,22.953
2016-11-21,23.23
2016-11-22,23.1713
2016-11-23,22.8503
2016-11-24,23.0252
2016-11-25,22.8157
2016-11-28,22.9307
2016-11-29,22.4354
2016-11-30,23.4365
2016-12-01,18.6507
2016-12-02,18.8031
2016-12-05,19.0018
2016-12-06,19.2307
2016-12-07,19.3832
2016-12-08,19.303
2016-12-09,19.486
2016-12-12,19.5481
2016-12-13,19.7348
2016-12-14,19.7543
2016-12-15,19.7014
2016-12-16,19.7019
2016-12-19,19.4934
2016-12-20,19.764499999999998
2016-12-21,19.6556
2016-12-22,19.7065
2016-12-23,19.5388
2016-12-26,19.6658
2016-12-27,19.6171
2016-12-28,19.6899
2016-12-29,19.8386
2016-12-30,19.8182
2017-01-02,12.8238
2017-01-03,12.9962
2017-01-04,13.2041
2017-01-05,13.3413
2017-01-06,13.3855
2017-01-09,13.3527
2017-01-10,13.2417
2017-01-11,13.0976
2017-01-12,13.3299
2017-01-13,13.2905
2017-01-16,13.2083
2017-01-17,13.2754
2017-01-18,13.2345
2017-01-19,13.2017
2017-01-20,13.2583
2017-01-23,13.2956
2017-01-24,13.3052
2017-01-25,13.3398
2017-01-26,13.3804
2017-01-27,13.421
2017-01-30,13.2562
2017-01-31,13.2968
2017-02-01,13.2986
2017-02-02,13.5281
2017-02-03,13.6801
2017-02-06,13.6178
2017-02-07,13.5248
2017-02-08,13.372
2017-02-09,13.4436
2017-02-10,13.498
2017-02-13,13.4469
2017-02-14,13.2417
2017-02-15,13.3172
2017-02-16,13.44
2017-02-17,13.3058
2017-02-20,13.3705
2017-02-21,13.2646
2017-02-22,13.2682
2017-02-23,13.4316
2017-02-24,13.2926
2017-02-27,13.2465
2017-02-28,13.0766
2017-03-01,13.0572
2017-03-02,12.7906
2017-03-03,12.7123
2017-03-06,12.8471
2017-03-07,13.0575
2017-03-08,12.919
2017-03-09,12.9062
2017-03-10,13.0112
2017-03-13,13.0511
2017-03-14,12.8218
2017-03-15,13.0106
2017-03-16,13.3334
2017-03-17,13.3239
2017-03-20,13.3175
2017-03-21,13.411
2017-03-22,13.3833
2017-03-23,13.5401
2017-03-24,13.5995
2017-03-27,13.5316
2017-03-28,13.631499999999999
2017-03-29,13.7566
2017-03-30,13.8257
2017-03-31,13.2073
2017-04-03,13.354800000000001
2017-04-04,13.3264
2017-04-05,13.4252
2017-04-06,13.4235
2017-04-07,13.4279
2017-04-10,13.413499999999999
2017-04-11,13.378
2017-04-12,13.4155
2017-04-13,13.4164
2017-04-14,13.4164
2017-04-17,13.4689
2017-04-18,13.4782
2017-04-19,13.3522
2017-04-20,13.2381
2017-04-21,13.2375
2017-04-24,13.2556
2017-04-25,13.1809
2017-04-26,13.0986
2017-04-27,12.8985
2017-04-28,12.9696
2017-05-01,13.0175
2017-05-02,13.0528
2017-05-03,13.0881
2017-05-04,12.9892
2017-05-05,13.082
2017-05-08,13.2337
2017-05-09,13.2643
2017-05-10,13.3752
2017-05-11,13.4394
2017-05-12,13.711
2017-05-15,14.0078
2017-05-16,13.9914
2017-05-17,13.8269
2017-05-18,13.5281
2017-05-19,13.7776
2017-05-22,13.7951
2017-05-23,13.7933
2017-05-24,13.7869
2017-05-25,13.749
2017-05-26,13.7656
2017-05-29,13.7808
2017-05-30,13.7218
2017-05-31,13.6512
2017-06-01,13.8076
2017-06-02,13.7703
2017-06-05,13.8196
2017-06-06,13.9232
2017-06-07,13.8336
2017-06-08,13.7417
2017-06-09,13.7744
2017-06-12,13.7329
2017-06-13,13.7356
2017-06-14,13.8421
2017-06-15,13.704
2017-06-16,13.6688
2017-06-19,13.5766
2017-06-20,13.2483
2017-06-21,13.0187
2017-06-22,13.0596
2017-06-23,13.2335
2017-06-26,13.1405
2017-06-27,13.1639
2017-06-28,13.2419
2017-06-29,13.2903
2017-06-30,13.9229
2017-07-03,13.9824
2017-07-04,14.0986
2017-07-05,14.0769
2017-07-06,13.9726
2017-07-07,13.8988
2017-07-10,13.994
2017-07-11,14.0641
2017-07-12,14.2246
2017-07-13,14.2508
2017-07-14,14.3286
2017-07-17,14.3015
2017-07-18,14.3128
2017-07-19,14.2121
2017-07-20,14.2688
2017-07-21,14.2228
2017-07-24,14.1968
2017-07-25,14.1865
2017-07-26,14.1627
2017-07-27,14.3405
2017-07-28,14.4449
2017-07-31,14.3436
2017-08-01,14.4787
2017-08-02,14.5181
2017-08-03,14.5401
2017-08-04,14.4336
2017-08-07,14.4095
2017-08-08,14.2588
2017-08-09,14.163
2017-08-10,14.1959
2017-08-11,14.2533
2017-08-14,14.3177
2017-08-15,14.1599
2017-08-16,14.4
2017-08-17,14.3402
2017-08-18,14.2939
2017-08-21,14.3558
2017-08-22,14.4125
2017-08-23,14.4104
2017-08-24,14.4412
2017-08-25,14.635
2017-08-28,14.6401
2017-08-29,14.6594
2017-08-30,14.5962
2017-08-31,14.6697
2017-09-01,15.0368
2017-09-04,15.1249
2017-09-05,15.2004
2017-09-06,15.2236
2017-09-07,15.2533
2017-09-08,15.1812
2017-09-11,15.236
2017-09-12,15.081
2017-09-13,15.1351
2017-09-14,15.1589
2017-09-15,15.2171
2017-09-18,15.1868
2017-09-19,15.1518
2017-09-20,15.1503
2017-09-21,15.0055
2017-09-22,15.1187
2017-09-25,14.9344
2017-09-26,14.888
2017-09-27,14.8716
2017-09-28,14.8905
2017-09-29,14.9066
2017-10-02,15.535
2017-10-03,15.5334
2017-10-04,15.5437
2017-10-05,15.7079
2017-10-06,15.6032
2017-10-09,15.4949
2017-10-10,15.5602
2017-10-11,15.4843
2017-10-12,15.4875
2017-10-13,15.6006
2017-10-16,15.6155
2017-10-17,15.5069
2017-10-18,15.5298
2017-10-19,15.5091
2017-10-20,15.4235
2017-10-23,15.3363
2017-10-24,15.174
2017-10-25,15.1905
2017-10-26,15.092
2017-10-27,14.7966
2017-10-30,14.7417
2017-10-31,14.4909
2017-11-01,14.6535
2017-11-02,14.4602
2017-11-03,14.3461
2017-11-06,14.4722
2017-11-07,14.5943
2017-11-08,14.6887
2017-11-09,14.7527
2017-11-10,14.7242
2017-11-13,14.6774
2017-11-14,14.5736
2017-11-15,14.5723
2017-11-16,14.7013
2017-11-17,14.8477
2017-11-20,14.7682
2017-11-21,14.8716
2017-11-22,14.963
2017-11-23,14.9808
2017-11-24,14.9634
2017-11-27,14.8512
2017-11-28,14.7985
2017-11-29,14.7985
2017-11-30,14.7323
2017-12-01,14.7892
2017-12-04,14.8124
2017-12-05,16.4383
2017-12-06,16.3851
2017-12-07,16.3729
2017-12-08,16.3948
2017-12-11,16.5907
2017-12-12,16.4893
2017-12-13,16.6173
2017-12-14,16.7104
2017-12-15,16.6407
2017-12-18,16.9635
2017-12-19,16.893
2017-12-20,17.0533
2017-12-21,17.0713
2017-12-22,17.1533
2017-12-25,17.1533
2017-12-26,17.147100000000002
2017-12-27,17.1816
2017-12-28,17.1849
2017-12-29,17.2036
2018-01-01,18.3929
2018-01-02,18.7319
2018-01-03,18.8652
2018-01-04,19.1381
2018-01-05,19.203
2018-01-08,19.1511
2018-01-09,19.1035
2018-01-10,19.0812
2018-01-11,19.1638
2018-01-12,19.2099
2018-01-15,19.2637
2018-01-16,19.2968
2018-01-17,19.5178
2018-01-18,19.6746
2018-01-19,19.6484
2018-01-22,19.6173
2018-01-23,19.7218
2018-01-24,20.2422
2018-01-25,20.4506
2018-01-26,20.3199
2018-01-29,20.1839
2018-01-30,20.0139
2018-01-31,19.8444
2018-02-01,20.2742
2018-02-02,19.8513
2018-02-05,19.4099
2018-02-06,19.4268
2018-02-07,19.5156
2018-02-08,19.0492
2018-02-09,18.7067
2018-02-12,18.8063
2018-02-13,18.7636
2018-02-14,19.0435
2018-02-15,19.198
2018-02-16,19.2715
2018-02-19,19.3199
2018-02-20,19.2019
2018-02-21,19.2153
2018-02-22,19.2034
2018-02-23,19.3995
2018-02-26,19.2438
2018-02-27,19.0835
2018-02-28,18.6325
2018-03-01,18.384900000000002
2018-03-02,18.2813
2018-03-05,18.6033
2018-03-06,18.6659
2018-03-07,18.6183
2018-03-08,18.4974
2018-03-09,18.6751
2018-03-12,18.7004
2018-03-13,18.6451
2018-03-14,18.5864
2018-03-15,18.5949
2018-03-16,18.6409
2018-03-19,18.5914
2018-03-20,18.5649
2018-03-21,18.7745
2018-03-22,18.4697
2018-03-23,18.411
2018-03-26,18.7127
2018-03-27,18.764499999999998
2018-03-28,18.8367
2018-03-29,18.7223
2018-03-30,18.7223
2018-04-02,17.8662
2018-04-03,18.2308
2018-04-04,18.1726
2018-04-05,18.3896
2018-04-06,18.39
2018-04-09,18.6339
2018-04-10,18.9324
2018-04-11,19.329
2018-04-12,19.4191
2018-04-13,19.2864
2018-04-16,19.012
2018-04-17,19.2697
2018-04-18,19.5674
2018-04-19,19.51
2018-04-20,19.1192
2018-04-23,19.0469
2018-04-24,18.9811
2018-04-25,18.6481
2018-04-26,18.6461
2018-04-27,18.8864
2018-04-30,1.3469
2018-05-01,1.3474
2018-05-02,1.3367
2018-05-03,18.2875
2018-05-04,18.4008
2018-05-07,18.4321
2018-05-08,18.2388
2018-05-09,18.4426
2018-05-10,18.5073
2018-05-11,18.5323
2018-05-14,18.423
2018-05-15,18.3027
2018-05-16,18.1306
2018-05-17,17.8658
2018-05-18,17.5624
2018-05-21,17.5824
2018-05-22,17.9856
2018-05-23,17.8636
2018-05-24,17.8835
2018-05-25,17.7531
2018-05-28,17.853
2018-05-29,17.9489
2018-05-30,18.0209
2018-05-31,17.9864
2018-06-01,18.4187
2018-06-04,18.4634
2018-06-05,18.3755
2018-06-06,18.5391
2018-06-07,18.5022
2018-06-08,18.3374
2018-06-11,18.288
2018-06-12,18.3601
2018-06-13,18.3469
2018-06-14,18.3305
2018-06-15,18.0101
2018-06-18,18.001
2018-06-19,17.7451
2018-06-20,17.7787
2018-06-21,17.6543
2018-06-22,17.6868
2018-06-25,17.5668
2018-06-26,17.8241
2018-06-27,17.8611
2018-06-28,17.8318
2018-06-29,18.061
2018-07-02,17.1044
2018-07-03,17.085
2018-07-04,17.2106
2018-07-05,17.279
2018-07-06,17.2967
2018-07-09,17.2315
2018-07-10,17.3127
2018-07-11,17.2384
2018-07-12,17.036
2018-07-13,17.2384
2018-07-16,17.2037
2018-07-17,17.1218
2018-07-18,17.1183
2018-07-19,17.0891
2018-07-20,17.0992
2018-07-23,17.0635
2018-07-24,17.0371
2018-07-25,16.9309
2018-07-26,16.9927
2018-07-27,17.0222
2018-07-30,17.1357
2018-07-31,16.9006
2018-08-01,17.0273
2018-08-02,16.8222
2018-08-03,16.8694
2018-08-06,16.8031
2018-08-07,16.8243
2018-08-08,16.8663
2018-08-09,16.683
2018-08-10,16.5143
2018-08-13,16.2918
2018-08-14,16.1093
2018-08-15,15.7757
2018-08-16,16.0076
2018-08-17,16.0194
2018-08-20,15.9656
2018-08-21,16.2374
2018-08-22,16.3675
2018-08-23,16.2193
2018-08-24,16.3522
2018-08-27,16.4991
2018-08-28,16.4164
2018-08-29,16.2079
2018-08-30,16.0277
2018-08-31,15.8847
2018-09-03,16.0316
2018-09-04,15.775
2018-09-05,15.5046
2018-09-06,15.3311
2018-09-07,15.3479
2018-09-10,15.2564
2018-09-11,15.1179
2018-09-12,15.5077
2018-09-13,15.5952
2018-09-14,15.594899999999999
2018-09-17,15.631
2018-09-18,15.7971
2018-09-19,15.7203
2018-09-20,15.6115
2018-09-21,15.6991
2018-09-24,15.8363
2018-09-25,15.7668
2018-09-26,15.722
2018-09-27,15.8645
2018-09-28,15.967
2018-10-01,15.2751
2018-10-02,15.2241
2018-10-03,15.3118
2018-10-04,15.1653
2018-10-05,14.9792
2018-10-08,14.837
2018-10-09,14.8771
2018-10-10,14.5417
2018-10-11,14.3712
2018-10-12,14.4266
2018-10-15,14.3752
2018-10-16,14.6792
2018-10-17,14.631499999999999
2018-10-18,14.3632
2018-10-19,14.3015
2018-10-22,14.1663
2018-10-23,13.9842
2018-10-24,13.6362
2018-10-25,13.4566
2018-10-26,13.3722
2018-10-29,13.2778
2018-10-30,13.2895
2018-10-31,13.2531
2018-11-01,13.2695
2018-11-02,13.438
2018-11-05,13.459
2018-11-06,13.6525
2018-11-07,13.9341
2018-11-08,13.863
2018-11-09,13.6915
2018-11-12,13.6812
2018-11-13,13.3072
2018-11-14,13.5267
2018-11-15,13.7583
2018-11-16,13.9855
2018-11-19,13.824
2018-11-20,13.4783
2018-11-21,13.3842
2018-11-22,13.3896
2018-11-23,13.0876
2018-11-26,13.2391
2018-11-27,13.0866
2018-11-28,12.979800000000001
2018-11-29,13.1987
2018-11-30,13.116
2018-12-03,13.5491
2018-12-04,13.5711
2018-12-05,13.6512
2018-12-06,13.4079
2018-12-07,13.494
2018-12-10,13.2498
2018-12-11,13.1904
2018-12-12,13.2925
2018-12-13,13.167300000000001
2018-12-14,12.993500000000001
2018-12-17,12.8169
2018-12-18,12.8032
2018-12-19,12.6914
2018-12-20,12.282
2018-12-21,12.1191
2018-12-24,12.0801
2018-12-25,12.0801
2018-12-26,12.277
2018-12-27,12.3484
2018-12-28,12.4785
2018-12-31,11.0804
2019-01-01,11.0804
2019-01-02,11.1548
2019-01-03,11.2817
2019-01-04,11.5584
2019-01-07,11.5691
2019-01-08,11.7647
2019-01-09,11.949
2019-01-10,12.0121
2019-01-11,12.0403
2019-01-14,12.1049
2019-01-15,12.157
2019-01-16,12.1546
2019-01-17,12.1289
2019-01-18,12.2272
2019-01-21,12.2281
2019-01-22,12.2127
2019-01-23,12.1706
2019-01-24,12.192
2019-01-25,12.2916
2019-01-28,12.2127
2019-01-29,12.3354
2019-01-30,12.4027
2019-01-31,12.5695
2019-02-01,12.7363
2019-02-04,12.8833
2019-02-05,12.993
2019-02-06,12.9005
2019-02-07,12.7761
2019-02-08,12.71
2019-02-11,12.6042
2019-02-12,12.6181
2019-02-13,12.6326
2019-02-14,12.5731
2019-02-15,12.7781
2019-02-18,12.763
2019-02-19,12.7787
2019-02-20,12.8009
2019-02-21,12.7423
2019-02-22,12.8943
2019-02-25,13.0691
2019-02-26,13.2043
2019-02-27,13.2155
2019-02-28,13.0413
2019-03-01,13.3354
2019-03-04,13.3464
2019-03-05,13.3464
2019-03-06,13.4027
2019-03-07,13.2624
2019-03-08,12.9791
2019-03-11,13.1536
2019-03-12,13.2909
2019-03-13,13.5242
2019-03-14,13.62
2019-03-15,13.7663
2019-03-18,14.0099
2019-03-19,14.1217
2019-03-20,14.2342
2019-03-21,14.2757
2019-03-22,13.7412
2019-03-25,13.7445
2019-03-26,13.7548
2019-03-27,13.3661
2019-03-28,13.3912
2019-03-29,13.56
2019-04-01,13.9106
2019-04-02,13.825099999999999
2019-04-03,13.9647
2019-04-04,13.9656
2019-04-05,14.0686
2019-04-08,14.2333
2019-04-09,14.2948
2019-04-10,14.3421
2019-04-11,14.1771
2019-04-12,14.0913
2019-04-15,13.7978
2019-04-16,13.7498
2019-04-17,13.6656
2019-04-18,13.6398
2019-04-19,13.6398
2019-04-22,13.8236
2019-04-23,13.7188
2019-04-24,13.5786
2019-04-25,13.4643
2019-04-26,13.4572
2019-04-29,13.3598
2019-04-30,13.2741
2019-05-01,13.3099
2019-05-02,13.0588
2019-05-03,13.0819
2019-05-06,12.9907
2019-05-07,12.7439
2019-05-08,12.8215
2019-05-09,12.8428
2019-05-10,12.9962
2019-05-13,12.6271
2019-05-14,12.6308
2019-05-15,12.5562
2019-05-16,12.579
2019-05-17,12.4665
2019-05-20,12.2139
2019-05-21,12.3633
2019-05-22,12.2888
2019-05-23,12.0626
2019-05-24,12.2093
2019-05-27,12.1917
2019-05-28,12.0154
2019-05-29,12.1529
2019-05-30,12.2359
2019-05-31,12.181
2019-06-03,12.1693
2019-06-04,12.4762
2019-06-05,12.3778
2019-06-06,12.4784
2019-06-07,12.7014
2019-06-10,12.6669
2019-06-11,12.868
2019-06-12,12.7381
2019-06-13,12.7973
2019-06-14,12.7964
2019-06-17,12.6197
2019-06-18,12.8828
2019-06-19,12.9978
2019-06-20,13.2878
2019-06-21,13.4575
2019-06-24,13.3661
2019-06-25,13.3757
2019-06-26,13.4053
2019-06-27,13.3405
2019-06-28,13.3541
2019-07-01,16.1138
2019-07-02,15.9905
2019-07-03,16.0267
2019-07-04,16.1162
2019-07-05,16.0852
2019-07-08,16.1409
2019-07-09,16.1051
2019-07-10,16.2837
2019-07-11,16.3659
2019-07-12,16.4461
2019-07-15,16.4583
2019-07-16,16.5452
2019-07-17,16.4498
2019-07-18,16.2672
2019-07-19,16.5047
2019-07-22,16.4001
2019-07-23,16.4056
2019-07-24,16.2675
2019-07-25,16.2171
2019-07-26,16.0212
2019-07-29,16.0186
2019-07-30,15.699300000000001
2019-07-31,15.6813
2019-08-01,15.3145
2019-08-02,15.1885
2019-08-05,14.5153
2019-08-06,14.7042
2019-08-07,14.725999999999999
2019-08-08,15.1727
2019-08-09,15.1819
2019-08-12,14.899000000000001
2019-08-13,15.3292
2019-08-14,14.7558
2019-08-15,14.8302
2019-08-16,14.948
2019-08-19,14.9988
2019-08-20,15.0942
2019-08-21,15.0721
2019-08-22,14.9823
2019-08-23,14.6832
2019-08-26,14.6269
2019-08-27,14.5352
2019-08-28,14.4372
2019-08-29,14.5681
2019-08-30,14.9079
2019-09-02,14.7869
2019-09-03,14.822
2019-09-04,15.0363
2019-09-05,15.1512
2019-09-06,15.2192
2019-09-09,15.2682
2019-09-10,15.2726
2019-09-11,15.42
2019-09-12,15.530100000000001
2019-09-13,15.5092
2019-09-16,15.7067
2019-09-17,15.6281
2019-09-18,15.6526
2019-09-19,15.6347
2019-09-20,15.5293
2019-09-23,15.4021
2019-09-24,15.3146
2019-09-25,15.3201
2019-09-26,15.3779
2019-09-27,15.1998
2019-09-30,15.9405
2019-10-01,15.8818
2019-10-02,15.7212
2019-10-03,16.0212
2019-10-04,16.2585
2019-10-07,16.2234
2019-10-08,16.1312
2019-10-09,16.0941
2019-10-10,16.1049
2019-10-11,16.3211
2019-10-14,16.3307
2019-10-15,16.1613
2019-10-16,16.0918
2019-10-17,16.1072
2019-10-18,16.3072
2019-10-21,16.2987
2019-10-22,16.5241
2019-10-23,16.6272
2019-10-24,16.7561
2019-10-25,16.824
2019-10-28,16.8599
2019-10-29,16.9541
2019-10-30,16.829
2019-10-31,16.8561
2019-11-01,17.2035
2019-11-04,17.2938
2019-11-05,17.5443
2019-11-06,17.3594
2019-11-07,17.3806
2019-11-08,17.2486
2019-11-11,17.19
2019-11-12,16.8734
2019-11-13,16.521
2019-11-14,16.4774
2019-11-15,16.8043
2019-11-18,16.5963
2019-11-19,16.4859
2019-11-20,16.4191
2019-11-21,16.399
2019-11-22,16.6496
2019-11-25,16.3813
2019-11-26,16.1427
2019-11-27,16.1655
2019-11-28,16.209
2019-11-29,16.3516
2019-12-02,15.148
2019-12-03,15.1012
2019-12-04,15.4761
2019-12-05,15.5956
2019-12-06,15.7889
2019-12-09,15.7936
2019-12-10,15.7297
2019-12-11,15.9175
2019-12-12,16.1053
2019-12-13,16.2106
2019-12-16,16.2811
2019-12-17,16.2807
2019-12-18,16.4645
2019-12-19,16.5873
2019-12-20,16.5029
2019-12-23,16.69
2019-12-24,16.7689
2019-12-25,16.7689
2019-12-26,16.826999999999998
2019-12-27,16.8036
2019-12-30,16.8533
2019-12-31,25.2922
2020-01-01,25.2922
2020-01-02,25.4728
2020-01-03,25.65
2020-01-06,25.6863
2020-01-07,25.4871
2020-01-08,25.4519
2020-01-09,25.3378
2020-01-10,25.2901
2020-01-13,25.1369
2020-01-14,25.2061
2020-01-15,25.0771
2020-01-16,25.0085
2020-01-17,25.1446
2020-01-20,25.0651
2020-01-21,24.7841
2020-01-22,24.8181
2020-01-23,24.5756
2020-01-24,24.5344
2020-01-27,23.9127
2020-01-28,23.916
2020-01-29,23.9851
2020-01-30,23.9138
2020-01-31,23.6399
2020-02-03,23.7897
2020-02-04,24.2919
2020-02-05,24.6129
2020-02-06,24.4389
2020-02-07,24.2683
2020-02-10,23.9637
2020-02-11,24.0877
2020-02-12,24.4878
2020-02-13,24.6107
2020-02-14,24.6261
2020-02-17,24.5361
2020-02-18,24.4137
2020-02-19,24.5909
2020-02-20,24.5053
2020-02-21,23.9873
2020-02-24,23.5488
2020-02-25,23.28
2020-02-26,23.0083
2020-02-27,21.9805
2020-02-28,21.637
2020-03-02,28.067
2020-03-03,27.9426
2020-03-04,28.3461
2020-03-05,27.8367
2020-03-06,26.5466
2020-03-09,22.677
2020-03-10,22.718
2020-03-11,21.3176
2020-03-12,18.2754
2020-03-13,18.8844
2020-03-16,15.7475
