Date,short_int
2011-08-12,5000043
2011-08-15,3667428
2011-08-16,3667428
2011-08-17,3667428
2011-08-18,3667428
2011-08-19,3667428
2011-08-22,3667428
2011-08-23,3667428
2011-08-24,3667428
2011-08-25,3667428
2011-08-26,3667428
2011-08-29,3667428
2011-08-30,3667428
2011-08-31,3818861
2011-09-01,3818861
2011-09-02,3818861
2011-09-05,3818861
2011-09-06,3818861
2011-09-07,3818861
2011-09-08,3818861
2011-09-09,3818861
2011-09-12,3818861
2011-09-13,3818861
2011-09-14,3818861
2011-09-15,6614314
2011-09-16,6614314
2011-09-19,6614314
2011-09-20,6614314
2011-09-21,6614314
2011-09-22,6614314
2011-09-23,6614314
2011-09-26,6614314
2011-09-27,6614314
2011-09-28,6614314
2011-09-29,6614314
2011-09-30,3556326
2011-10-03,3556326
2011-10-04,3556326
2011-10-05,3556326
2011-10-06,3556326
2011-10-07,3556326
2011-10-10,3556326
2011-10-11,3556326
2011-10-12,3556326
2011-10-13,3556326
2011-10-14,3416007
2011-10-17,3416007
2011-10-18,3416007
2011-10-19,3416007
2011-10-20,3416007
2011-10-21,3416007
2011-10-24,3416007
2011-10-25,3416007
2011-10-26,3416007
2011-10-27,3416007
2011-10-28,3416007
2011-10-31,6733256
2011-11-01,6733256
2011-11-02,6733256
2011-11-03,6733256
2011-11-04,6733256
2011-11-07,6733256
2011-11-08,6733256
2011-11-09,6733256
2011-11-10,6733256
2011-11-11,6733256
2011-11-14,6733256
2011-11-15,6295429
2011-11-16,6295429
2011-11-17,6295429
2011-11-18,6295429
2011-11-21,6295429
2011-11-22,6295429
2011-11-23,6295429
2011-11-24,6295429
2011-11-25,6295429
2011-11-28,6295429
2011-11-29,6295429
2011-11-30,8103426
2011-12-01,8103426
2011-12-02,8103426
2011-12-05,8103426
2011-12-06,8103426
2011-12-07,8103426
2011-12-08,8103426
2011-12-09,8103426
2011-12-12,8103426
2011-12-13,8103426
2011-12-14,8103426
2011-12-15,8007215
2011-12-16,8007215
2011-12-19,8007215
2011-12-20,8007215
2011-12-21,8007215
2011-12-22,8007215
2011-12-23,8007215
2011-12-26,8007215
2011-12-27,8007215
2011-12-28,8007215
2011-12-29,8007215
2011-12-30,5611674
2012-01-02,5611674
2012-01-03,5611674
2012-01-04,5611674
2012-01-05,5611674
2012-01-06,5611674
2012-01-09,5611674
2012-01-10,5611674
2012-01-11,5611674
2012-01-12,5611674
2012-01-13,6766056
2012-01-16,6766056
2012-01-17,6766056
2012-01-18,6766056
2012-01-19,6766056
2012-01-20,6766056
2012-01-23,6766056
2012-01-24,6766056
2012-01-25,6766056
2012-01-26,6766056
2012-01-27,6766056
2012-01-30,6766056
2012-01-31,7301199
2012-02-01,7301199
2012-02-02,7301199
2012-02-03,7301199
2012-02-06,7301199
2012-02-07,7301199
2012-02-08,7301199
2012-02-09,7301199
2012-02-10,7301199
2012-02-13,7301199
2012-02-14,7301199
2012-02-15,7809018
2012-02-16,7809018
2012-02-17,7809018
2012-02-20,7809018
2012-02-21,7809018
2012-02-22,7809018
2012-02-23,7809018
2012-02-24,7809018
2012-02-27,7809018
2012-02-28,7809018
2012-02-29,7156047
2012-03-01,7156047
2012-03-02,7156047
2012-03-05,7156047
2012-03-06,7156047
2012-03-07,7156047
2012-03-08,7156047
2012-03-09,7156047
2012-03-12,7156047
2012-03-13,7156047
2012-03-14,7156047
2012-03-15,7863151
2012-03-16,7863151
2012-03-19,7863151
2012-03-20,7863151
2012-03-21,7863151
2012-03-22,7863151
2012-03-23,7863151
2012-03-26,7863151
2012-03-27,7863151
2012-03-28,7863151
2012-03-29,7863151
2012-03-30,5896118
2012-04-02,5896118
2012-04-03,5896118
2012-04-04,5896118
2012-04-05,5896118
2012-04-06,5896118
2012-04-09,5896118
2012-04-10,5896118
2012-04-11,5896118
2012-04-12,5896118
2012-04-13,16094188
2012-04-16,16094188
2012-04-17,16094188
2012-04-18,16094188
2012-04-19,16094188
2012-04-20,16094188
2012-04-23,16094188
2012-04-24,16094188
2012-04-25,16094188
2012-04-26,16094188
2012-04-27,16094188
2012-04-30,15252648
2012-05-01,15252648
2012-05-02,15252648
2012-05-03,15252648
2012-05-04,15252648
2012-05-07,15252648
2012-05-08,15252648
2012-05-09,15252648
2012-05-10,15252648
2012-05-11,15252648
2012-05-14,15252648
2012-05-15,14697000
2012-05-16,14697000
2012-05-17,14697000
2012-05-18,14697000
2012-05-21,14697000
2012-05-22,14697000
2012-05-23,14697000
2012-05-24,14697000
2012-05-25,14697000
2012-05-28,14697000
2012-05-29,14697000
2012-05-30,14697000
2012-05-31,8523212
2012-06-01,8523212
2012-06-04,8523212
2012-06-05,8523212
2012-06-06,8523212
2012-06-07,8523212
2012-06-08,8523212
2012-06-11,8523212
2012-06-12,8523212
2012-06-13,8523212
2012-06-14,8523212
2012-06-15,6473559
2012-06-18,6473559
2012-06-19,6473559
2012-06-20,6473559
2012-06-21,6473559
2012-06-22,6473559
2012-06-25,6473559
2012-06-26,6473559
2012-06-27,6473559
2012-06-28,6473559
2012-06-29,6797348
2012-07-02,6797348
2012-07-03,6797348
2012-07-04,6797348
2012-07-05,6797348
2012-07-06,6797348
2012-07-09,6797348
2012-07-10,6797348
2012-07-11,6797348
2012-07-12,6797348
2012-07-13,8157553
2012-07-16,8157553
2012-07-17,8157553
2012-07-18,8157553
2012-07-19,8157553
2012-07-20,8157553
2012-07-23,8157553
2012-07-24,8157553
2012-07-25,8157553
2012-07-26,8157553
2012-07-27,8157553
2012-07-30,8157553
2012-07-31,6829253
2012-08-01,6829253
2012-08-02,6829253
2012-08-03,6829253
2012-08-06,6829253
2012-08-07,6829253
2012-08-08,6829253
2012-08-09,6829253
2012-08-10,6829253
2012-08-13,6829253
2012-08-14,6829253
2012-08-15,6719719
2012-08-16,6719719
2012-08-17,6719719
2012-08-20,6719719
2012-08-21,6719719
2012-08-22,6719719
2012-08-23,6719719
2012-08-24,6719719
2012-08-27,6719719
2012-08-28,6719719
2012-08-29,6719719
2012-08-30,6719719
2012-08-31,6852876
2012-09-03,6852876
2012-09-04,6852876
2012-09-05,6852876
2012-09-06,6852876
2012-09-07,6852876
2012-09-10,6852876
2012-09-11,6852876
2012-09-12,6852876
2012-09-13,6852876
2012-09-14,7360085
2012-09-17,7360085
2012-09-18,7360085
2012-09-19,7360085
2012-09-20,7360085
2012-09-21,7360085
2012-09-24,7360085
2012-09-25,7360085
2012-09-26,7360085
2012-09-27,7360085
2012-09-28,7252200
2012-10-01,7252200
2012-10-02,7252200
2012-10-03,7252200
2012-10-04,7252200
2012-10-05,7252200
2012-10-08,7252200
2012-10-09,7252200
2012-10-10,7252200
2012-10-11,7252200
2012-10-12,7252200
2012-10-15,6348431
2012-10-16,6348431
2012-10-17,6348431
2012-10-18,6348431
2012-10-19,6348431
2012-10-22,6348431
2012-10-23,6348431
2012-10-24,6348431
2012-10-25,6348431
2012-10-26,6348431
2012-10-29,6348431
2012-10-30,6348431
2012-10-31,7447438
2012-11-01,7447438
2012-11-02,7447438
2012-11-05,7447438
2012-11-06,7447438
2012-11-07,7447438
2012-11-08,7447438
2012-11-09,7447438
2012-11-12,7447438
2012-11-13,7447438
2012-11-14,7447438
2012-11-15,7521030
2012-11-16,7521030
2012-11-19,7521030
2012-11-20,7521030
2012-11-21,7521030
2012-11-22,7521030
2012-11-23,7521030
2012-11-26,7521030
2012-11-27,7521030
2012-11-28,7521030
2012-11-29,7521030
2012-11-30,8909263
2012-12-03,8909263
2012-12-04,8909263
2012-12-05,8909263
2012-12-06,8909263
2012-12-07,8909263
2012-12-10,8909263
2012-12-11,8909263
2012-12-12,8909263
2012-12-13,8909263
2012-12-14,8012945
2012-12-17,8012945
2012-12-18,8012945
2012-12-19,8012945
2012-12-20,8012945
2012-12-21,8012945
2012-12-24,8012945
2012-12-25,8012945
2012-12-26,8012945
2012-12-27,8012945
2012-12-28,8012945
2012-12-31,8463572
2013-01-01,8463572
2013-01-02,8463572
2013-01-03,8463572
2013-01-04,8463572
2013-01-07,8463572
2013-01-08,8463572
2013-01-09,8463572
2013-01-10,8463572
2013-01-11,8463572
2013-01-14,8463572
2013-01-15,8311293
2013-01-16,8311293
2013-01-17,8311293
2013-01-18,8311293
2013-01-21,8311293
2013-01-22,8311293
2013-01-23,8311293
2013-01-24,8311293
2013-01-25,8311293
2013-01-28,8311293
2013-01-29,8311293
2013-01-30,8311293
2013-01-31,9140303
2013-02-01,9140303
2013-02-04,9140303
2013-02-05,9140303
2013-02-06,9140303
2013-02-07,9140303
2013-02-08,9140303
2013-02-11,9140303
2013-02-12,9140303
2013-02-13,9140303
2013-02-14,9140303
2013-02-15,9074255
2013-02-18,9074255
2013-02-19,9074255
2013-02-20,9074255
2013-02-21,9074255
2013-02-22,9074255
2013-02-25,9074255
2013-02-26,9074255
2013-02-27,9074255
2013-02-28,9985525
2013-03-01,9985525
2013-03-04,9985525
2013-03-05,9985525
2013-03-06,9985525
2013-03-07,9985525
2013-03-08,9985525
2013-03-11,9985525
2013-03-12,9985525
2013-03-13,9985525
2013-03-14,9985525
2013-03-15,14512693
2013-03-18,14512693
2013-03-19,14512693
2013-03-20,14512693
2013-03-21,14512693
2013-03-22,14512693
2013-03-25,14512693
2013-03-26,14512693
2013-03-27,14512693
2013-03-28,17410299
2013-03-29,17410299
2013-04-01,17410299
2013-04-02,17410299
2013-04-03,17410299
2013-04-04,17410299
2013-04-05,17410299
2013-04-08,17410299
2013-04-09,17410299
2013-04-10,17410299
2013-04-11,17410299
2013-04-12,17410299
2013-04-15,21413652
2013-04-16,21413652
2013-04-17,21413652
2013-04-18,21413652
2013-04-19,21413652
2013-04-22,21413652
2013-04-23,21413652
2013-04-24,21413652
2013-04-25,21413652
2013-04-26,21413652
2013-04-29,21413652
2013-04-30,31816179
2013-05-01,31816179
2013-05-02,31816179
2013-05-03,31816179
2013-05-06,31816179
2013-05-07,31816179
2013-05-08,31816179
2013-05-09,31816179
2013-05-10,31816179
2013-05-13,31816179
2013-05-14,31816179
2013-05-15,31307863
2013-05-16,31307863
2013-05-17,31307863
2013-05-20,31307863
2013-05-21,31307863
2013-05-22,31307863
2013-05-23,31307863
2013-05-24,31307863
2013-05-27,31307863
2013-05-28,31307863
2013-05-29,31307863
2013-05-30,31307863
2013-05-31,25041379
2013-06-03,25041379
2013-06-04,25041379
2013-06-05,25041379
2013-06-06,25041379
2013-06-07,25041379
2013-06-10,25041379
2013-06-11,25041379
2013-06-12,25041379
2013-06-13,25041379
2013-06-14,12416024
2013-06-17,12416024
2013-06-18,12416024
2013-06-19,12416024
2013-06-20,12416024
2013-06-21,12416024
2013-06-24,12416024
2013-06-25,12416024
2013-06-26,12416024
2013-06-27,12416024
2013-06-28,11241066
2013-07-01,11241066
2013-07-02,11241066
2013-07-03,11241066
2013-07-04,11241066
2013-07-05,11241066
2013-07-08,11241066
2013-07-09,11241066
2013-07-10,11241066
2013-07-11,11241066
2013-07-12,11241066
2013-07-15,7929851
2013-07-16,7929851
2013-07-17,7929851
2013-07-18,7929851
2013-07-19,7929851
2013-07-22,7929851
2013-07-23,7929851
2013-07-24,7929851
2013-07-25,7929851
2013-07-26,7929851
2013-07-29,7929851
2013-07-30,7929851
2013-07-31,10161798
2013-08-01,10161798
2013-08-02,10161798
2013-08-05,10161798
2013-08-06,10161798
2013-08-07,10161798
2013-08-08,10161798
2013-08-09,10161798
2013-08-12,10161798
2013-08-13,10161798
2013-08-14,10161798
2013-08-15,7414744
2013-08-16,7414744
2013-08-19,7414744
2013-08-20,7414744
2013-08-21,7414744
2013-08-22,7414744
2013-08-23,7414744
2013-08-26,7414744
2013-08-27,7414744
2013-08-28,7414744
2013-08-29,7414744
2013-08-30,6971306
2013-09-02,6971306
2013-09-03,6971306
2013-09-04,6971306
2013-09-05,6971306
2013-09-06,6971306
2013-09-09,6971306
2013-09-10,6971306
2013-09-11,6971306
2013-09-12,6971306
2013-09-13,4687840
2013-09-16,4687840
2013-09-17,4687840
2013-09-18,4687840
2013-09-19,4687840
2013-09-20,4687840
2013-09-23,4687840
2013-09-24,4687840
2013-09-25,4687840
2013-09-26,4687840
2013-09-27,4687840
2013-09-30,4297024
2013-10-01,4297024
2013-10-02,4297024
2013-10-03,4297024
2013-10-04,4297024
2013-10-07,4297024
2013-10-08,4297024
2013-10-09,4297024
2013-10-10,4297024
2013-10-11,4297024
2013-10-14,4297024
2013-10-15,5886098
2013-10-16,5886098
2013-10-17,5886098
2013-10-18,5886098
2013-10-21,5886098
2013-10-22,5886098
2013-10-23,5886098
2013-10-24,5886098
2013-10-25,5886098
2013-10-28,5886098
2013-10-29,5886098
2013-10-30,5886098
2013-10-31,6700511
2013-11-01,6700511
2013-11-04,6700511
2013-11-05,6700511
2013-11-06,6700511
2013-11-07,6700511
2013-11-08,6700511
2013-11-11,6700511
2013-11-12,6700511
2013-11-13,6700511
2013-11-14,6700511
2013-11-15,7108994
2013-11-18,7108994
2013-11-19,7108994
2013-11-20,7108994
2013-11-21,7108994
2013-11-22,7108994
2013-11-25,7108994
2013-11-26,7108994
2013-11-27,7108994
2013-11-28,7108994
2013-11-29,9308962
2013-12-02,9308962
2013-12-03,9308962
2013-12-04,9308962
2013-12-05,9308962
2013-12-06,9308962
2013-12-09,9308962
2013-12-10,9308962
2013-12-11,9308962
2013-12-12,9308962
2013-12-13,8214872
2013-12-16,8214872
2013-12-17,8214872
2013-12-18,8214872
2013-12-19,8214872
2013-12-20,8214872
2013-12-23,8214872
2013-12-24,8214872
2013-12-25,8214872
2013-12-26,8214872
2013-12-27,8214872
2013-12-30,8214872
2013-12-31,7038846
2014-01-01,7038846
2014-01-02,7038846
2014-01-03,7038846
2014-01-06,7038846
2014-01-07,7038846
2014-01-08,7038846
2014-01-09,7038846
2014-01-10,7038846
2014-01-13,7038846
2014-01-14,7038846
2014-01-15,6103502
2014-01-16,6103502
2014-01-17,6103502
2014-01-20,6103502
2014-01-21,6103502
2014-01-22,6103502
2014-01-23,6103502
2014-01-24,6103502
2014-01-27,6103502
2014-01-28,6103502
2014-01-29,6103502
2014-01-30,6103502
2014-01-31,4841232
2014-02-03,4841232
2014-02-04,4841232
2014-02-05,4841232
2014-02-06,4841232
2014-02-07,4841232
2014-02-10,4841232
2014-02-11,4841232
2014-02-12,4841232
2014-02-13,4841232
2014-02-14,7795985
2014-02-17,7795985
2014-02-18,7795985
2014-02-19,7795985
2014-02-20,7795985
2014-02-21,7795985
2014-02-24,7795985
2014-02-25,7795985
2014-02-26,7795985
2014-02-27,7795985
2014-02-28,5647066
2014-03-03,5647066
2014-03-04,5647066
2014-03-05,5647066
2014-03-06,5647066
2014-03-07,5647066
2014-03-10,5647066
2014-03-11,5647066
2014-03-12,5647066
2014-03-13,5647066
2014-03-14,6034470
2014-03-17,6034470
2014-03-18,6034470
2014-03-19,6034470
2014-03-20,6034470
2014-03-21,6034470
2014-03-24,6034470
2014-03-25,6034470
2014-03-26,6034470
2014-03-27,6034470
2014-03-28,6034470
2014-03-31,4367594
2014-04-01,4367594
2014-04-02,4367594
2014-04-03,4367594
2014-04-04,4367594
2014-04-07,4367594
2014-04-08,4367594
2014-04-09,4367594
2014-04-10,4367594
2014-04-11,4367594
2014-04-14,4367594
2014-04-15,4991602
2014-04-16,4991602
2014-04-17,4991602
2014-04-18,4991602
2014-04-21,4991602
2014-04-22,4991602
2014-04-23,4991602
2014-04-24,4991602
2014-04-25,4991602
2014-04-28,4991602
2014-04-29,4991602
2014-04-30,7628508
2014-05-01,7628508
2014-05-02,7628508
2014-05-05,7628508
2014-05-06,7628508
2014-05-07,7628508
2014-05-08,7628508
2014-05-09,7628508
2014-05-12,7628508
2014-05-13,7628508
2014-05-14,7628508
2014-05-15,7954751
2014-05-16,7954751
2014-05-19,7954751
2014-05-20,7954751
2014-05-21,7954751
2014-05-22,7954751
2014-05-23,7954751
2014-05-26,7954751
2014-05-27,7954751
2014-05-28,7954751
2014-05-29,7954751
2014-05-30,8975941
2014-06-02,8975941
2014-06-03,8975941
2014-06-04,8975941
2014-06-05,8975941
2014-06-06,8975941
2014-06-09,8975941
2014-06-10,8975941
2014-06-11,8975941
2014-06-12,8975941
2014-06-13,6871659
2014-06-16,6871659
2014-06-17,6871659
2014-06-18,6871659
2014-06-19,6871659
2014-06-20,6871659
2014-06-23,6871659
2014-06-24,6871659
2014-06-25,6871659
2014-06-26,6871659
2014-06-27,6871659
2014-06-30,4675746
2014-07-01,4675746
2014-07-02,4675746
2014-07-03,4675746
2014-07-04,4675746
2014-07-07,4675746
2014-07-08,4675746
2014-07-09,4675746
2014-07-10,4675746
2014-07-11,4675746
2014-07-14,4675746
2014-07-15,4594744
2014-07-16,4594744
2014-07-17,4594744
2014-07-18,4594744
2014-07-21,4594744
2014-07-22,4594744
2014-07-23,4594744
2014-07-24,4594744
2014-07-25,4594744
2014-07-28,4594744
2014-07-29,4594744
2014-07-30,4594744
2014-07-31,4840469
2014-08-01,4840469
2014-08-04,4840469
2014-08-05,4840469
2014-08-06,4840469
2014-08-07,4840469
2014-08-08,4840469
2014-08-11,4840469
2014-08-12,4840469
2014-08-13,4840469
2014-08-14,4840469
2014-08-15,5791118
2014-08-18,5791118
2014-08-19,5791118
2014-08-20,5791118
2014-08-21,5791118
2014-08-22,5791118
2014-08-25,5791118
2014-08-26,5791118
2014-08-27,5791118
2014-08-28,5791118
2014-08-29,6369507
2014-09-01,6369507
2014-09-02,6369507
2014-09-03,6369507
2014-09-04,6369507
2014-09-05,6369507
2014-09-08,6369507
2014-09-09,6369507
2014-09-10,6369507
2014-09-11,6369507
2014-09-12,6369507
2014-09-15,4822902
2014-09-16,4822902
2014-09-17,4822902
2014-09-18,4822902
2014-09-19,4822902
2014-09-22,4822902
2014-09-23,4822902
2014-09-24,4822902
2014-09-25,4822902
2014-09-26,4822902
2014-09-29,4822902
2014-09-30,4980614
2014-10-01,4980614
2014-10-02,4980614
2014-10-03,4980614
2014-10-06,4980614
2014-10-07,4980614
2014-10-08,4980614
2014-10-09,4980614
2014-10-10,4980614
2014-10-13,4980614
2014-10-14,4980614
2014-10-15,3997073
2014-10-16,3997073
2014-10-17,3997073
2014-10-20,3997073
2014-10-21,3997073
2014-10-22,3997073
2014-10-23,3997073
2014-10-24,3997073
2014-10-27,3997073
2014-10-28,3997073
2014-10-29,3997073
2014-10-30,3997073
2014-10-31,4053664
2014-11-03,4053664
2014-11-04,4053664
2014-11-05,4053664
2014-11-06,4053664
2014-11-07,4053664
2014-11-10,4053664
2014-11-11,4053664
2014-11-12,4053664
2014-11-13,4053664
2014-11-14,4608055
2014-11-17,4608055
2014-11-18,4608055
2014-11-19,4608055
2014-11-20,4608055
2014-11-21,4608055
2014-11-24,4608055
2014-11-25,4608055
2014-11-26,4608055
2014-11-27,4608055
2014-11-28,6343749
2014-12-01,6343749
2014-12-02,6343749
2014-12-03,6343749
2014-12-04,6343749
2014-12-05,6343749
2014-12-08,6343749
2014-12-09,6343749
2014-12-10,6343749
2014-12-11,6343749
2014-12-12,6343749
2014-12-15,6654558
2014-12-16,6654558
2014-12-17,6654558
2014-12-18,6654558
2014-12-19,6654558
2014-12-22,6654558
2014-12-23,6654558
2014-12-24,6654558
2014-12-25,6654558
2014-12-26,6654558
2014-12-29,6654558
2014-12-30,6654558
2014-12-31,4762392
2015-01-01,4762392
2015-01-02,4762392
2015-01-05,4762392
2015-01-06,4762392
2015-01-07,4762392
2015-01-08,4762392
2015-01-09,4762392
2015-01-12,4762392
2015-01-13,4762392
2015-01-14,4762392
2015-01-15,4134069
2015-01-16,4134069
2015-01-19,4134069
2015-01-20,4134069
2015-01-21,4134069
2015-01-22,4134069
2015-01-23,4134069
2015-01-26,4134069
2015-01-27,4134069
2015-01-28,4134069
2015-01-29,4134069
2015-01-30,3322036
2015-02-02,3322036
2015-02-03,3322036
2015-02-04,3322036
2015-02-05,3322036
2015-02-06,3322036
2015-02-09,3322036
2015-02-10,3322036
2015-02-11,3322036
2015-02-12,3322036
2015-02-13,7169997
2015-02-16,7169997
2015-02-17,7169997
2015-02-18,7169997
2015-02-19,7169997
2015-02-20,7169997
2015-02-23,7169997
2015-02-24,7169997
2015-02-25,7169997
2015-02-26,7169997
2015-02-27,4001671
2015-03-02,4001671
2015-03-03,4001671
2015-03-04,4001671
2015-03-05,4001671
2015-03-06,4001671
2015-03-09,4001671
2015-03-10,4001671
2015-03-11,4001671
2015-03-12,4001671
2015-03-13,6727629
2015-03-16,6727629
2015-03-17,6727629
2015-03-18,6727629
2015-03-19,6727629
2015-03-20,6727629
2015-03-23,6727629
2015-03-24,6727629
2015-03-25,6727629
2015-03-26,6727629
2015-03-27,6727629
2015-03-30,6727629
2015-03-31,6059232
2015-04-01,6059232
2015-04-02,6059232
2015-04-03,6059232
2015-04-06,6059232
2015-04-07,6059232
2015-04-08,6059232
2015-04-09,6059232
2015-04-10,6059232
2015-04-13,6059232
2015-04-14,6059232
2015-04-15,5517800
2015-04-16,5517800
2015-04-17,5517800
2015-04-20,5517800
2015-04-21,5517800
2015-04-22,5517800
2015-04-23,5517800
2015-04-24,5517800
2015-04-27,5517800
2015-04-28,5517800
2015-04-29,5517800
2015-04-30,5020069
2015-05-01,5020069
2015-05-04,5020069
2015-05-05,5020069
2015-05-06,5020069
2015-05-07,5020069
2015-05-08,5020069
2015-05-11,5020069
2015-05-12,5020069
2015-05-13,5020069
2015-05-14,5020069
2015-05-15,5280961
2015-05-18,5280961
2015-05-19,5280961
2015-05-20,5280961
2015-05-21,5280961
2015-05-22,5280961
2015-05-25,5280961
2015-05-26,5280961
2015-05-27,5280961
2015-05-28,5280961
2015-05-29,7707586
2015-06-01,7707586
2015-06-02,7707586
2015-06-03,7707586
2015-06-04,7707586
2015-06-05,7707586
2015-06-08,7707586
2015-06-09,7707586
2015-06-10,7707586
2015-06-11,7707586
2015-06-12,7707586
2015-06-15,4662490
2015-06-16,4662490
2015-06-17,4662490
2015-06-18,4662490
2015-06-19,4662490
2015-06-22,4662490
2015-06-23,4662490
2015-06-24,4662490
2015-06-25,4662490
2015-06-26,4662490
2015-06-29,4662490
2015-06-30,6468819
2015-07-01,6468819
2015-07-02,6468819
2015-07-03,6468819
2015-07-06,6468819
2015-07-07,6468819
2015-07-08,6468819
2015-07-09,6468819
2015-07-10,6468819
2015-07-13,6468819
2015-07-14,6468819
2015-07-15,7332245
2015-07-16,7332245
2015-07-17,7332245
2015-07-20,7332245
2015-07-21,7332245
2015-07-22,7332245
2015-07-23,7332245
2015-07-24,7332245
2015-07-27,7332245
2015-07-28,7332245
2015-07-29,7332245
2015-07-30,7332245
2015-07-31,2941139
2015-08-03,2941139
2015-08-04,2941139
2015-08-05,2941139
2015-08-06,2941139
2015-08-07,2941139
2015-08-10,2941139
2015-08-11,2941139
2015-08-12,2941139
2015-08-13,2941139
2015-08-14,2910801
2015-08-17,2910801
2015-08-18,2910801
2015-08-19,2910801
2015-08-20,2910801
2015-08-21,2910801
2015-08-24,2910801
2015-08-25,2910801
2015-08-26,2910801
2015-08-27,2910801
2015-08-28,2910801
2015-08-31,3821297
2015-09-01,3821297
2015-09-02,3821297
2015-09-03,3821297
2015-09-04,3821297
2015-09-07,3821297
2015-09-08,3821297
2015-09-09,3821297
2015-09-10,3821297
2015-09-11,3821297
2015-09-14,3821297
2015-09-15,3583955
2015-09-16,3583955
2015-09-17,3583955
2015-09-18,3583955
2015-09-21,3583955
2015-09-22,3583955
2015-09-23,3583955
2015-09-24,3583955
2015-09-25,3583955
2015-09-28,3583955
2015-09-29,3583955
2015-09-30,3016341
2015-10-01,3016341
2015-10-02,3016341
2015-10-05,3016341
2015-10-06,3016341
2015-10-07,3016341
2015-10-08,3016341
2015-10-09,3016341
2015-10-12,3016341
2015-10-13,3016341
2015-10-14,3016341
2015-10-15,4116808
2015-10-16,4116808
2015-10-19,4116808
2015-10-20,4116808
2015-10-21,4116808
2015-10-22,4116808
2015-10-23,4116808
2015-10-26,4116808
2015-10-27,4116808
2015-10-28,4116808
2015-10-29,4116808
2015-10-30,2993219
2015-11-02,2993219
2015-11-03,2993219
2015-11-04,2993219
2015-11-05,2993219
2015-11-06,2993219
2015-11-09,2993219
2015-11-10,2993219
2015-11-11,2993219
2015-11-12,2993219
2015-11-13,3967979
2015-11-16,3967979
2015-11-17,3967979
2015-11-18,3967979
2015-11-19,3967979
2015-11-20,3967979
2015-11-23,3967979
2015-11-24,3967979
2015-11-25,3967979
2015-11-26,3967979
2015-11-27,3967979
2015-11-30,2842593
2015-12-01,2842593
2015-12-02,2842593
2015-12-03,2842593
2015-12-04,2842593
2015-12-07,2842593
2015-12-08,2842593
2015-12-09,2842593
2015-12-10,2842593
2015-12-11,2842593
2015-12-14,2842593
2015-12-15,3935630
2015-12-16,3935630
2015-12-17,3935630
2015-12-18,3935630
2015-12-21,3935630
2015-12-22,3935630
2015-12-23,3935630
2015-12-24,3935630
2015-12-25,3935630
2015-12-28,3935630
2015-12-29,3935630
2015-12-30,3935630
2015-12-31,3237223
2016-01-01,3237223
2016-01-04,3237223
2016-01-05,3237223
2016-01-06,3237223
2016-01-07,3237223
2016-01-08,3237223
2016-01-11,3237223
2016-01-12,3237223
2016-01-13,3237223
2016-01-14,3237223
2016-01-15,4533955
2016-01-18,4533955
2016-01-19,4533955
2016-01-20,4533955
2016-01-21,4533955
2016-01-22,4533955
2016-01-25,4533955
2016-01-26,4533955
2016-01-27,4533955
2016-01-28,4533955
2016-01-29,2687807
2016-02-01,2687807
2016-02-02,2687807
2016-02-03,2687807
2016-02-04,2687807
2016-02-05,2687807
2016-02-08,2687807
2016-02-09,2687807
2016-02-10,2687807
2016-02-11,2687807
2016-02-12,2681611
2016-02-15,2681611
2016-02-16,2681611
2016-02-17,2681611
2016-02-18,2681611
2016-02-19,2681611
2016-02-22,2681611
2016-02-23,2681611
2016-02-24,2681611
2016-02-25,2681611
2016-02-26,2681611
2016-02-29,3758713
2016-03-01,3758713
2016-03-02,3758713
2016-03-03,3758713
2016-03-04,3758713
2016-03-07,3758713
2016-03-08,3758713
2016-03-09,3758713
2016-03-10,3758713
2016-03-11,3758713
2016-03-14,3758713
2016-03-15,2120022
2016-03-16,2120022
2016-03-17,2120022
2016-03-18,2120022
2016-03-21,2120022
2016-03-22,2120022
2016-03-23,2120022
2016-03-24,2120022
2016-03-25,2120022
2016-03-28,2120022
2016-03-29,2120022
2016-03-30,2120022
2016-03-31,3182833
2016-04-01,3182833
2016-04-04,3182833
2016-04-05,3182833
2016-04-06,3182833
2016-04-07,3182833
2016-04-08,3182833
2016-04-11,3182833
2016-04-12,3182833
2016-04-13,3182833
2016-04-14,3182833
2016-04-15,2238204
2016-04-18,2238204
2016-04-19,2238204
2016-04-20,2238204
2016-04-21,2238204
2016-04-22,2238204
2016-04-25,2238204
2016-04-26,2238204
2016-04-27,2238204
2016-04-28,2238204
2016-04-29,4727808
2016-05-02,4727808
2016-05-03,4727808
2016-05-04,4727808
2016-05-05,4727808
2016-05-06,4727808
2016-05-09,4727808
2016-05-10,4727808
2016-05-11,4727808
2016-05-12,4727808
2016-05-13,2876535
2016-05-16,2876535
2016-05-17,2876535
2016-05-18,2876535
2016-05-19,2876535
2016-05-20,2876535
2016-05-23,2876535
2016-05-24,2876535
2016-05-25,2876535
2016-05-26,2876535
2016-05-27,2876535
2016-05-30,2876535
2016-05-31,5073547
2016-06-01,5073547
2016-06-02,5073547
2016-06-03,5073547
2016-06-06,5073547
2016-06-07,5073547
2016-06-08,5073547
2016-06-09,5073547
2016-06-10,5073547
2016-06-13,5073547
2016-06-14,5073547
2016-06-15,6312038
2016-06-16,6312038
2016-06-17,6312038
2016-06-20,6312038
2016-06-21,6312038
2016-06-22,6312038
2016-06-23,6312038
2016-06-24,6312038
2016-06-27,6312038
2016-06-28,6312038
2016-06-29,6312038
2016-06-30,15706522
2016-07-01,15706522
2016-07-04,15706522
2016-07-05,15706522
2016-07-06,15706522
2016-07-07,15706522
2016-07-08,15706522
2016-07-11,15706522
2016-07-12,15706522
2016-07-13,15706522
2016-07-14,15706522
2016-07-15,7181491
2016-07-18,7181491
2016-07-19,7181491
2016-07-20,7181491
2016-07-21,7181491
2016-07-22,7181491
2016-07-25,7181491
2016-07-26,7181491
2016-07-27,7181491
2016-07-28,7181491
2016-07-29,7139202
2016-08-01,7139202
2016-08-02,7139202
2016-08-03,7139202
2016-08-04,7139202
2016-08-05,7139202
2016-08-08,7139202
2016-08-09,7139202
2016-08-10,7139202
2016-08-11,7139202
2016-08-12,7139202
2016-08-15,4313645
2016-08-16,4313645
2016-08-17,4313645
2016-08-18,4313645
2016-08-19,4313645
2016-08-22,4313645
2016-08-23,4313645
2016-08-24,4313645
2016-08-25,4313645
2016-08-26,4313645
2016-08-29,4313645
2016-08-30,4313645
2016-08-31,4435581
2016-09-01,4435581
2016-09-02,4435581
2016-09-05,4435581
2016-09-06,4435581
2016-09-07,4435581
2016-09-08,4435581
2016-09-09,4435581
2016-09-12,4435581
2016-09-13,4435581
2016-09-14,4435581
2016-09-15,6682075
2016-09-16,6682075
2016-09-19,6682075
2016-09-20,6682075
2016-09-21,6682075
2016-09-22,6682075
2016-09-23,6682075
2016-09-26,6682075
2016-09-27,6682075
2016-09-28,6682075
2016-09-29,6682075
2016-09-30,4394406
2016-10-03,4394406
2016-10-04,4394406
2016-10-05,4394406
2016-10-06,4394406
2016-10-07,4394406
2016-10-10,4394406
2016-10-11,4394406
2016-10-12,4394406
2016-10-13,4394406
2016-10-14,5335924
2016-10-17,5335924
2016-10-18,5335924
2016-10-19,5335924
2016-10-20,5335924
2016-10-21,5335924
2016-10-24,5335924
2016-10-25,5335924
2016-10-26,5335924
2016-10-27,5335924
2016-10-28,5335924
2016-10-31,6625897
2016-11-01,6625897
2016-11-02,6625897
2016-11-03,6625897
2016-11-04,6625897
2016-11-07,6625897
2016-11-08,6625897
2016-11-09,6625897
2016-11-10,6625897
2016-11-11,6625897
2016-11-14,6625897
2016-11-15,6731361
2016-11-16,6731361
2016-11-17,6731361
2016-11-18,6731361
2016-11-21,6731361
2016-11-22,6731361
2016-11-23,6731361
2016-11-24,6731361
2016-11-25,6731361
2016-11-28,6731361
2016-11-29,6731361
2016-11-30,3623503
2016-12-01,3623503
2016-12-02,3623503
2016-12-05,3623503
2016-12-06,3623503
2016-12-07,3623503
2016-12-08,3623503
2016-12-09,3623503
2016-12-12,3623503
2016-12-13,3623503
2016-12-14,3623503
2016-12-15,4725460
2016-12-16,4725460
2016-12-19,4725460
2016-12-20,4725460
2016-12-21,4725460
2016-12-22,4725460
2016-12-23,4725460
2016-12-26,4725460
2016-12-27,4725460
2016-12-28,4725460
2016-12-29,4725460
2016-12-30,2571078
2017-01-02,2571078
2017-01-03,2571078
2017-01-04,2571078
2017-01-05,2571078
2017-01-06,2571078
2017-01-09,2571078
2017-01-10,2571078
2017-01-11,2571078
2017-01-12,2571078
2017-01-13,2433923
2017-01-16,2433923
2017-01-17,2433923
2017-01-18,2433923
2017-01-19,2433923
2017-01-20,2433923
2017-01-23,2433923
2017-01-24,2433923
2017-01-25,2433923
2017-01-26,2433923
2017-01-27,2433923
2017-01-30,2433923
2017-01-31,2275589
2017-02-01,2275589
2017-02-02,2275589
2017-02-03,2275589
2017-02-06,2275589
2017-02-07,2275589
2017-02-08,2275589
2017-02-09,2275589
2017-02-10,2275589
2017-02-13,2275589
2017-02-14,2275589
2017-02-15,1670872
2017-02-16,1670872
2017-02-17,1670872
2017-02-20,1670872
2017-02-21,1670872
2017-02-22,1670872
2017-02-23,1670872
2017-02-24,1670872
2017-02-27,1670872
2017-02-28,3334524
2017-03-01,3334524
2017-03-02,3334524
2017-03-03,3334524
2017-03-06,3334524
2017-03-07,3334524
2017-03-08,3334524
2017-03-09,3334524
2017-03-10,3334524
2017-03-13,3334524
2017-03-14,3334524
2017-03-15,3154160
2017-03-16,3154160
2017-03-17,3154160
2017-03-20,3154160
2017-03-21,3154160
2017-03-22,3154160
2017-03-23,3154160
2017-03-24,3154160
2017-03-27,3154160
2017-03-28,3154160
2017-03-29,3154160
2017-03-30,3154160
2017-03-31,1359756
2017-04-03,1359756
2017-04-04,1359756
2017-04-05,1359756
2017-04-06,1359756
2017-04-07,1359756
2017-04-10,1359756
2017-04-11,1359756
2017-04-12,1359756
2017-04-13,3077165
2017-04-14,3077165
2017-04-17,3077165
2017-04-18,3077165
2017-04-19,3077165
2017-04-20,3077165
2017-04-21,3077165
2017-04-24,3077165
2017-04-25,3077165
2017-04-26,3077165
2017-04-27,3077165
2017-04-28,2153850
2017-05-01,2153850
2017-05-02,2153850
2017-05-03,2153850
2017-05-04,2153850
2017-05-05,2153850
2017-05-08,2153850
2017-05-09,2153850
2017-05-10,2153850
2017-05-11,2153850
2017-05-12,2153850
2017-05-15,3472014
2017-05-16,3472014
2017-05-17,3472014
2017-05-18,3472014
2017-05-19,3472014
2017-05-22,3472014
2017-05-23,3472014
2017-05-24,3472014
2017-05-25,3472014
2017-05-26,3472014
2017-05-29,3472014
2017-05-30,3472014
2017-05-31,1100338
2017-06-01,1100338
2017-06-02,1100338
2017-06-05,1100338
2017-06-06,1100338
2017-06-07,1100338
2017-06-08,1100338
2017-06-09,1100338
2017-06-12,1100338
2017-06-13,1100338
2017-06-14,1100338
2017-06-15,2526417
2017-06-16,2526417
2017-06-19,2526417
2017-06-20,2526417
2017-06-21,2526417
2017-06-22,2526417
2017-06-23,2526417
2017-06-26,2526417
2017-06-27,2526417
2017-06-28,2526417
2017-06-29,2526417
2017-06-30,1970042
2017-07-03,1970042
2017-07-04,1970042
2017-07-05,1970042
2017-07-06,1970042
2017-07-07,1970042
2017-07-10,1970042
2017-07-11,1970042
2017-07-12,1970042
2017-07-13,1970042
2017-07-14,2018926
2017-07-17,2018926
2017-07-18,2018926
2017-07-19,2018926
2017-07-20,2018926
2017-07-21,2018926
2017-07-24,2018926
2017-07-25,2018926
2017-07-26,2018926
2017-07-27,2018926
2017-07-28,2018926
2017-07-31,1213240
2017-08-01,1213240
2017-08-02,1213240
2017-08-03,1213240
2017-08-04,1213240
2017-08-07,1213240
2017-08-08,1213240
2017-08-09,1213240
2017-08-10,1213240
2017-08-11,1213240
2017-08-14,1213240
2017-08-15,912226
2017-08-16,912226
2017-08-17,912226
2017-08-18,912226
2017-08-21,912226
2017-08-22,912226
2017-08-23,912226
2017-08-24,912226
2017-08-25,912226
2017-08-28,912226
2017-08-29,912226
2017-08-30,912226
2017-08-31,994638
2017-09-01,994638
2017-09-04,994638
2017-09-05,994638
2017-09-06,994638
2017-09-07,994638
2017-09-08,994638
2017-09-11,994638
2017-09-12,994638
2017-09-13,994638
2017-09-14,994638
2017-09-15,1100410
2017-09-18,1100410
2017-09-19,1100410
2017-09-20,1100410
2017-09-21,1100410
2017-09-22,1100410
2017-09-25,1100410
2017-09-26,1100410
2017-09-27,1100410
2017-09-28,1100410
2017-09-29,1157878
2017-10-02,1157878
2017-10-03,1157878
2017-10-04,1157878
2017-10-05,1157878
2017-10-06,1157878
2017-10-09,1157878
2017-10-10,1157878
2017-10-11,1157878
2017-10-12,1157878
2017-10-13,2284728
2017-10-16,2284728
2017-10-17,2284728
2017-10-18,2284728
2017-10-19,2284728
2017-10-20,2284728
2017-10-23,2284728
2017-10-24,2284728
2017-10-25,2284728
2017-10-26,2284728
2017-10-27,2284728
2017-10-30,2284728
2017-10-31,1845656
2017-11-01,1845656
2017-11-02,1845656
2017-11-03,1845656
2017-11-06,1845656
2017-11-07,1845656
2017-11-08,1845656
2017-11-09,1845656
2017-11-10,1845656
2017-11-13,1845656
2017-11-14,1845656
2017-11-15,1179810
2017-11-16,1179810
2017-11-17,1179810
2017-11-20,1179810
2017-11-21,1179810
2017-11-22,1179810
2017-11-23,1179810
2017-11-24,1179810
2017-11-27,1179810
2017-11-28,1179810
2017-11-29,1179810
2017-11-30,1021467
2017-12-01,1021467
2017-12-04,1021467
2017-12-05,1021467
2017-12-06,1021467
2017-12-07,1021467
2017-12-08,1021467
2017-12-11,1021467
2017-12-12,1021467
2017-12-13,1021467
2017-12-14,1021467
2017-12-15,1394487
2017-12-18,1394487
2017-12-19,1394487
2017-12-20,1394487
2017-12-21,1394487
2017-12-22,1394487
2017-12-25,1394487
2017-12-26,1394487
2017-12-27,1394487
2017-12-28,1394487
2017-12-29,697928
2018-01-01,697928
2018-01-02,697928
2018-01-03,697928
2018-01-04,697928
2018-01-05,697928
2018-01-08,697928
2018-01-09,697928
2018-01-10,697928
2018-01-11,697928
2018-01-12,761652
2018-01-15,761652
2018-01-16,761652
2018-01-17,761652
2018-01-18,761652
2018-01-19,761652
2018-01-22,761652
2018-01-23,761652
2018-01-24,761652
2018-01-25,761652
2018-01-26,761652
2018-01-29,761652
2018-01-30,761652
2018-01-31,705530
2018-02-01,705530
2018-02-02,705530
2018-02-05,705530
2018-02-06,705530
2018-02-07,705530
2018-02-08,705530
2018-02-09,705530
2018-02-12,705530
2018-02-13,705530
2018-02-14,705530
2018-02-15,5722230
2018-02-16,5722230
2018-02-19,5722230
2018-02-20,5722230
2018-02-21,5722230
2018-02-22,5722230
2018-02-23,5722230
2018-02-26,5722230
2018-02-27,5722230
2018-02-28,990082
2018-03-01,990082
2018-03-02,990082
2018-03-05,990082
2018-03-06,990082
2018-03-07,990082
2018-03-08,990082
2018-03-09,990082
2018-03-12,990082
2018-03-13,990082
2018-03-14,990082
2018-03-15,1562408
2018-03-16,1562408
2018-03-19,1562408
2018-03-20,1562408
2018-03-21,1562408
2018-03-22,1562408
2018-03-23,1562408
2018-03-26,1562408
2018-03-27,1562408
2018-03-28,1562408
2018-03-29,1798249
2018-03-30,1798249
2018-04-02,1798249
2018-04-03,1798249
2018-04-04,1798249
2018-04-05,1798249
2018-04-06,1798249
2018-04-09,1798249
2018-04-10,1798249
2018-04-11,1798249
2018-04-12,1798249
2018-04-13,1540598
2018-04-16,1540598
2018-04-17,1540598
2018-04-18,1540598
2018-04-19,1540598
2018-04-20,1540598
2018-04-23,1540598
2018-04-24,1540598
2018-04-25,1540598
2018-04-26,1540598
2018-04-27,1540598
2018-04-30,1257406
2018-05-01,1257406
2018-05-02,1257406
2018-05-03,1257406
2018-05-04,1257406
2018-05-07,1257406
2018-05-08,1257406
2018-05-09,1257406
2018-05-10,1257406
2018-05-11,1257406
2018-05-14,1257406
2018-05-15,2731471
2018-05-16,2731471
2018-05-17,2731471
2018-05-18,2731471
2018-05-21,2731471
2018-05-22,2731471
2018-05-23,2731471
2018-05-24,2731471
2018-05-25,2731471
2018-05-28,2731471
2018-05-29,2731471
2018-05-30,2731471
2018-05-31,1822038
2018-06-01,1822038
2018-06-04,1822038
2018-06-05,1822038
2018-06-06,1822038
2018-06-07,1822038
2018-06-08,1822038
2018-06-11,1822038
2018-06-12,1822038
2018-06-13,1822038
2018-06-14,1822038
2018-06-15,1881089
2018-06-18,1881089
2018-06-19,1881089
2018-06-20,1881089
2018-06-21,1881089
2018-06-22,1881089
2018-06-25,1881089
2018-06-26,1881089
2018-06-27,1881089
2018-06-28,1881089
2018-06-29,2726764
2018-07-02,2726764
2018-07-03,2726764
2018-07-04,2726764
2018-07-05,2726764
2018-07-06,2726764
2018-07-09,2726764
2018-07-10,2726764
2018-07-11,2726764
2018-07-12,2726764
2018-07-13,2518651
2018-07-16,2518651
2018-07-17,2518651
2018-07-18,2518651
2018-07-19,2518651
2018-07-20,2518651
2018-07-23,2518651
2018-07-24,2518651
2018-07-25,2518651
2018-07-26,2518651
2018-07-27,2518651
2018-07-30,2518651
2018-07-31,2977591
2018-08-01,2977591
2018-08-02,2977591
2018-08-03,2977591
2018-08-06,2977591
2018-08-07,2977591
2018-08-08,2977591
2018-08-09,2977591
2018-08-10,2977591
2018-08-13,2977591
2018-08-14,2977591
2018-08-15,2510200
2018-08-16,2510200
2018-08-17,2510200
2018-08-20,2510200
2018-08-21,2510200
2018-08-22,2510200
2018-08-23,2510200
2018-08-24,2510200
2018-08-27,2510200
2018-08-28,2510200
2018-08-29,2510200
2018-08-30,2510200
2018-08-31,1927664
2018-09-03,1927664
2018-09-04,1927664
2018-09-05,1927664
2018-09-06,1927664
2018-09-07,1927664
2018-09-10,1927664
2018-09-11,1927664
2018-09-12,1927664
2018-09-13,1927664
2018-09-14,1246907
2018-09-17,1246907
2018-09-18,1246907
2018-09-19,1246907
2018-09-20,1246907
2018-09-21,1246907
2018-09-24,1246907
2018-09-25,1246907
2018-09-26,1246907
2018-09-27,1246907
2018-09-28,1139874
2018-10-01,1139874
2018-10-02,1139874
2018-10-03,1139874
2018-10-04,1139874
2018-10-05,1139874
2018-10-08,1139874
2018-10-09,1139874
2018-10-10,1139874
2018-10-11,1139874
2018-10-12,1139874
2018-10-15,1360282
2018-10-16,1360282
2018-10-17,1360282
2018-10-18,1360282
2018-10-19,1360282
2018-10-22,1360282
2018-10-23,1360282
2018-10-24,1360282
2018-10-25,1360282
2018-10-26,1360282
2018-10-29,1360282
2018-10-30,1360282
2018-10-31,1611188
2018-11-01,1611188
2018-11-02,1611188
2018-11-05,1611188
2018-11-06,1611188
2018-11-07,1611188
2018-11-08,1611188
2018-11-09,1611188
2018-11-12,1611188
2018-11-13,1611188
2018-11-14,1611188
2018-11-15,1854312
2018-11-16,1854312
2018-11-19,1854312
2018-11-20,1854312
2018-11-21,1854312
2018-11-22,1854312
2018-11-23,1854312
2018-11-26,1854312
2018-11-27,1854312
2018-11-28,1854312
2018-11-29,1854312
2018-11-30,1077148
2018-12-03,1077148
2018-12-04,1077148
2018-12-05,1077148
2018-12-06,1077148
2018-12-07,1077148
2018-12-10,1077148
2018-12-11,1077148
2018-12-12,1077148
2018-12-13,1077148
2018-12-14,1966151
2018-12-17,1966151
2018-12-18,1966151
2018-12-19,1966151
2018-12-20,1966151
2018-12-21,1966151
2018-12-24,1966151
2018-12-25,1966151
2018-12-26,1966151
2018-12-27,1966151
2018-12-28,1966151
2018-12-31,1285322
2019-01-01,1285322
2019-01-02,1285322
2019-01-03,1285322
2019-01-04,1285322
2019-01-07,1285322
2019-01-08,1285322
2019-01-09,1285322
2019-01-10,1285322
2019-01-11,1285322
2019-01-14,1285322
2019-01-15,1192625
2019-01-16,1192625
2019-01-17,1192625
2019-01-18,1192625
2019-01-21,1192625
2019-01-22,1192625
2019-01-23,1192625
2019-01-24,1192625
2019-01-25,1192625
2019-01-28,1192625
2019-01-29,1192625
2019-01-30,1192625
2019-01-31,838052
2019-02-01,838052
2019-02-04,838052
2019-02-05,838052
2019-02-06,838052
2019-02-07,838052
2019-02-08,838052
2019-02-11,838052
2019-02-12,838052
2019-02-13,838052
2019-02-14,838052
2019-02-15,1244506
2019-02-18,1244506
2019-02-19,1244506
2019-02-20,1244506
2019-02-21,1244506
2019-02-22,1244506
2019-02-25,1244506
2019-02-26,1244506
2019-02-27,1244506
2019-02-28,1920535
2019-03-01,1920535
2019-03-04,1920535
2019-03-05,1920535
2019-03-06,1920535
2019-03-07,1920535
2019-03-08,1920535
2019-03-11,1920535
2019-03-12,1920535
2019-03-13,1920535
2019-03-14,1920535
2019-03-15,2929116
2019-03-18,2929116
2019-03-19,2929116
2019-03-20,2929116
2019-03-21,2929116
2019-03-22,2929116
2019-03-25,2929116
2019-03-26,2929116
2019-03-27,2929116
2019-03-28,2929116
2019-03-29,2911185
2019-04-01,2911185
2019-04-02,2911185
2019-04-03,2911185
2019-04-04,2911185
2019-04-05,2911185
2019-04-08,2911185
2019-04-09,2911185
2019-04-10,2911185
2019-04-11,2911185
2019-04-12,2911185
2019-04-15,5104624
2019-04-16,5104624
2019-04-17,5104624
2019-04-18,5104624
2019-04-19,5104624
2019-04-22,5104624
2019-04-23,5104624
2019-04-24,5104624
2019-04-25,5104624
2019-04-26,5104624
2019-04-29,5104624
2019-04-30,4489207
2019-05-01,4489207
2019-05-02,4489207
2019-05-03,4489207
2019-05-06,4489207
2019-05-07,4489207
2019-05-08,4489207
2019-05-09,4489207
2019-05-10,4489207
2019-05-13,4489207
2019-05-14,4489207
2019-05-15,4435160
2019-05-16,4435160
2019-05-17,4435160
2019-05-20,4435160
2019-05-21,4435160
2019-05-22,4435160
2019-05-23,4435160
2019-05-24,4435160
2019-05-27,4435160
2019-05-28,4435160
2019-05-29,4435160
2019-05-30,4435160
2019-05-31,2822755
2019-06-03,2822755
2019-06-04,2822755
2019-06-05,2822755
2019-06-06,2822755
2019-06-07,2822755
2019-06-10,2822755
2019-06-11,2822755
2019-06-12,2822755
2019-06-13,2822755
2019-06-14,2554338
2019-06-17,2554338
2019-06-18,2554338
2019-06-19,2554338
2019-06-20,2554338
2019-06-21,2554338
2019-06-24,2554338
2019-06-25,2554338
2019-06-26,2554338
2019-06-27,2554338
2019-06-28,2668844
2019-07-01,2668844
2019-07-02,2668844
2019-07-03,2668844
2019-07-04,2668844
2019-07-05,2668844
2019-07-08,2668844
2019-07-09,2668844
2019-07-10,2668844
2019-07-11,2668844
2019-07-12,2668844
2019-07-15,3411473
2019-07-16,3411473
2019-07-17,3411473
2019-07-18,3411473
2019-07-19,3411473
2019-07-22,3411473
2019-07-23,3411473
2019-07-24,3411473
2019-07-25,3411473
2019-07-26,3411473
2019-07-29,3411473
2019-07-30,3411473
2019-07-31,4620658
2019-08-01,4620658
2019-08-02,4620658
2019-08-05,4620658
2019-08-06,4620658
2019-08-07,4620658
2019-08-08,4620658
2019-08-09,4620658
2019-08-12,4620658
2019-08-13,4620658
2019-08-14,4620658
2019-08-15,2118514
2019-08-16,2118514
2019-08-19,2118514
2019-08-20,2118514
2019-08-21,2118514
2019-08-22,2118514
2019-08-23,2118514
2019-08-26,2118514
2019-08-27,2118514
2019-08-28,2118514
2019-08-29,2118514
2019-08-30,2336160
2019-09-02,2336160
2019-09-03,2336160
2019-09-04,2336160
2019-09-05,2336160
2019-09-06,2336160
2019-09-09,2336160
2019-09-10,2336160
2019-09-11,2336160
2019-09-12,2336160
2019-09-13,1801459
2019-09-16,1801459
2019-09-17,1801459
2019-09-18,1801459
2019-09-19,1801459
2019-09-20,1801459
2019-09-23,1801459
2019-09-24,1801459
2019-09-25,1801459
2019-09-26,1801459
2019-09-27,1801459
2019-09-30,1864577
2019-10-01,1864577
2019-10-02,1864577
2019-10-03,1864577
2019-10-04,1864577
2019-10-07,1864577
2019-10-08,1864577
2019-10-09,1864577
2019-10-10,1864577
2019-10-11,1864577
2019-10-14,1864577
2019-10-15,2175858
2019-10-16,2175858
2019-10-17,2175858
2019-10-18,2175858
2019-10-21,2175858
2019-10-22,2175858
2019-10-23,2175858
2019-10-24,2175858
2019-10-25,2175858
2019-10-28,2175858
2019-10-29,2175858
2019-10-30,2175858
2019-10-31,1590415
2019-11-01,1590415
2019-11-04,1590415
2019-11-05,1590415
2019-11-06,1590415
2019-11-07,1590415
2019-11-08,1590415
2019-11-11,1590415
2019-11-12,1590415
2019-11-13,1590415
2019-11-14,1590415
2019-11-15,2049039
2019-11-18,2049039
2019-11-19,2049039
2019-11-20,2049039
2019-11-21,2049039
2019-11-22,2049039
2019-11-25,2049039
2019-11-26,2049039
2019-11-27,2049039
2019-11-28,2049039
2019-11-29,844629
2019-12-02,844629
2019-12-03,844629
2019-12-04,844629
2019-12-05,844629
2019-12-06,844629
2019-12-09,844629
2019-12-10,844629
2019-12-11,844629
2019-12-12,844629
2019-12-13,1027315
2019-12-16,1027315
2019-12-17,1027315
2019-12-18,1027315
2019-12-19,1027315
2019-12-20,1027315
2019-12-23,1027315
2019-12-24,1027315
2019-12-25,1027315
2019-12-26,1027315
2019-12-27,1027315
2019-12-30,1027315
2019-12-31,1011267
2020-01-01,1011267
2020-01-02,1011267
2020-01-03,1011267
2020-01-06,1011267
2020-01-07,1011267
2020-01-08,1011267
2020-01-09,1011267
2020-01-10,1011267
2020-01-13,1011267
2020-01-14,1011267
2020-01-15,1725667
2020-01-16,1725667
2020-01-17,1725667
2020-01-20,1725667
2020-01-21,1725667
2020-01-22,1725667
2020-01-23,1725667
2020-01-24,1725667
2020-01-27,1725667
2020-01-28,1725667
2020-01-29,1725667
2020-01-30,1725667
2020-01-31,1995266
2020-02-03,1995266
2020-02-04,1995266
2020-02-05,1995266
2020-02-06,1995266
2020-02-07,1995266
2020-02-10,1995266
2020-02-11,1995266
2020-02-12,1995266
2020-02-13,1995266
2020-02-14,2674754
2020-02-17,2674754
2020-02-18,2674754
2020-02-19,2674754
2020-02-20,2674754
2020-02-21,2674754
2020-02-24,2674754
2020-02-25,2674754
