Date,mr_252
2011-08-31,0.09851221599011328
2011-09-01,0.08402752769192401
2011-09-02,0.06272563712212564
2011-09-06,0.037145634597602006
2011-09-07,0.06078028747433284
2011-09-08,0.05210072095748863
2011-09-09,0.03308421903653902
2011-09-12,0.03103641279926883
2011-09-13,0.04138589873642151
2011-09-14,0.04373091755201375
2011-09-15,0.04897754433592061
2011-09-16,0.05667751162310686
2011-09-19,0.04664362744038675
2011-09-20,0.04505388991103132
2011-09-21,0.002600696005134795
2011-09-22,-0.013120022602461257
2011-09-23,-0.027252221328678106
2011-09-26,-0.0176883393431726
2011-09-27,0.01350215105396746
2011-09-28,-0.021391820244444304
2011-09-29,-0.023745544282972153
2011-09-30,-0.03383617651205406
2011-10-03,-0.046377685461799545
2011-10-04,-0.019975339087546118
2011-10-05,-0.01039182116127757
2011-10-06,-0.0013711410984383887
2011-10-07,-0.0041356492969394365
2011-10-10,0.017620602911944117
2011-10-11,0.015765708558108882
2011-10-12,0.009541630612910579
2011-10-13,-0.00891439640846492
2011-10-14,0.010428175986694432
2011-10-17,-0.02513935949284063
2011-10-18,-0.011706860220088933
2011-10-19,-0.03352028325351375
2011-10-20,-0.019040282396075914
2011-10-21,-0.0016630370995694976
2011-10-24,0.008347739990216096
2011-10-25,-0.036524172442888636
2011-10-26,-0.02255176229476219
2011-10-27,0.022215817475093047
2011-10-28,0.02775247039035711
2011-10-31,-0.0014421589177381344
2011-11-01,-0.02113829998404182
2011-11-02,-0.013358916030504209
2011-11-03,0.00035804909942926955
2011-11-04,-0.011891626823586576
2011-11-07,0.00026656652586032337
2011-11-08,0.01083740392527699
2011-11-09,-0.03518526444393377
2011-11-10,-0.02345532749333168
2011-11-11,-0.009373462151169076
2011-11-14,-0.042688026889604935
2011-11-15,-0.040295020938161286
2011-11-16,-0.06623096224543323
2011-11-17,-0.08274321821549124
2011-11-18,-0.08114376439823134
2011-11-21,-0.0951869409868984
2011-11-22,-0.09513763467646463
2011-11-23,-0.09990715274249728
2011-11-25,-0.10620902309501157
2011-11-28,-0.08412513942989908
2011-11-29,-0.0738828805680779
2011-11-30,-0.028443425510920717
2011-12-01,-0.04911397134661544
2011-12-02,-0.047195016822699
2011-12-05,-0.04090035257582725
2011-12-06,-0.039541471462590905
2011-12-07,-0.04653153328405246
2011-12-08,-0.06718045178596066
2011-12-09,-0.03943056622487573
2011-12-12,-0.06935117821741743
2011-12-13,-0.07379605933554756
2011-12-14,-0.08218589393323594
2011-12-15,-0.07686564262103812
2011-12-16,-0.07349698833831697
2011-12-19,-0.08817433436640854
2011-12-20,-0.06177092730270306
2011-12-21,-0.06963524027637868
2011-12-22,-0.06280546364375084
2011-12-23,-0.06136311059356836
2011-12-27,-0.06427882671311669
2011-12-28,-0.06567770659771122
2011-12-29,-0.051927952590564375
2011-12-30,-0.0382128205626735
2012-01-03,-0.015272874317619478
2012-01-04,-0.02175966783169181
2012-01-05,-0.03114789467443846
2012-01-06,-0.04346389540522255
2012-01-09,-0.03329504975892972
2012-01-10,-0.028036584157357325
2012-01-11,-0.027664067797268266
2012-01-12,-0.029215840545501748
2012-01-13,-0.03852482423813808
2012-01-17,-0.024866691919927186
2012-01-18,-0.0020160585472721593
2012-01-19,-0.004650819573444709
2012-01-20,-3.882816594691363e-06
2012-01-23,0.010494444174875772
2012-01-24,0.0044107231218530885
2012-01-25,0.018823780470061502
2012-01-26,0.01568164229563007
2012-01-27,0.028601345717554905
2012-01-30,0.02489464073168035
2012-01-31,0.027546831939906813
2012-02-01,0.045323062198361797
2012-02-02,0.04159258097130758
2012-02-03,0.055342580330383084
2012-02-06,0.05008738534906776
2012-02-07,0.05071916973334467
2012-02-08,0.04990251601522644
2012-02-09,0.05390402496534241
2012-02-10,0.04860583641118188
2012-02-13,0.05545252225519337
2012-02-14,0.049643144040042664
2012-02-15,0.033676026051339125
2012-02-16,0.04201752016362503
2012-02-17,0.03583683909010471
2012-02-21,0.0456733967455758
2012-02-22,0.03595375254644351
2012-02-23,0.04611650485436969
2012-02-24,0.04222054497004102
2012-02-27,0.044647032672644915
2012-02-28,0.040310712781122415
2012-02-29,0.03499714462063919
2012-03-01,0.04902733307452012
2012-03-02,0.04709744716737285
2012-03-05,0.04224605707307605
2012-03-06,0.030673857551389183
2012-03-07,0.051434140053099986
2012-03-08,0.061474749798689166
2012-03-09,0.06852496206257053
2012-03-12,0.07174083300940093
2012-03-13,0.08448176227234017
2012-03-14,0.06829685238265593
2012-03-15,0.09238884356808752
2012-03-16,0.09000118347261488
2012-03-19,0.08767780647179402
2012-03-20,0.07346247970175956
2012-03-21,0.07560214689222566
2012-03-22,0.056277946240428145
2012-03-23,0.06337812462544523
2012-03-26,0.08139700695689633
2012-03-27,0.07502403763933363
2012-03-28,0.06112215884809857
2012-03-29,0.06684587915686668
2012-03-30,0.07826357554068841
2012-04-02,0.07966612487506297
2012-04-03,0.06441393875396084
2012-04-04,0.054003653812625396
2012-04-05,0.05366020006062544
2012-04-09,0.04902161314515707
2012-04-10,0.044871066681814176
2012-04-11,0.053587076870665884
2012-04-12,0.07365911799761737
2012-04-13,0.060912159925863296
2012-04-16,0.058693403869534366
2012-04-17,0.07028921269352928
2012-04-18,0.06704002448743718
2012-04-19,0.06333532287188715
2012-04-20,0.0640019034023327
2012-04-23,0.05807192158402774
2012-04-24,0.06635562174068244
2012-04-25,0.07797366221288082
2012-04-26,0.07203899832853633
2012-04-27,0.07841595138539281
2012-04-30,0.07346269163319663
2012-05-01,0.08549227193295095
2012-05-02,0.08936112477316405
2012-05-03,0.06057089462262
2012-05-04,0.03942969610788416
2012-05-07,0.04492839589865372
2012-05-08,0.03437173440280272
2012-05-09,0.035707427280430304
2012-05-10,0.0393483789476865
2012-05-11,0.03075147903376818
2012-05-14,0.021158862744065976
2012-05-15,0.0012290168429900383
2012-05-16,-0.008193342556253813
2012-05-17,-0.019431256424060073
2012-05-18,-0.027801940826262195
2012-05-21,-0.00540426541533634
2012-05-22,-0.013389376631299577
2012-05-23,-0.022207153754872477
2012-05-24,-0.02671906733837892
2012-05-25,-0.029320810256157848
2012-05-29,-0.018654965138568014
2012-05-30,-0.03253652934887219
2012-05-31,-0.026105784918207142
2012-06-01,-0.05281927328921687
2012-06-04,-0.047733737516349684
2012-06-05,-0.041247974986121205
2012-06-06,-0.007261334385863738
2012-06-07,-0.014641352044140188
2012-06-08,-0.017207856623238094
2012-06-11,-0.029792831802707975
2012-06-12,-0.01673223322664863
2012-06-13,-0.03832981912046862
2012-06-14,-0.015304771487580138
2012-06-15,0.004775946630452665
2012-06-18,0.009628371348691989
2012-06-19,0.02728337214383525
2012-06-20,0.008821932425096213
2012-06-21,-0.018150853423152813
2012-06-22,-0.006054503782407461
2012-06-25,-0.014020681783333933
2012-06-26,-0.01196863392488512
2012-06-27,-0.005155800607031247
2012-06-28,-0.007857106335110275
2012-06-29,0.006634909511048281
2012-07-02,0.020629454086678933
2012-07-03,0.01930545819676932
2012-07-05,0.032694920038878195
2012-07-06,0.023761340639852024
2012-07-09,0.024836740031004556
2012-07-10,0.012038602369816687
2012-07-11,0.022097300903490602
2012-07-12,0.024578589124160555
2012-07-13,0.03371877014065405
2012-07-16,0.015256335635593476
2012-07-17,0.016335190912212028
2012-07-18,0.026570020823615037
2012-07-19,0.029162604186032004
2012-07-20,0.015618092016008278
2012-07-23,0.007391546985867414
2012-07-24,-0.001291292888013107
2012-07-25,0.008174252339911758
2012-07-26,0.03520255673127681
2012-07-27,0.05164818875970756
2012-07-30,0.04946512883286469
2012-07-31,0.057323896268330454
2012-08-01,0.054607820022361864
2012-08-02,0.0556905699127177
2012-08-03,0.08040587943396083
2012-08-06,0.08304994858206416
2012-08-07,0.08533605893997875
2012-08-08,0.07773500629544894
2012-08-09,0.06661706481014162
2012-08-10,0.07009414952356163
2012-08-13,0.07308079687260083
2012-08-14,0.07138265372880337
2012-08-15,0.08350727126924595
2012-08-16,0.08323414578674204
2012-08-17,0.07997339966996031
2012-08-20,0.08766746588184637
2012-08-21,0.09633460870750676
2012-08-22,0.09325479447906337
2012-08-23,0.09057260719827598
2012-08-24,0.0793332488322791
2012-08-27,0.0743768512879115
2012-08-28,0.07045428755153904
2012-08-29,0.0642060949455916
2012-08-30,0.059396204149869014
2012-08-31,0.07590494486378718
2012-09-04,0.0637916562691423
2012-09-05,0.06301583191746474
2012-09-06,0.0874690377177767
2012-09-07,0.1027623641576374
2012-09-10,0.09942496403665602
2012-09-11,0.12402781918286032
2012-09-12,0.1352913999075982
2012-09-13,0.1578477212463194
2012-09-14,0.1552557083043764
2012-09-17,0.15082356041639366
2012-09-18,0.14778839478719408
2012-09-19,0.14664986979289218
2012-09-20,0.15381537045213434
2012-09-21,0.15286016790064294
2012-09-24,0.1405538122185328
2012-09-25,0.13964532972490917
2012-09-26,0.13511600074168717
2012-09-27,0.15064832505890213
2012-09-28,0.15199946152523136
2012-10-01,0.1598543009246305
2012-10-02,0.16947065145996465
2012-10-03,0.16230138089565416
2012-10-04,0.16129032258064657
2012-10-05,0.16078889722263234
2012-10-08,0.16447335389970985
2012-10-09,0.14911763995399285
2012-10-10,0.14781756163320492
2012-10-11,0.1437032418952635
2012-10-12,0.14604279333979941
2012-10-15,0.16006624503995992
2012-10-16,0.16455714944043498
2012-10-17,0.17834955477324654
2012-10-18,0.17619766202630682
2012-10-19,0.16393684630090455
2012-10-22,0.169400498892887
2012-10-23,0.16008378051274263
2012-10-24,0.16447673519864114
2012-10-25,0.17074193097666757
2012-10-26,0.17623762376237773
2012-10-31,0.15916086791323925
2012-11-01,0.16368197798207662
2012-11-02,0.1423461918312241
2012-11-05,0.14000219691699445
2012-11-06,0.15699939636722937
2012-11-07,0.14403308727444952
2012-11-08,0.13669193500965227
2012-11-09,0.1363034171657571
2012-11-12,0.14943886591848887
2012-11-13,0.14654359078970947
2012-11-14,0.12363435838731074
2012-11-15,0.1321981508586607
2012-11-16,0.12385146108319711
2012-11-19,0.14002939735423903
2012-11-20,0.1396535035726334
2012-11-21,0.131104709586656
2012-11-23,0.1602025316455704
2012-11-26,0.15465637935892218
2012-11-27,0.14640706087351862
2012-11-28,0.14767287892845316
2012-11-29,0.14946747925787252
2012-11-30,0.1481308411214961
2012-12-03,0.14248470223218224
2012-12-04,0.1399340301007852
2012-12-05,0.12166976067432733
2012-12-06,0.15428937603706028
2012-12-07,0.15888171304739718
2012-12-10,0.1539998892665344
2012-12-11,0.1606937076110193
2012-12-12,0.15002058152153652
2012-12-13,0.13750311487665168
2012-12-14,0.14467052454732232
2012-12-17,0.14061165457125124
2012-12-18,0.1446053653709054
2012-12-19,0.14502437503542964
2012-12-20,0.1644561911888811
2012-12-21,0.1421897005370092
2012-12-24,0.13376270600092233
2012-12-26,0.12674149220890585
2012-12-27,0.132138473216032
2012-12-28,0.12909660872043416
2012-12-31,0.14501780766318206
2013-01-02,0.15955803897343834
2013-01-03,0.1410690619938164
2013-01-04,0.14475647428847727
2013-01-07,0.14838813510695736
2013-01-08,0.14975999049398214
2013-01-09,0.1580716608284518
2013-01-10,0.17160877341617375
2013-01-11,0.16060887825569248
2013-01-14,0.17192994660776817
2013-01-15,0.17749441112251874
2013-01-16,0.1755762271391459
2013-01-17,0.18806343573865547
2013-01-18,0.171902339740984
2013-01-22,0.18098590088439415
2013-01-23,0.1787595766833996
2013-01-24,0.1709629179897525
2013-01-25,0.17442541607801387
2013-01-28,0.16539964855091926
2013-01-29,0.17194188945242117
2013-01-30,0.17891902196407639
2013-01-31,0.1862587169655967
2013-02-01,0.19527261947397134
2013-02-04,0.18583261866491507
2013-02-05,0.1807254874801867
2013-02-06,0.17484825551499306
2013-02-07,0.14886230386241617
2013-02-08,0.16153983885407497
2013-02-11,0.1587440584697699
2013-02-12,0.16366421568627598
2013-02-13,0.16383571706715006
2013-02-14,0.17553566483935734
2013-02-15,0.15860987452754904
2013-02-19,0.1744736257644075
2013-02-20,0.1354543206279637
2013-02-21,0.12552169542126723
2013-02-22,0.14665345510068617
2013-02-25,0.13624929680016784
2013-02-26,0.13356975391891757
2013-02-27,0.1486571714766578
2013-02-28,0.15266618707702628
2013-03-01,0.15282890252215564
2013-03-04,0.13314039816840673
2013-03-05,0.14650336433053757
2013-03-06,0.1450334783024696
2013-03-07,0.15617071440669172
2013-03-08,0.14113111961039748
2013-03-11,0.15145915764526485
2013-03-12,0.15253024217148514
2013-03-13,0.14020862120531308
2013-03-14,0.14807623925517155
2013-03-15,0.1505045062777648
2013-03-18,0.1369646342337436
2013-03-19,0.1315392379258331
2013-03-20,0.1303119117639735
2013-03-21,0.13200317322516608
2013-03-22,0.14404979909534932
2013-03-25,0.13187057694415394
2013-03-26,0.14424405708910792
2013-03-27,0.1578122125334207
2013-03-28,0.16305573633667558
2013-04-01,0.15952263164774338
2013-04-02,0.15968553500704363
2013-04-03,0.15903877500128183
2013-04-04,0.16630284670557494
2013-04-05,0.16649357585828484
2013-04-08,0.16331380631858594
2013-04-09,0.1654746568344383
2013-04-10,0.1824569188669496
2013-04-11,0.18653456243894984
2013-04-12,0.18027947738614492
2013-04-15,0.14491967657636406
2013-04-16,0.17063301747660686
2013-04-17,0.16084785175349547
2013-04-18,0.1539822546205476
2013-04-19,0.1611235247168601
2013-04-22,0.16901984891151578
2013-04-23,0.18093060075644485
2013-04-24,0.1882692144981699
2013-04-25,0.19471265974408625
2013-04-26,0.1852595074812986
2013-04-29,0.20764031241080638
2013-04-30,0.20911472127594632
2013-05-01,0.18990258584420383
2013-05-02,0.189040475882583
2013-05-03,0.18539307698767127
2013-05-06,0.19351518768853726
2013-05-07,0.19337753679817782
2013-05-08,0.19032444959443962
2013-05-09,0.184486932590882
2013-05-10,0.17582304658899872
2013-05-13,0.16882779459100727
2013-05-14,0.16028196090996638
2013-05-15,0.15737473535638835
2013-05-16,0.13720193040873485
2013-05-17,0.1098697889219995
2013-05-20,0.11829384037453994
2013-05-21,0.11701985277715976
2013-05-22,0.10254010695187321
2013-05-23,0.11455852567384261
2013-05-24,0.08821147120763273
2013-05-28,0.07911183036245673
2013-05-29,0.08038799251910023
2013-05-30,0.06733843067525425
2013-05-31,0.0512258321706216
2013-06-03,0.06252153217420586
2013-06-04,0.05593649300024306
2013-06-05,0.03029280149658109
2013-06-06,0.05503959762635002
2013-06-07,0.035011051150139805
2013-06-10,0.03968604751755933
2013-06-11,0.02892221036535214
2013-06-12,0.03594112871694599
2013-06-13,0.051531836792321206
2013-06-14,0.03757015702949684
2013-06-17,0.046011530283436075
2013-06-18,0.04976512014616974
2013-06-19,0.023357452016639302
2013-06-20,-0.012695600826688858
2013-06-21,-0.01245593272734502
2013-06-24,-0.00757989471154763
2013-06-25,-0.014952740608149218
2013-06-26,0.00786336717889613
2013-06-27,0.0051250755061260644
2013-06-28,0.004357342534416331
2013-07-01,0.008684730450031486
2013-07-02,0.004009015236123403
2013-07-03,0.012258683363394418
2013-07-05,0.006101930468395356
2013-07-08,0.019811218400783037
2013-07-09,0.03426326166179261
2013-07-10,0.03461851541197314
2013-07-11,0.04156867111068019
2013-07-12,0.03292251644272026
2013-07-15,0.044114536941700644
2013-07-16,0.04479481255032325
2013-07-17,0.04936566842150869
2013-07-18,0.0453420711042285
2013-07-19,0.045974535854724774
2013-07-22,0.043547231761044136
2013-07-23,0.05077405086620179
2013-07-24,0.044430156959448075
2013-07-25,0.062327831609543694
2013-07-26,0.06509201946665977
2013-07-29,0.05212526218681224
2013-07-30,0.03817050613755035
2013-07-31,0.03392906241407956
2013-08-01,0.02778485852663981
2013-08-02,0.030501132524425545
2013-08-05,0.02056637162746311
2013-08-06,0.025594784780822444
2013-08-07,0.027617951668586604
2013-08-08,0.04414330412350154
2013-08-09,0.03769595466574849
2013-08-12,0.03163849360181992
2013-08-13,0.02519574595984797
2013-08-14,0.029457674786908195
2013-08-15,0.03180212014134476
2013-08-16,0.035266601327290203
2013-08-19,0.02507258970392079
2013-08-20,0.021385139786347374
2013-08-21,0.010115488945541706
2013-08-22,0.009168350376966616
2013-08-23,0.00218708652283639
2013-08-26,0.003944657050340528
2013-08-27,-0.009844099877475032
2013-08-28,-0.006187762316329559
2013-08-29,-0.010890323514203715
2013-08-30,-0.018608799407023424
2013-09-03,0.007326172774823725
2013-09-04,0.02177635082883911
2013-09-05,0.015821942627229024
2013-09-06,0.03135310556206794
2013-09-09,0.04151772779203333
2013-09-10,0.0520792079207939
2013-09-11,0.05134424479736821
2013-09-12,0.0566156445770698
2013-09-13,0.06081119517606437
2013-09-16,0.07177734959369242
2013-09-17,0.08725915826486519
2013-09-18,0.11088836472115671
2013-09-19,0.11189027257217532
2013-09-20,0.10351904496275921
2013-09-23,0.09967897414803173
2013-09-24,0.08990663364316664
2013-09-25,0.09773771414029331
2013-09-26,0.10324152145400256
2013-09-27,0.10498068350668865
2013-09-30,0.09886983840411645
2013-10-01,0.10773749916550024
2013-10-02,0.11134994107488505
2013-10-03,0.10307580183564724
2013-10-04,0.11196767174386268
2013-10-07,0.10334055167027767
2013-10-08,0.09216365071528632
2013-10-09,0.08771997205156756
2013-10-10,0.10183367333984994
2013-10-11,0.10100804488853288
2013-10-14,0.10092165015616494
2013-10-15,0.0963864116707065
2013-10-16,0.11403999317161206
2013-10-17,0.127208402627367
2013-10-18,0.12704299021480625
2013-10-21,0.1250858864361113
2013-10-22,0.14337433878345163
2013-10-23,0.13429659399706462
2013-10-24,0.11978183405269527
2013-10-25,0.11670217997049859
2013-10-28,0.11732542886933128
2013-10-29,0.105502200763401
2013-10-30,0.09926192472041251
2013-10-31,0.10984055826496775
2013-11-01,0.10756793173141888
2013-11-04,0.12022193114481516
2013-11-05,0.12913678804447692
2013-11-06,0.1453529214135203
2013-11-07,0.12131996587898874
2013-11-08,0.12618421568442617
2013-11-11,0.11573010236056169
2013-11-12,0.1035664429938834
2013-11-13,0.12090032154341035
2013-11-14,0.11989303094896164
2013-11-15,0.12653868508028676
2013-11-18,0.11245581520318315
2013-11-19,0.10829266602869336
2013-11-20,0.0900405439904477
2013-11-21,0.08235253422347699
2013-11-22,0.07770023550763971
2013-11-25,0.07233425080326783
2013-11-26,0.0655276147672017
2013-11-27,0.05840333355380811
2013-11-29,0.04988230019056328
2013-12-02,0.051856554569103874
2013-12-03,0.05992701840617798
2013-12-04,0.041304385255076514
2013-12-05,0.03855386442048925
2013-12-06,0.0521128940715152
2013-12-09,0.04764442457947071
2013-12-10,0.047137391463723644
2013-12-11,0.03839663594687881
2013-12-12,0.04510463950193211
2013-12-13,0.048509207269733956
2013-12-16,0.06052876391681572
2013-12-17,0.04810139599455132
2013-12-18,0.03575344343178388
2013-12-19,0.03672183360874137
2013-12-20,0.032025231049255476
2013-12-23,0.04016276692364107
2013-12-24,0.043226211902920975
2013-12-26,0.038388568889194064
2013-12-27,0.042884801548888074
2013-12-30,0.044850150894912844
2013-12-31,0.04257818611067776
2014-01-02,0.03822827783669891
2014-01-03,0.05773277614926453
2014-01-06,0.06004303090982832
2014-01-07,0.06057444588753946
2014-01-08,0.05648160102376676
2014-01-09,0.06453959543105237
2014-01-10,0.07971783754824391
2014-01-13,0.08980266559389571
2014-01-14,0.0931253530478573
2014-01-15,0.09751718107301732
2014-01-16,0.1018808156800648
2014-01-17,0.08250666470659884
2014-01-21,0.09331178426824205
2014-01-22,0.09559029101537808
2014-01-23,0.08793609574348116
2014-01-24,0.05835001544770968
2014-01-27,0.055112980128529276
2014-01-28,0.06495183375668634
2014-01-29,0.050722023695454865
2014-01-30,0.048960210056868236
2014-01-31,0.04193382575571003
2014-02-03,0.03108698131458376
2014-02-04,0.04958173984401393
2014-02-05,0.04396134789846551
2014-02-06,0.05917800665629591
2014-02-07,0.06611514473232938
2014-02-10,0.056839886160009456
2014-02-11,0.07051766523846426
2014-02-12,0.06864076320249723
2014-02-13,0.07910264255598776
2014-02-14,0.08532917330699763
2014-02-18,0.07598380148972561
2014-02-19,0.06990995637986641
2014-02-20,0.07919964024997705
2014-02-21,0.07259566246167326
2014-02-24,0.0896283246271854
2014-02-25,0.08547773551130144
2014-02-26,0.08169170000251724
2014-02-27,0.0905997281519233
2014-02-28,0.0945706518931595
2014-03-03,0.09957217370919658
2014-03-04,0.11776984827505532
2014-03-05,0.12437451839135516
2014-03-06,0.13652445977952676
2014-03-07,0.13607807614762102
2014-03-10,0.1366250291981368
2014-03-11,0.129190698036318
2014-03-12,0.12877077519057045
2014-03-13,0.13666124178463446
2014-03-14,0.13340394971078817
2014-03-17,0.14650983977889198
2014-03-18,0.16365005453710024
2014-03-19,0.15013111162744486
2014-03-20,0.14743632263199902
2014-03-21,0.14303151476322618
2014-03-24,0.14077493753285575
2014-03-25,0.14713156450843656
2014-03-26,0.14554764092398775
2014-03-27,0.1536927301633193
2014-03-28,0.1587027595038044
2014-03-31,0.1588420265634629
2014-04-01,0.15450280704452912
2014-04-02,0.13745004611128286
2014-04-03,0.13772716238845129
2014-04-04,0.13456572866470506
2014-04-07,0.12728821707741078
2014-04-08,0.13105026643689155
2014-04-09,0.14823888608467728
2014-04-10,0.1430540005167522
2014-04-11,0.14096162174790483
2014-04-14,0.1349817127363735
2014-04-15,0.1342678371158279
2014-04-16,0.1362587738673744
2014-04-17,0.12966760455911186
2014-04-21,0.128949238951936
2014-04-22,0.1309967543734316
2014-04-23,0.13819652132047944
2014-04-24,0.1348142026440351
2014-04-25,0.13624853280007043
2014-04-28,0.12571946084734575
2014-04-29,0.13303847338728514
2014-04-30,0.15597741388126796
2014-05-01,0.15287017909136869
2014-05-02,0.16405112331773375
2014-05-05,0.15851403415198195
2014-05-06,0.1537206451770028
2014-05-07,0.1543831421250832
2014-05-08,0.14520224371404788
2014-05-09,0.1306324374916441
2014-05-12,0.14184906434579903
2014-05-13,0.14654692164191796
2014-05-14,0.15050966077431882
2014-05-15,0.1429502817354864
2014-05-16,0.14245101681500372
2014-05-19,0.13679011814327935
2014-05-20,0.11501127666952593
2014-05-21,0.11357354114452045
2014-05-22,0.11343842483541788
2014-05-23,0.11671474958656813
2014-05-27,0.11214067741412448
2014-05-28,0.11360781614490367
2014-05-29,0.10936419093138872
2014-05-30,0.11080004652599307
2014-06-02,0.10010152284264029
2014-06-03,0.09285740028110778
2014-06-04,0.09098620515809519
2014-06-05,0.09872836806568897
2014-06-06,0.10350759234973483
2014-06-09,0.10250942781321348
2014-06-10,0.10186701256724917
2014-06-11,0.10318656382488611
2014-06-12,0.12216164590711975
2014-06-13,0.1141428090533918
2014-06-16,0.11608656046097865
2014-06-17,0.11439819248739425
2014-06-18,0.12334372100768443
2014-06-19,0.12020701446328808
2014-06-20,0.10835041186291883
2014-06-23,0.10251846660334452
2014-06-24,0.09508837916907464
2014-06-25,0.10186020219017489
2014-06-26,0.1083403812715713
2014-06-27,0.11180408604492276
2014-06-30,0.10932180066837094
2014-07-01,0.11376695193172526
2014-07-02,0.10996084503579429
2014-07-03,0.11472959767562219
2014-07-07,0.11322091762227893
2014-07-08,0.11242467778649856
2014-07-09,0.10645658338098318
2014-07-10,0.1037903788296779
2014-07-11,0.09725046414994298
2014-07-14,0.09821393778008725
2014-07-15,0.09139613992417961
2014-07-16,0.08462083113959462
2014-07-17,0.07432469205231973
2014-07-18,0.07771926803404283
2014-07-21,0.07979739826249
2014-07-22,0.07666413291345453
2014-07-23,0.08167778403542414
2014-07-24,0.0733604986299039
2014-07-25,0.07713003674578633
2014-07-28,0.07312684711762674
2014-07-29,0.05681879654507127
2014-07-30,0.051210898082744816
2014-07-31,0.04916944803503576
2014-08-01,0.04034394339586278
2014-08-04,0.03931206771432105
2014-08-05,0.0330970784313227
2014-08-06,0.034658703925319
2014-08-07,0.033966414280276025
2014-08-08,0.030119648484538297
2014-08-11,0.02305775834035395
2014-08-12,0.018902254119074424
2014-08-13,0.025016367281803786
2014-08-14,0.030470701739814254
2014-08-15,0.0352624474664498
2014-08-18,0.031712667838232456
2014-08-19,0.03454793336045614
2014-08-20,0.03735423437201324
2014-08-21,0.038506943781161596
2014-08-22,0.03805187434304491
2014-08-25,0.032148624763164824
2014-08-26,0.03329868690898885
2014-08-27,0.04681933713020525
2014-08-28,0.04594690247525457
2014-08-29,0.03965403169179216
2014-09-02,0.034322404163975806
2014-09-03,0.03323778971545743
2014-09-04,0.02808234249683239
2014-09-05,0.038474661517504005
2014-09-08,0.03491805307544116
2014-09-09,0.025080648825480667
2014-09-10,0.023561956251632488
2014-09-11,0.019833885535333717
2014-09-12,0.006022251709707271
2014-09-15,0.00873258489803197
2014-09-16,0.0083071243852757
2014-09-17,-0.014809724120743217
2014-09-18,-0.007736681029275272
2014-09-19,-0.009847475475671552
2014-09-22,0.006967992513810417
2014-09-23,-0.0012372876241057984
2014-09-24,0.007600887419632718
2014-09-25,-0.01416900512848851
2014-09-26,-0.018793676640206147
2014-09-29,-0.03505891309454834
2014-09-30,-0.028887096895748532
2014-10-01,-0.03311371394553786
2014-10-02,-0.021862466126362556
2014-10-03,-0.03432152368229058
2014-10-06,-0.030625644991600698
2014-10-07,-0.03453366373174449
2014-10-08,-0.013885542168674658
2014-10-09,-0.029246575686242893
2014-10-10,-0.03977175062702065
2014-10-13,-0.03954715788126684
2014-10-14,-0.046879508248133805
2014-10-15,-0.025540620033890127
2014-10-16,-0.03287827575611235
2014-10-17,-0.03038147087705556
2014-10-20,-0.015300344981960756
2014-10-21,-0.006894995203972076
2014-10-22,-0.009789662677914035
2014-10-23,-0.017105975807907514
2014-10-24,-0.00241181337277796
2014-10-27,0.0012006787971154953
2014-10-28,0.0073179289258684665
2014-10-29,-0.008013230098473767
2014-10-30,0.0034269738918701886
2014-10-31,0.0007100591715978322
2014-11-03,-0.00765786521355849
2014-11-04,0.001966746830483368
2014-11-05,-0.005696903693411026
2014-11-06,-0.010129333006203556
2014-11-07,-0.004254264590475176
2014-11-10,0.00978241418018344
2014-11-11,0.020583731195388033
2014-11-12,0.0290976040504507
2014-11-13,0.025081968443087632
2014-11-14,0.03332012346435298
2014-11-17,0.03527300269215705
2014-11-18,0.0384234779045014
2014-11-19,0.028066498201890777
2014-11-20,0.03211112276548267
2014-11-21,0.025459229782156534
2014-11-24,0.017570698947205976
2014-11-25,0.0018737010710787594
2014-11-26,0.014709843474097317
2014-11-28,0.0021179758682896566
2014-12-01,0.00894834235727382
2014-12-02,0.0026221282712770577
2014-12-03,0.007918412581796597
2014-12-04,0.012188018102792242
2014-12-05,0.00362431087703885
2014-12-08,-0.007349566476324454
2014-12-09,-0.00018650174938583675
2014-12-10,0.011932474201819865
2014-12-11,0.01148996910417055
2014-12-12,0.00608608941745703
2014-12-15,-0.0014610935732979335
2014-12-16,0.006019857712454613
2014-12-17,0.004393810458311442
2014-12-18,0.01891592975216927
2014-12-19,0.013461762496933316
2014-12-22,0.010815799416534766
2014-12-23,0.005102956891716692
2014-12-24,0.010301953818828258
2014-12-26,0.012043184230778214
2014-12-29,0.02155129237264619
2014-12-30,0.022642824827750374
2014-12-31,0.019999629339050307
2015-01-02,0.010844556417999307
2015-01-05,0.00737902145558289
2015-01-06,0.01632841954572717
2015-01-07,0.019354345259610772
2015-01-08,0.027612578008338717
2015-01-09,0.024722325281558044
2015-01-12,0.026229310240730497
2015-01-13,0.019727643953905805
2015-01-14,0.02470435678898819
2015-01-15,0.03708937989038663
2015-01-16,0.03491587625668746
2015-01-20,0.018480583760561053
2015-01-21,0.012655674389141947
2015-01-22,-0.0005423413651504116
2015-01-23,-0.0072274697953729206
2015-01-26,-0.0034934347519313125
2015-01-27,0.002680036127034935
2015-01-28,0.0020760803602799527
2015-01-29,-0.01429518826910281
2015-01-30,-0.022586633663366107
2015-02-02,-0.019464881465278805
2015-02-03,0.006087999941107869
2015-02-04,-0.0010486692938589393
2015-02-05,0.009984748248010433
2015-02-06,-0.0011300542965346771
2015-02-09,-0.0007903278574025174
2015-02-10,0.0050502885266709985
2015-02-11,-0.0004604434952553138
2015-02-12,0.00449537241075415
2015-02-13,0.007315297011829536
2015-02-17,0.013523037617831468
2015-02-18,0.010152855521196713
2015-02-19,0.0030939307595418963
2015-02-20,0.008988346447452056
2015-02-23,0.005017288561927069
2015-02-24,-0.00010264832683171132
2015-02-25,0.023917202354338807
2015-02-26,0.027889351194307688
2015-02-27,0.03248805702837676
2015-03-02,0.03401712572862481
2015-03-03,0.03433306205915465
2015-03-04,0.03532672339761134
2015-03-05,0.020118478874682655
2015-03-06,0.006244450732259876
2015-03-09,0.015079433798663944
2015-03-10,-0.01254207522318107
2015-03-11,-0.020487314647002597
2015-03-12,0.012314784326638462
2015-03-13,1.829283908527657e-05
2015-03-16,0.018064487807019747
2015-03-17,0.0021133141228650842
2015-03-18,0.021182255196786848
2015-03-19,0.004931731374299808
2015-03-20,0.031896485496775595
2015-03-23,0.04404441995093755
2015-03-24,0.039918271411086614
2015-03-25,0.02482232326803313
2015-03-26,0.02447141141836706
2015-03-27,0.03027281492686873
2015-03-30,0.014044330885947476
2015-03-31,0.008592313731609957
2015-04-01,0.010187510667869937
2015-04-02,0.013554734647599043
2015-04-06,0.023337466123918293
2015-04-07,0.016854932499811515
2015-04-08,0.02781414330537091
2015-04-09,0.026506605626026802
2015-04-10,0.02282201171084708
2015-04-13,0.010570350362259395
2015-04-14,0.02742556119345929
2015-04-15,0.03409721062708848
2015-04-16,0.04288060989222653
2015-04-17,0.03940381292632278
2015-04-20,0.035308566165183075
2015-04-21,0.03061897028742866
2015-04-22,0.029016244662773083
2015-04-23,0.012773142412315197
2015-04-24,0.01401347135236164
2015-04-27,0.018925434882981484
2015-04-28,0.031118669008748823
2015-04-29,0.021889594585705607
2015-04-30,0.020121114074059365
2015-05-01,0.015904962518868526
2015-05-04,0.014806727849612678
2015-05-05,0.016142652942101154
2015-05-06,0.0033881614227353474
2015-05-07,-0.006560614371914575
2015-05-08,-0.0002840628546979529
2015-05-11,-0.017034134112408728
2015-05-12,-0.015620197959911097
2015-05-13,-0.0013319672131152371
2015-05-14,0.004960218220322776
2015-05-15,0.0017117834880602256
2015-05-18,-0.005811016281096482
2015-05-19,-0.014548508045618358
2015-05-20,-0.019651547869139918
2015-05-21,-0.012480116414350761
2015-05-22,-0.015445924612753847
2015-05-26,-0.02635573340692754
2015-05-27,-0.030801192524858245
2015-05-28,-0.0404356791728161
2015-05-29,-0.03808567260250939
2015-06-01,-0.04309801180111217
2015-06-02,-0.023271334297319757
2015-06-03,-0.025939924991810415
2015-06-04,-0.029215757950679877
2015-06-05,-0.03889478549662817
2015-06-08,-0.019967298000335698
2015-06-09,-0.02474919333335024
2015-06-10,-0.02029971252064411
2015-06-11,-0.04257896527167726
2015-06-12,-0.04781465578441835
2015-06-15,-0.04813911944726457
2015-06-16,-0.04875844178749189
2015-06-17,-0.059835133598636236
2015-06-18,-0.06715059516586386
2015-06-19,-0.0741429293201814
2015-06-22,-0.07406589523893714
2015-06-23,-0.0798585115235545
2015-06-24,-0.07578970373908356
2015-06-25,-0.08126467123535075
2015-06-26,-0.0870058941221008
2015-06-29,-0.09271484905755534
2015-06-30,-0.09624969088831048
2015-07-01,-0.09202771171543844
2015-07-02,-0.08906052361592343
2015-07-06,-0.09876553859956416
2015-07-07,-0.10287330029385378
2015-07-08,-0.0989128409633534
2015-07-09,-0.09993666533742118
2015-07-10,-0.09785982965108775
2015-07-13,-0.10511606980627675
2015-07-14,-0.09464511636937978
2015-07-15,-0.10317177476835393
2015-07-16,-0.11076332957349633
2015-07-17,-0.10592356853597473
2015-07-20,-0.09827879184499155
2015-07-21,-0.08410338824159713
2015-07-22,-0.08461291295054141
2015-07-23,-0.0832291753292621
2015-07-24,-0.09341035983230428
2015-07-27,-0.09262867025823573
2015-07-28,-0.07843766081696946
2015-07-29,-0.07714116952155992
2015-07-30,-0.08554694837724963
2015-07-31,-0.081120635584362
2015-08-03,-0.07485923356832858
2015-08-04,-0.08831532737631997
2015-08-05,-0.08454622354387842
2015-08-06,-0.08828899338109908
2015-08-07,-0.0835678175822675
2015-08-10,-0.08231526331805261
2015-08-11,-0.10489569817347111
2015-08-12,-0.09263708353874345
2015-08-13,-0.11142631678836556
2015-08-14,-0.11665546525020876
2015-08-17,-0.10647232769330428
2015-08-18,-0.11233764691024328
2015-08-19,-0.10246687625336126
2015-08-20,-0.10455091619104906
2015-08-21,-0.0971881515430425
2015-08-24,-0.14112581885252962
2015-08-25,-0.13964166154694957
2015-08-26,-0.14224847438574018
2015-08-27,-0.1227294468569109
2015-08-28,-0.1262805494664252
2015-08-31,-0.14215246298545126
2015-09-01,-0.15326671094740718
2015-09-02,-0.15392488245180114
2015-09-03,-0.15016515370254258
2015-09-04,-0.16822141224439435
2015-09-08,-0.14569050136386985
2015-09-09,-0.14067336972714806
2015-09-10,-0.14550370164489546
2015-09-11,-0.14588798385863233
2015-09-14,-0.14409103788860167
2015-09-15,-0.13465635018979583
2015-09-16,-0.13064820689733858
2015-09-17,-0.13181842371348051
2015-09-18,-0.12468164998168252
2015-09-21,-0.13476751516012542
2015-09-22,-0.1377573813101578
2015-09-23,-0.14618795812316243
2015-09-24,-0.1306325652552911
2015-09-25,-0.12731932616066477
2015-09-28,-0.13808292429154956
2015-09-29,-0.14312220113996943
2015-09-30,-0.13757414718797767
2015-10-01,-0.13909036020268617
2015-10-02,-0.12871998776571403
2015-10-05,-0.11233555713923349
2015-10-06,-0.10462905219018226
2015-10-07,-0.09759806498032875
2015-10-08,-0.08730608431982168
2015-10-09,-0.08639472629372569
2015-10-12,-0.07430304980349844
2015-10-13,-0.08084636840115711
2015-10-14,-0.05660772583059648
2015-10-15,-0.038465272419766605
2015-10-16,-0.03965843893203469
2015-10-19,-0.03923339828153505
2015-10-20,-0.03490101666845635
2015-10-21,-0.0382503045121485
2015-10-22,-0.01977737668539803
2015-10-23,-0.017125003835101404
2015-10-26,-0.013460299276867538
2015-10-27,-0.008830547094973107
2015-10-28,-0.02634261384928116
2015-10-29,-0.022338765381565984
2015-10-30,-0.015091037489638026
2015-11-02,-0.014302494299731183
2015-11-03,-0.01836734955038255
2015-11-04,-0.024627250607650364
2015-11-05,-0.021253989203388834
2015-11-06,-0.03622954597833661
2015-11-09,-0.0421281941931102
2015-11-10,-0.046021952794318643
2015-11-11,-0.042781660132947597
2015-11-12,-0.04659633306282007
2015-11-13,-0.05105684383336817
2015-11-16,-0.0545036467502612
2015-11-17,-0.05857523040720425
2015-11-18,-0.05713867360595637
2015-11-19,-0.04477504542265642
2015-11-20,-0.037593018457793614
2015-11-23,-0.03755817228125424
2015-11-24,-0.026895614042987015
2015-11-25,-0.02957081594762956
2015-11-27,-0.03218383111918888
2015-11-30,-0.024494362061353248
2015-12-01,0.0009746827130934221
2015-12-02,-0.011814339471021507
2015-12-03,-0.007075316766299133
2015-12-04,0.006720902819377095
2015-12-07,-0.01902313624678753
2015-12-08,-0.02627963386373855
2015-12-09,-0.005004137888363069
2015-12-10,-0.004141352669961296
2015-12-11,-0.012992037637446274
2015-12-14,-0.003375689617143185
2015-12-15,0.007795840068527182
2015-12-16,0.012157878235423025
2015-12-17,-0.0035823792366546092
2015-12-18,0.00282680586426598
2015-12-21,0.011137519381245076
2015-12-22,0.018112798264641183
2015-12-23,0.029900932822328974
2015-12-24,0.03745352691790571
2015-12-28,0.031373014971018076
2015-12-29,0.049022203680765264
2015-12-30,0.04877935363868802
2015-12-31,0.04528655303152562
2016-01-04,0.03755551938236801
2016-01-05,0.024329359839371234
2016-01-06,0.010219747840515492
2016-01-07,-0.0009048791081518459
2016-01-08,-0.02591346315498233
2016-01-11,-0.024548520684797737
2016-01-12,-0.019605000905962067
2016-01-13,-0.028026008799074797
2016-01-14,-0.031196083003031783
2016-01-15,-0.0359304795439267
2016-01-19,-0.029915942852031363
2016-01-20,-0.03831017047208718
2016-01-21,-0.029434779054241522
2016-01-22,-0.019987279170291194
2016-01-25,-0.02526341757935069
2016-01-26,-0.017789489953231374
2016-01-27,-0.03477254212579928
2016-01-28,-0.022664237086792327
2016-01-29,-0.015555896446558637
2016-02-01,-0.006546621436252731
2016-02-02,-0.020731756483470365
2016-02-03,0.0076892357204081385
2016-02-04,0.012468237415640404
2016-02-05,-0.006892674190996484
2016-02-08,-0.010874418883188963
2016-02-09,-0.007647922116989392
2016-02-10,-0.011925619565572032
2016-02-11,-0.014247405002098645
2016-02-12,-0.027990942994834844
2016-02-16,-0.016144869593112232
2016-02-17,0.00191226536921274
2016-02-18,-0.001063425849208155
2016-02-19,0.009374775680137448
2016-02-22,0.02307973473969982
2016-02-23,0.02197333013005842
2016-02-24,0.03494341071402873
2016-02-25,0.04371063678610643
2016-02-26,0.02885900516193196
2016-02-29,0.019657557789246383
2016-03-01,0.040682503908761936
2016-03-02,0.04654009100894352
2016-03-03,0.0628850784118058
2016-03-04,0.08566137233975701
2016-03-07,0.0823513409590868
2016-03-08,0.07942462076921197
2016-03-09,0.07408647432711613
2016-03-10,0.07332906144973728
2016-03-11,0.09306890297405634
2016-03-14,0.07985500878734575
2016-03-15,0.07924958611111754
2016-03-16,0.09661922289853675
2016-03-17,0.1123587572468212
2016-03-18,0.11384455289314332
2016-03-21,0.11643484626647038
2016-03-22,0.11415214708527577
2016-03-23,0.10759673221156074
2016-03-24,0.11051093134768442
2016-03-28,0.11734571830805396
2016-03-29,0.14319396703828025
2016-03-30,0.15965615776290765
2016-03-31,0.1599494247588784
2016-04-01,0.1543511984664634
2016-04-04,0.1396269078575456
2016-04-05,0.12927778988850913
2016-04-06,0.14808550622504013
2016-04-07,0.1351025489126596
2016-04-08,0.13853985781885325
2016-04-11,0.14521399194668616
2016-04-12,0.16062554522658523
2016-04-13,0.16753661881495208
2016-04-14,0.1639829056041613
2016-04-15,0.17258327643450122
2016-04-18,0.1866755940672724
2016-04-19,0.20622205323589915
2016-04-20,0.1991924787544066
2016-04-21,0.18011669121588847
2016-04-22,0.1649745895764574
2016-04-25,0.1580707663099301
2016-04-26,0.15872537141133614
2016-04-27,0.1463939929994571
2016-04-28,0.1627630780505478
2016-04-29,0.1728451349676745
2016-05-02,0.1825240600605582
2016-05-03,0.16414376760426164
2016-05-04,0.15888379214813475
2016-05-05,0.16790301847977274
2016-05-06,0.1699913652051468
2016-05-09,0.1470638553779624
2016-05-10,0.15667314418966094
2016-05-11,0.16623309693099864
2016-05-12,0.16249582570742827
2016-05-13,0.15166610812720105
2016-05-16,0.16066698398244994
2016-05-17,0.16568777900883802
2016-05-18,0.15377935376487928
2016-05-19,0.14417616939046396
2016-05-20,0.15117522195193667
2016-05-23,0.1441979323963285
2016-05-24,0.14205730695250818
2016-05-25,0.1518718852950458
2016-05-26,0.15123656059475454
2016-05-27,0.1493199381761967
2016-05-31,0.16643690411371415
2016-06-01,0.1709621396318155
2016-06-02,0.17157462740297968
2016-06-03,0.19697814551668213
2016-06-06,0.1948019268099781
2016-06-07,0.19948578070753809
2016-06-08,0.20282617920929935
2016-06-09,0.21387438747077359
2016-06-10,0.1945574155788783
2016-06-13,0.18752062627115285
2016-06-14,0.16480996445102236
2016-06-15,0.1793946221849232
2016-06-16,0.18646581419657404
2016-06-17,0.18129569245953947
2016-06-20,0.18794170371021446
2016-06-21,0.18623709568604374
2016-06-22,0.18227555754517222
2016-06-23,0.20607711502202952
2016-06-24,0.15805295175033152
2016-06-27,0.13383777201316582
2016-06-28,0.15552232185291848
2016-06-29,0.1792668072919159
2016-06-30,0.19017521846971785
2016-07-01,0.19911452989724965
2016-07-05,0.20160541195476456
2016-07-06,0.20278510726545762
2016-07-07,0.2172303461406233
2016-07-08,0.23691752801612642
2016-07-11,0.22779684179323323
2016-07-12,0.24575021073335068
2016-07-13,0.23313835711341535
2016-07-14,0.2205672587498675
2016-07-15,0.20898124346257863
2016-07-18,0.20876207593799023
2016-07-19,0.2020061861145277
2016-07-20,0.20503892765881027
2016-07-21,0.19930441359030437
2016-07-22,0.2076307196851086
2016-07-25,0.21335012750749094
2016-07-26,0.22586018426942767
2016-07-27,0.2274727519171127
2016-07-28,0.22690048068363766
2016-07-29,0.2556956024134305
2016-08-01,0.24687257259108453
2016-08-02,0.24647403456147865
2016-08-03,0.22996819900096055
2016-08-04,0.23700082160186442
2016-08-05,0.23780147541285057
2016-08-08,0.23154483255311353
2016-08-09,0.23760141792441258
2016-08-10,0.23675467568254094
2016-08-11,0.2411627881447609
2016-08-12,0.2381060254522458
2016-08-15,0.24205108997292868
2016-08-16,0.23169099771463708
2016-08-17,0.23931270544328354
2016-08-18,0.24933867158037093
2016-08-19,0.24319809098063172
2016-08-22,0.2549873505726026
2016-08-23,0.25920597453016603
2016-08-24,0.24377753959747417
2016-08-25,0.24380929506424764
2016-08-26,0.2252782434153242
2016-08-29,0.2293830817062661
2016-08-30,0.21688346925578594
2016-08-31,0.2214792009737223
2016-09-01,0.2266192063985577
2016-09-02,0.23708927445920236
2016-09-06,0.26612423665141294
2016-09-07,0.27568710008754826
2016-09-08,0.2614557551059973
2016-09-09,0.2298444171871834
2016-09-12,0.21443850834609024
2016-09-13,0.1737702911666188
2016-09-14,0.17588471137892192
2016-09-15,0.18122736227285885
2016-09-16,0.17652296470384132
2016-09-19,0.18507912108737412
2016-09-20,0.19380782968027543
2016-09-21,0.1971789597414031
2016-09-22,0.1879194865281142
2016-09-23,0.16537549407114494
2016-09-26,0.16367908211001247
2016-09-27,0.16688302656590293
2016-09-28,0.1714826323189873
2016-09-29,0.16823448255142615
2016-09-30,0.18177874787150872
2016-10-03,0.175315729576061
2016-10-04,0.15713206123465207
2016-10-05,0.14169792139316395
2016-10-06,0.12696959475738212
2016-10-07,0.11525124620408866
2016-10-10,0.10561865659084768
2016-10-11,0.08690988842108416
2016-10-12,0.08749228976766266
2016-10-13,0.09102237417025205
2016-10-14,0.09059069786531349
2016-10-17,0.08443640530476682
2016-10-18,0.07803100482302083
2016-10-19,0.08879426495585352
2016-10-20,0.0766710592084312
2016-10-21,0.0695274332104372
2016-10-24,0.06356973206933203
2016-10-25,0.07386688185106749
2016-10-26,0.05569970338642127
2016-10-27,0.058297506838058455
2016-10-28,0.06231003039513472
2016-10-31,0.0595174335437223
2016-11-01,0.05475640985109309
2016-11-02,0.06359344062547367
2016-11-03,0.05792472930393844
2016-11-04,0.0449470098410274
2016-11-07,0.07887080781831335
2016-11-08,0.08716682520086394
2016-11-09,0.05085518814138856
2016-11-10,0.02602776324681133
2016-11-11,0.0066679529922752945
2016-11-14,0.014966062650978218
2016-11-15,0.021795938757654953
2016-11-16,0.018174980777428962
2016-11-17,0.012609585969414638
2016-11-18,0.018333152665261032
2016-11-21,0.024045918737678917
2016-11-22,0.015159546273717517
2016-11-23,0.014471258766444395
2016-11-25,0.028596643908654906
2016-11-28,0.031172336388656463
2016-11-29,0.0351528556758014
2016-11-30,0.026919985011711223
2016-12-01,0.02844342814475831
2016-12-02,0.034987458876326594
2016-12-05,0.028452731537679243
2016-12-06,0.03104282928051405
2016-12-07,0.038871888731071946
2016-12-08,0.03894861652202297
2016-12-09,0.030417148837587726
2016-12-12,0.03133115106410278
2016-12-13,0.03143828670285531
2016-12-14,0.009413401344769534
2016-12-15,-0.008886745583941646
2016-12-16,-0.020507565839182118
2016-12-19,-0.019600104510374416
2016-12-20,-0.02033152361359425
2016-12-21,-0.019932614391973025
2016-12-22,-0.01590569542140341
2016-12-23,-0.01712326128848951
2016-12-27,-0.015595762071399344
2016-12-28,-0.01429462161975148
2016-12-29,-0.003620822698405579
2016-12-30,-0.012317408970943577
2017-01-03,-0.009421342008555933
2017-01-04,0.006089067012666316
2017-01-05,0.016512497367125345
2017-01-06,0.009228866684644066
2017-01-09,0.018943078743260067
2017-01-10,0.020086563785510103
2017-01-11,0.030020442382338697
2017-01-12,0.03657238525913842
2017-01-13,0.03676754794936099
2017-01-17,0.04843769771490414
2017-01-18,0.03735237572095329
2017-01-19,0.04351405117416807
2017-01-20,0.04038206305345593
2017-01-23,0.05611685940352751
2017-01-24,0.05674603648571952
2017-01-25,0.0661031694548615
2017-01-26,0.0614682905631847
2017-01-27,0.06396223085641761
2017-01-30,0.05858991386508006
2017-01-31,0.06249608305437193
2017-02-01,0.050882990173162446
2017-02-02,0.05350738774924402
2017-02-03,0.06397061121390091
2017-02-06,0.06241084511029871
2017-02-07,0.055713365335074316
2017-02-08,0.049601705579127575
2017-02-09,0.049164699327182815
2017-02-10,0.04144964346699087
2017-02-13,0.045561359800688095
2017-02-14,0.04753381278944224
2017-02-15,0.05652918867234069
2017-02-16,0.039712163486349095
2017-02-17,0.029186441944762942
2017-02-21,0.031614480866151595
2017-02-22,0.021713474251827014
2017-02-23,0.03222686107965145
2017-02-24,0.021600594468796475
2017-02-27,0.025931142476603775
2017-02-28,0.03740520086521282
2017-03-01,0.03102077752687382
2017-03-02,0.015363255982792978
2017-03-03,0.010222007230507257
2017-03-06,0.005976824299174899
2017-03-07,-0.004377974685962349
2017-03-08,-0.010439408528856942
2017-03-09,-0.017553221902460003
2017-03-10,-0.008165908917734832
2017-03-13,-0.003542696956076563
2017-03-14,-0.014113696248898244
2017-03-15,-0.0012925071574070301
2017-03-16,-0.005184696904397046
2017-03-17,0.0002671552192912152
2017-03-20,-0.012054704290295648
2017-03-21,-0.01186377186272003
2017-03-22,-0.007975528071520355
2017-03-23,-0.015773429484580492
2017-03-24,-0.011885537927054268
2017-03-27,-0.007730799179403003
2017-03-28,-0.012768234579050075
2017-03-29,-0.003720745075782572
2017-03-30,0.0013234490535247723
2017-03-31,0.005270121348566192
2017-04-03,0.009150739413831266
2017-04-04,0.008226877551832157
2017-04-05,0.010534018708682646
2017-04-06,0.017799264319491526
2017-04-07,0.0018354291405593415
2017-04-10,0.0036287099752199126
2017-04-11,0.0017734461870866358
2017-04-12,0.002319922571268229
2017-04-13,0.004432914389336906
2017-04-17,0.008933845477518743
2017-04-18,0.011353909672217943
2017-04-19,0.0014547308118659785
2017-04-20,0.0034207860467128093
2017-04-21,0.006633514819249564
2017-04-24,0.0074157305726163525
2017-04-25,0.001070930829600858
2017-04-26,0.0018563371074629131
2017-04-27,0.006278269229355926
2017-04-28,0.008367254635907928
2017-05-01,0.013106415046939546
2017-05-02,0.021269916676167844
2017-05-03,0.012270516240385776
2017-05-04,0.0040827595438652775
2017-05-05,0.01852883767951652
2017-05-08,0.021897810218974634
2017-05-09,0.014687353079451126
2017-05-10,0.027463914252678467
2017-05-11,0.024489706430462777
2017-05-12,0.017588317316118207
2017-05-15,0.01932537003863022
2017-05-16,0.015062861004896178
2017-05-17,0.013715484504647657
2017-05-18,0.00945836920786558
2017-05-19,0.018789718326145177
2017-05-22,0.026007761707655286
2017-05-23,0.028203048623680393
2017-05-24,0.0337756835059404
2017-05-25,0.034393012173768334
2017-05-26,0.042050987719398636
2017-05-30,0.042100438682638464
2017-05-31,0.037514310707002174
2017-06-01,0.04782140031028992
2017-06-02,0.06094469782996881
2017-06-05,0.060549495360341155
2017-06-06,0.0669172511217142
2017-06-07,0.0631235711582585
2017-06-08,0.06534309087007983
2017-06-09,0.05849112318746319
2017-06-12,0.0578464119812907
2017-06-13,0.06601567231627481
2017-06-14,0.07380622490063304
2017-06-15,0.07174483920579333
2017-06-16,0.08450571727774236
2017-06-19,0.08992282823314546
2017-06-20,0.08445246760327874
2017-06-21,0.0740849702551416
2017-06-22,0.084729814222124
2017-06-23,0.08375918525202586
2017-06-26,0.09142069682036458
2017-06-27,0.08939215559036562
2017-06-28,0.1011401114171675
2017-06-29,0.092258135536893
2017-06-30,0.0961062090679925
2017-07-03,0.08784692850777254
2017-07-05,0.08505523227142242
2017-07-06,0.08125405654098827
2017-07-07,0.09246573584649531
2017-07-10,0.08051945919428793
2017-07-11,0.07606899077749096
2017-07-12,0.08200212118662908
2017-07-13,0.09172566893446832
2017-07-14,0.10367376725393052
2017-07-17,0.10086960797973465
2017-07-18,0.10579059798425372
2017-07-19,0.11220470829068097
2017-07-20,0.10345392044523982
2017-07-21,0.11243431285028849
2017-07-24,0.11011627336505447
2017-07-25,0.11219177298471972
2017-07-26,0.12455311053448548
2017-07-27,0.11637136435181006
2017-07-28,0.11335359047247318
2017-07-31,0.11967327154814056
2017-08-01,0.11697936210130844
2017-08-02,0.11762655266682076
2017-08-03,0.11898092910132863
2017-08-04,0.11448092663588794
2017-08-07,0.1074565802429237
2017-08-08,0.10172597017112639
2017-08-09,0.10370990736679198
2017-08-10,0.0903708104764489
2017-08-11,0.09345007303011421
2017-08-14,0.09778463828774164
2017-08-15,0.09089467279238939
2017-08-16,0.10619216286124655
2017-08-17,0.09799347042128792
2017-08-18,0.11179670555727172
2017-08-21,0.11252007056306756
2017-08-22,0.1079397474755115
2017-08-23,0.09958314974730609
2017-08-24,0.09656411453627745
2017-08-25,0.09840416085246217
2017-08-28,0.09711843719276136
2017-08-29,0.08491549838705881
2017-08-30,0.0803647586582461
2017-08-31,0.08858051137486611
2017-09-01,0.08101104115338487
2017-09-05,0.08267877780255395
2017-09-06,0.07987518425326012
2017-09-07,0.08577633007599927
2017-09-08,0.09898424670031725
2017-09-11,0.10210299389544408
2017-09-12,0.10413871651554496
2017-09-13,0.0925467839278391
2017-09-14,0.08636089293598181
2017-09-15,0.08937503986295758
2017-09-18,0.08042631147457513
2017-09-19,0.09567767257891191
2017-09-20,0.10556279385939549
2017-09-21,0.09714916782884586
2017-09-22,0.10320702066566412
2017-09-25,0.09419263026607605
2017-09-26,0.0913059029651182
2017-09-27,0.0968142057736161
2017-09-28,0.09775758671212897
2017-09-29,0.0961565251450065
2017-10-02,0.09082211219189773
2017-10-03,0.08676037749365628
2017-10-04,0.08670433935275423
2017-10-05,0.08406442478732368
2017-10-06,0.07556824367643244
2017-10-09,0.07592361386123203
2017-10-10,0.08433167005432574
2017-10-11,0.08504887131375738
2017-10-12,0.09384530401193292
2017-10-13,0.10487970435175664
2017-10-16,0.10299261093645273
2017-10-17,0.10210132990477261
2017-10-18,0.1024505124181938
2017-10-19,0.07640655979835342
2017-10-20,0.06932802185568332
2017-10-23,0.07056140579499082
2017-10-24,0.06095588868871982
2017-10-25,0.05093593197591906
2017-10-26,0.0446685994361824
2017-10-27,0.05300802399894722
2017-10-30,0.05529706871926576
2017-10-31,0.04978795979533346
2017-11-01,0.04228380936011278
2017-11-02,0.05340016261169156
2017-11-03,0.0471527442202202
2017-11-06,0.05090739990459525
2017-11-07,0.04550755200513512
2017-11-08,0.05092770798388879
2017-11-09,0.03942903849603874
2017-11-10,0.033899200068541635
2017-11-13,0.03182635607042372
2017-11-14,0.030294284204351873
2017-11-15,0.028296190335024285
2017-11-16,0.0312866325632688
2017-11-17,0.028256605033595283
2017-11-20,0.034237391164425146
2017-11-21,0.029495567226261343
2017-11-22,0.03918969335672018
2017-11-24,0.04260902161688995
2017-11-27,0.049296472649850154
2017-11-28,0.0507385209767659
2017-11-29,0.03951584475663128
2017-11-30,0.03800692978470965
2017-12-01,0.04966868092573096
2017-12-04,0.03623522990965777
2017-12-05,0.03797475859983068
2017-12-06,0.03277464321274093
2017-12-07,0.034816144454116627
2017-12-08,0.046755571696576625
2017-12-11,0.05934466103207403
2017-12-12,0.06395462315094225
2017-12-13,0.07818133814610473
2017-12-14,0.07594028263854602
2017-12-15,0.08153974487105398
2017-12-18,0.086320060229236
2017-12-19,0.08392738071505201
2017-12-20,0.08203641287549401
2017-12-21,0.08237001161769975
2017-12-22,0.0871389780301115
2017-12-26,0.0886796995660224
2017-12-27,0.08727017757971267
2017-12-28,0.09101994514668976
2017-12-29,0.0884168843797184
2018-01-02,0.0972969651212765
2018-01-03,0.09610599718341017
2018-01-04,0.10573026114628181
2018-01-05,0.10776775072364653
2018-01-08,0.10195796309618288
2018-01-09,0.10133783032907218
2018-01-10,0.09122677251111289
2018-01-11,0.08826992955710411
2018-01-12,0.08535506041673324
2018-01-16,0.09047897671570593
2018-01-17,0.10679211273495293
2018-01-18,0.09651281575036719
2018-01-19,0.0967463146263543
2018-01-22,0.10472289575624871
2018-01-23,0.10811309152025572
2018-01-24,0.1175376517937381
2018-01-25,0.11122379921293635
2018-01-26,0.10855459330203088
2018-01-29,0.10107982418555483
2018-01-30,0.09604120739277056
2018-01-31,0.12048140637124582
2018-02-01,0.11990314351190867
2018-02-02,0.10512518652667291
2018-02-05,0.07409621960805035
2018-02-06,0.08029491156681479
2018-02-07,0.05876972374058731
2018-02-08,0.04647191080152924
2018-02-09,0.05058338921352301
2018-02-12,0.051523116032570204
2018-02-13,0.057278233582185756
2018-02-14,0.07189322426710443
2018-02-15,0.07759021217283246
2018-02-16,0.0771998582138933
2018-02-20,0.06718790134608499
2018-02-21,0.08477752829145868
2018-02-22,0.09840097110800805
2018-02-23,0.09285928692925682
2018-02-26,0.10283728800324976
2018-02-27,0.08531799652104777
2018-02-28,0.07700808263901338
2018-03-01,0.08016662690760046
2018-03-02,0.0858685246250368
2018-03-05,0.08175343755456876
2018-03-06,0.0933496196178889
2018-03-07,0.0891434560252562
2018-03-08,0.09063847152380555
2018-03-09,0.10135171568279366
2018-03-12,0.10515660354888356
2018-03-13,0.10492602417352348
2018-03-14,0.10417965960008013
2018-03-15,0.09899155972158935
2018-03-16,0.09098102309142653
2018-03-19,0.09012154063794209
2018-03-20,0.08544176716269392
2018-03-21,0.10577930455159779
2018-03-22,0.09208588110373195
2018-03-23,0.08997480427820448
2018-03-26,0.10152783791534481
2018-03-27,0.08318482634749347
2018-03-28,0.06539652833013365
2018-03-29,0.07167462718945283
2018-04-02,0.06152060685231553
2018-04-03,0.07580488533651808
2018-04-04,0.08533733916791597
2018-04-05,0.07398812348664685
2018-04-06,0.07065890356969917
2018-04-09,0.09797787956652648
2018-04-10,0.10383100242315213
2018-04-11,0.0961277328606871
2018-04-12,0.09218862310482367
2018-04-13,0.09199727195542118
2018-04-16,0.08971861582237595
2018-04-17,0.07351972449906796
2018-04-18,0.07135853881413601
2018-04-19,0.05849046129933355
2018-04-20,0.04059345611629239
2018-04-23,0.032773523916187264
2018-04-24,0.024300363614195408
2018-04-25,0.017236779796974133
2018-04-26,0.028734640708589554
2018-04-27,0.03833547388966663
2018-04-30,0.02869748630918756
2018-05-01,0.02582805609893346
2018-05-02,0.02923892632276348
2018-05-03,0.045527722325968245
2018-05-04,0.04946908756607438
2018-05-07,0.045370309969043676
2018-05-08,0.03853877890591839
2018-05-09,0.04875891080749484
2018-05-10,0.043318432208439894
2018-05-11,0.04893647250777766
2018-05-14,0.039554626829572115
2018-05-15,0.031146221608152613
2018-05-16,0.023913085255623967
2018-05-17,0.020383822456044642
2018-05-18,0.027180798841609954
2018-05-21,0.03007689159162452
2018-05-22,0.023357496260497435
2018-05-23,0.024696924613132998
2018-05-24,0.02788079162070778
2018-05-25,0.02693101014540389
2018-05-29,0.01754888082930628
2018-05-30,0.047997937492539444
2018-05-31,0.04353906752206438
2018-06-01,0.04142371554811142
2018-06-04,0.046214806749243165
2018-06-05,0.0585087377157818
2018-06-06,0.06642846368161548
2018-06-07,0.07178432733071838
2018-06-08,0.08099041229056492
2018-06-11,0.08033146013905923
2018-06-12,0.07830747501046931
2018-06-13,0.08087088093792594
2018-06-14,0.07799579105980392
2018-06-15,0.07353804967096744
2018-06-18,0.07005885428633807
2018-06-19,0.05368394400839005
2018-06-20,0.056424227031022234
2018-06-21,0.06727376209447788
2018-06-22,0.07198796513428474
2018-06-25,0.061046406677592646
2018-06-26,0.06082958621734824
2018-06-27,0.048612720672783105
2018-06-28,0.043738854318617904
2018-06-29,0.040440109522666745
2018-07-02,0.028126576803862324
2018-07-03,0.04522875581515651
2018-07-05,0.05771772442280332
2018-07-06,0.06154772371602579
2018-07-09,0.05953025628108932
2018-07-10,0.05048339759452025
2018-07-11,0.03740429609202556
2018-07-12,0.04019393434050156
2018-07-13,0.03466451091349931
2018-07-16,0.028978765668019157
2018-07-17,0.032998287062472764
2018-07-18,0.03138623041221433
2018-07-19,0.017418413443675895
2018-07-20,0.03388116784837214
2018-07-23,0.019461367893047754
2018-07-24,0.024005309202766778
2018-07-25,0.0402383511950275
2018-07-26,0.027646596886798935
2018-07-27,0.033527404135714756
2018-07-30,0.03599814337250207
2018-07-31,0.03241030657962174
2018-08-01,0.020736406680794683
2018-08-02,0.017882715822714168
2018-08-03,0.014372834000482726
2018-08-06,0.01760474473925866
2018-08-07,0.014956478768459736
2018-08-08,0.01319862016866491
2018-08-09,0.0013478029737572506
2018-08-10,0.0020786262991405735
2018-08-13,-0.0007756785845618452
2018-08-14,0.0015618710248763712
2018-08-15,-0.004216269397612771
2018-08-16,0.0073680849865087605
2018-08-17,0.01775166975134712
2018-08-20,0.02611916949300941
2018-08-21,0.036246442922308164
2018-08-22,0.04384373866379687
2018-08-23,0.031199167474328604
2018-08-24,0.04235821508621762
2018-08-27,0.044508997677153994
2018-08-28,0.0484360791005114
2018-08-29,0.06483432378090992
2018-08-30,0.04868736190148315
2018-08-31,0.04383310350851932
2018-09-04,0.03226507816990121
2018-09-05,0.025675105071772064
2018-09-06,0.011728222990308623
2018-09-07,-0.00012555061960650704
2018-09-10,0.0037597097642940724
2018-09-11,0.013894946725651725
2018-09-12,0.010814221622568398
2018-09-13,0.02333932735828914
2018-09-14,0.02082736609517477
2018-09-17,0.023024680543783926
2018-09-18,0.03298887687755925
2018-09-19,0.03783057427072922
2018-09-20,0.05093473637075907
2018-09-21,0.046782659668006765
2018-09-24,0.04111243210894777
2018-09-25,0.03944598101906127
2018-09-26,0.040003762304019475
2018-09-27,0.027666273085905635
2018-09-28,0.02896642002506189
2018-10-01,0.030922496923353915
2018-10-02,0.027066172292783186
2018-10-03,0.014538783974193059
2018-10-04,-0.005049569780908869
2018-10-05,-0.016335755184271106
2018-10-08,-0.01737502867787788
2018-10-09,-0.01863022870853248
2018-10-10,-0.03541225139023185
2018-10-11,-0.05457147715678601
2018-10-12,-0.03960845894478515
2018-10-15,-0.03444598655675768
2018-10-16,-0.023526587976048674
2018-10-17,-0.026212677313759536
2018-10-18,-0.02955196437396812
2018-10-19,-0.0325203252032531
2018-10-22,-0.04083485136029197
2018-10-23,-0.048889022706604224
2018-10-24,-0.07117219318963885
2018-10-25,-0.06138768526956029
2018-10-26,-0.07077934498466365
2018-10-29,-0.06587818990388572
2018-10-30,-0.049870853429933915
2018-10-31,-0.041945560017850436
2018-11-01,-0.012523102415398557
2018-11-02,-0.026285629324925952
2018-11-05,-0.018021102926539134
2018-11-06,-0.016884199128455846
2018-11-07,0.00798217144069846
2018-11-08,-0.0003103242490564151
2018-11-09,0.002265260902726718
2018-11-12,-0.00583503566051613
2018-11-13,0.0016145956621420599
2018-11-14,-0.004272700542764074
2018-11-15,0.01002137729064323
2018-11-16,0.01252143961263874
2018-11-19,-0.007359478415490783
2018-11-20,-0.028458152265930514
2018-11-21,-0.012523515752690506
2018-11-23,-0.01786337532125648
2018-11-26,-0.013656045298102715
2018-11-27,-0.017624785702834433
2018-11-28,0.008938361502953907
2018-11-29,0.005949053143523564
2018-11-30,0.014676683470863594
2018-12-03,0.026054840534521118
2018-12-04,0.009518599658585147
2018-12-06,0.0012308904261331133
2018-12-07,-0.004830663108712274
2018-12-10,0.001714265128542225
2018-12-11,-0.0016496866649462483
2018-12-12,-0.003410211664980123
2018-12-13,0.00036439404781951623
2018-12-14,-0.020948076269647342
2018-12-17,-0.024990584085217482
2018-12-18,-0.011365641473575439
2018-12-19,-0.016946206656818785
2018-12-20,-0.014577781522873812
2018-12-21,-0.04108663154928849
2018-12-24,-0.0348777090068646
2018-12-26,-0.019418242720135148
2018-12-27,-0.007757326803066178
2018-12-28,-0.017956041139680412
2018-12-31,-0.018184116150845364
2019-01-02,-0.023484710844992485
2019-01-03,-0.028510487024530073
2019-01-04,-0.008839770276569792
2019-01-07,-0.004191247271301601
2019-01-08,-0.012329423661329053
2019-01-09,0.008850256607409124
2019-01-10,0.011218559158545416
2019-01-11,0.01816841523292889
2019-01-14,0.022657276879959554
2019-01-15,0.01720949329552557
2019-01-16,0.019511728704249
2019-01-17,0.028690516078440975
2019-01-18,0.027449267659957366
2019-01-22,0.018073335122250178
2019-01-23,0.03297614799239845
2019-01-24,0.02802674758392243
2019-01-25,0.04491716649630528
2019-01-28,0.03553534425631599
2019-01-29,0.02376622067569034
2019-01-30,0.027198519217048522
2019-01-31,0.035217747150769974
2019-02-01,0.030321723617014573
2019-02-04,0.0309444199104143
2019-02-05,0.04272542814789748
2019-02-06,0.032136453576929735
2019-02-07,0.022937760382683026
2019-02-08,0.031501013026628
2019-02-11,0.03580528409563222
2019-02-12,0.04252048149337351
2019-02-13,0.05359740326760587
2019-02-14,0.04928296059758819
2019-02-15,0.05754907059784897
2019-02-19,0.05307937262523388
2019-02-20,0.054330666699281105
2019-02-21,0.04984043305786723
2019-02-22,0.05595750142761946
2019-02-25,0.06450987752393944
2019-02-26,0.06555631580417076
2019-02-27,0.05174906698103077
2019-02-28,0.048448249689857725
2019-03-01,0.05804596999408518
2019-03-04,0.05951594142748129
2019-03-05,0.05903397055362203
2019-03-06,0.053291536050155575
2019-03-07,0.04805945413243218
2019-03-08,0.06054563463543672
2019-03-11,0.06227246598965208
2019-03-12,0.06206896551724039
2019-03-13,0.06450568164010018
2019-03-14,0.0621277129136113
2019-03-15,0.06893313641549681
2019-03-18,0.07547071311732045
2019-03-19,0.07299896748400903
2019-03-20,0.06595517646516469
2019-03-21,0.07027348477471462
2019-03-22,0.06876471769408976
2019-03-25,0.07964178793184984
2019-03-26,0.08784412456898782
2019-03-27,0.07927458439730994
2019-03-28,0.08941252673154754
2019-03-29,0.10313081739718943
2019-04-01,0.10309146885759435
2019-04-02,0.09996627008728898
2019-04-03,0.10235284124691946
2019-04-04,0.09411523122231058
2019-04-05,0.0806588660830505
2019-04-08,0.08420365422212983
2019-04-09,0.07350635702345554
2019-04-10,0.07113757280065913
2019-04-11,0.07982586468429398
2019-04-12,0.08455216049676251
2019-04-15,0.09142704438903615
2019-04-16,0.09869471019592146
2019-04-17,0.09740484772957503
2019-04-18,0.08809399365024362
2019-04-22,0.08636354608079277
2019-04-23,0.09085165114982163
2019-04-24,0.08294566687832883
2019-04-25,0.08781324454998973
2019-04-26,0.08916599659231506
2019-04-29,0.09293505459851392
2019-04-30,0.09521070883713101
2019-05-01,0.07411592289706426
2019-05-02,0.07923515598792208
2019-05-03,0.08671396847749402
2019-05-06,0.07330345518062109
2019-05-07,0.07269509638843896
2019-05-08,0.0740136437644685
2019-05-09,0.08283734161025658
2019-05-10,0.08347619268251116
2019-05-13,0.0720387536794711
2019-05-14,0.07380501853206045
2019-05-15,0.08111684349450532
2019-05-16,0.08427344541011017
2019-05-17,0.07320531393520824
2019-05-20,0.07807140656556899
2019-05-21,0.0758563348764627
2019-05-22,0.06980247840395659
2019-05-23,0.07876472624251551
2019-05-24,0.08189798031222839
2019-05-28,0.058674351585012996
2019-05-29,0.04991306292502795
2019-05-30,0.049294915387285254
2019-05-31,0.0595018044937039
2019-06-03,0.06407902758888118
2019-06-04,0.0547222629491837
2019-06-05,0.05291432282057307
2019-06-06,0.06121218007370843
2019-06-07,0.0705713314771852
2019-06-10,0.05960973183965401
2019-06-11,0.06497305488630123
2019-06-12,0.06774753119940735
2019-06-13,0.06794017982813538
2019-06-14,0.05832264124615705
2019-06-17,0.05450273453682852
2019-06-18,0.06156927617338348
2019-06-19,0.07200397253914126
2019-06-20,0.08360242038097287
2019-06-21,0.08236201766296092
2019-06-24,0.09438561652387256
2019-06-25,0.10189422562595873
2019-06-26,0.10080185220390359
2019-06-27,0.10950495251086534
2019-06-28,0.1168339397104805
2019-07-01,0.10879342241189915
2019-07-02,0.11140718580625641
2019-07-03,0.12627128328190906
2019-07-05,0.11777520403579111
2019-07-08,0.11340739700960278
2019-07-09,0.10992666822188024
2019-07-10,0.128710261678199
2019-07-11,0.1308291041291818
2019-07-12,0.13753624937035402
2019-07-15,0.1385033352811258
2019-07-16,0.12992676372516399
2019-07-17,0.13637301423560788
2019-07-18,0.15482815057282973
2019-07-19,0.14890557717969966
2019-07-22,0.15792029587633105
2019-07-23,0.15367972818562725
2019-07-24,0.1426658680102868
2019-07-25,0.14519336201432997
2019-07-26,0.13327122722124152
2019-07-29,0.13816469122697006
2019-07-30,0.1359157510076836
2019-07-31,0.12173236904811513
2019-08-01,0.12291508259456219
2019-08-02,0.1154511272231109
2019-08-05,0.0981748325337275
2019-08-06,0.08369739824948441
2019-08-07,0.09127101555707506
2019-08-08,0.114256582498649
2019-08-09,0.10013253324986038
2019-08-12,0.0943869655936651
2019-08-13,0.09618416064171398
2019-08-14,0.07856866875225754
2019-08-15,0.07460053961718427
2019-08-16,0.06771330446170976
2019-08-19,0.07027317581400161
2019-08-20,0.07826770400143102
2019-08-21,0.06649761336515381
2019-08-22,0.05773592470422795
2019-08-23,0.047175811217255115
2019-08-26,0.04201883802904205
2019-08-27,0.03464422652777155
2019-08-28,0.04537669957854762
2019-08-29,0.04631773969430153
2019-08-30,0.052298212349907836
2019-09-03,0.07312218660680037
2019-09-04,0.09133177961935779
2019-09-05,0.10131620991653056
2019-09-06,0.11804821537753041
2019-09-09,0.11414415179531989
2019-09-10,0.11310575300569314
2019-09-11,0.09494038282452077
2019-09-12,0.08971605468576227
2019-09-13,0.07150523440718892
2019-09-16,0.06478318877607436
2019-09-17,0.07128050198300206
2019-09-18,0.04910573859823697
2019-09-19,0.050153440465261934
2019-09-20,0.046271318446563514
2019-09-23,0.055428756138739876
2019-09-24,0.052382776202663406
2019-09-25,0.050358107930843055
2019-09-26,0.050187594965339644
2019-09-27,0.04467426025589072
2019-09-30,0.04818303246406863
2019-10-01,0.052294997421349354
2019-10-02,0.043250696595375615
2019-10-03,0.04798932679809487
2019-10-04,0.059836383228870194
2019-10-07,0.059650659589209454
2019-10-08,0.05511660554032316
2019-10-09,0.05449227007324109
2019-10-10,0.054273758737976685
2019-10-11,0.06033045051800778
2019-10-14,0.058508744993811534
2019-10-15,0.06267494377788019
2019-10-16,0.07112026020142781
2019-10-17,0.0769055715576803
2019-10-18,0.07836445766987121
2019-10-21,0.08020567555460123
2019-10-22,0.08161434977578264
2019-10-23,0.05634306134603717
2019-10-24,0.05149981051956298
2019-10-25,0.043956132870084375
2019-10-28,0.04480788075379216
2019-10-29,0.042372224089344046
2019-10-30,0.04320701619556511
2019-10-31,0.04470178240824563
2019-11-01,0.04884545064668089
2019-11-04,0.051256208534240066
2019-11-05,0.04026421985255779
2019-11-06,0.03158096338635885
2019-11-07,0.04312957208206858
2019-11-08,0.042606347062793315
2019-11-11,0.050319705063139875
2019-11-12,0.0495379901527806
2019-11-13,0.04711746102567638
2019-11-14,0.046145504913710056
2019-11-15,0.05481081531688736
2019-11-18,0.05121972713361922
2019-11-19,0.05850645596762449
2019-11-20,0.06768468278880957
2019-11-21,0.06208131771478631
2019-11-22,0.05917464731334676
2019-11-25,0.06587987287797059
2019-11-26,0.07075915459578819
2019-11-27,0.07999454620694069
2019-11-29,0.0986734910951228
2019-12-02,0.10504405396819871
2019-12-03,0.09604006475915994
2019-12-04,0.10627979765617401
2019-12-05,0.1080209621722854
2019-12-06,0.11549118697798111
2019-12-09,0.09921135946907733
2019-12-10,0.10492244711006027
2019-12-11,0.11038442779230939
2019-12-12,0.11461201086027639
2019-12-13,0.10335679968128164
2019-12-16,0.09941374519911395
2019-12-17,0.09725681062808134
2019-12-18,0.10861364164948428
2019-12-19,0.12343072011820766
2019-12-20,0.12256288670988624
2019-12-23,0.13499951265983778
2019-12-24,0.14126617342576098
2019-12-26,0.14774457231462623
2019-12-27,0.14439462164489236
2019-12-30,0.14121662712783545
