Date,Open,High,Low,Close,Adj Close,Volume
2014-07-14,0.36,0.36,0.36,0.36,0.28,0
2014-07-15,0.36,0.36,0.36,0.36,0.28,0
2014-07-16,0.36,0.36,0.36,0.36,0.28,0
2014-07-17,0.34,0.34,0.34,0.34,0.26,5669
2014-07-18,0.34,0.34,0.34,0.34,0.26,0
2014-07-21,0.34,0.34,0.34,0.34,0.26,0
2014-07-22,0.34,0.34,0.34,0.34,0.26,0
2014-07-23,0.34,0.34,0.34,0.34,0.26,0
2014-07-24,0.34,0.34,0.34,0.34,0.26,0
2014-07-25,0.34,0.34,0.34,0.34,0.26,0
2014-07-28,0.38,0.38,0.38,0.38,0.3,1000
2014-07-29,0.38,0.38,0.38,0.38,0.3,1000
2014-07-30,0.38,0.38,0.38,0.38,0.3,0
2014-07-31,0.37,0.37,0.36,0.36,0.28,2000
2014-08-01,0.36,0.36,0.36,0.36,0.28,0
2014-08-04,0.36,0.36,0.36,0.36,0.28,0
2014-08-05,0.36,0.36,0.36,0.36,0.28,0
2014-08-06,0.36,0.36,0.36,0.36,0.28,0
2014-08-07,0.37,0.37,0.31,0.31,0.25,7000
2014-08-08,0.31,0.31,0.31,0.31,0.25,0
2014-08-11,0.31,0.31,0.31,0.31,0.25,0
2014-08-12,0.33,0.33,0.33,0.33,0.26,501
2014-08-13,0.33,0.33,0.33,0.33,0.26,0
2014-08-14,0.33,0.33,0.33,0.33,0.26,0
2014-08-15,0.33,0.33,0.31,0.31,0.24,2857
2014-08-18,0.31,0.31,0.31,0.31,0.24,0
2014-08-19,0.33,0.33,0.3,0.3,0.24,3500
2014-08-20,0.3,0.3,0.3,0.3,0.24,0
2014-08-21,0.3,0.3,0.3,0.3,0.24,0
2014-08-22,0.3,0.3,0.3,0.3,0.24,0
2014-08-25,0.25,0.26,0.25,0.25,0.2,18642
2014-08-26,0.23,0.23,0.23,0.23,0.18,2857
2014-08-27,0.23,0.28,0.23,0.28,0.22,2602
2014-08-28,0.28,0.28,0.28,0.28,0.22,0
2014-08-29,0.3,0.3,0.3,0.3,0.24,2000
2014-09-02,0.23,0.23,0.2,0.2,0.16,12500
2014-09-03,0.2,0.2,0.2,0.2,0.16,7500
2014-09-04,0.2,0.2,0.2,0.2,0.16,3500
2014-09-05,0.2,0.2,0.18,0.18,0.14,29000
2014-09-08,0.19,0.2,0.17,0.17,0.13,27500
2014-09-09,0.17,0.17,0.17,0.17,0.13,0
2014-09-10,0.2,0.2,0.2,0.2,0.16,5000
2014-09-11,0.2,0.2,0.2,0.2,0.16,0
2014-09-12,0.2,0.2,0.2,0.2,0.16,40000
2014-09-15,0.2,0.2,0.2,0.2,0.16,1500
2014-09-16,0.2,0.2,0.2,0.2,0.16,0
2014-09-17,0.2,0.2,0.2,0.2,0.16,0
2014-09-18,0.17,0.19,0.15,0.15,0.12,28199
2014-09-19,0.15,0.15,0.15,0.15,0.12,0
2014-09-22,0.12,0.12,0.12,0.12,0.09,714
2014-09-23,0.12,0.12,0.12,0.12,0.09,0
2014-09-24,0.14,0.14,0.14,0.14,0.11,2570
2014-09-25,0.18,0.18,0.18,0.18,0.14,10000
2014-12-29,0.12,0.12,0.12,0.12,0.1,0
2014-12-30,0.12,0.12,0.12,0.12,0.1,0
2014-12-31,0.12,0.12,0.12,0.12,0.1,0
2015-01-02,0.12,0.12,0.12,0.12,0.1,0
2015-01-05,0.12,0.12,0.12,0.12,0.1,0
2015-01-06,0.12,0.12,0.12,0.12,0.1,0
2015-01-07,0.12,0.12,0.12,0.12,0.1,0
2015-01-08,0.12,0.12,0.12,0.12,0.1,0
2015-01-09,0.12,0.12,0.12,0.12,0.1,0
2015-01-12,0.12,0.12,0.12,0.12,0.1,0
2015-01-13,0.12,0.12,0.12,0.12,0.1,0
2015-01-14,0.12,0.12,0.12,0.12,0.1,0
2015-01-15,0.12,0.12,0.12,0.12,0.1,0
2015-01-16,0.12,0.12,0.12,0.12,0.1,0
2015-01-20,0.12,0.12,0.12,0.12,0.1,0
2015-01-21,0.12,0.12,0.12,0.12,0.1,0
2015-01-22,0.12,0.12,0.12,0.12,0.1,0
2015-01-23,0.12,0.12,0.12,0.12,0.1,0
2015-01-26,0.12,0.12,0.12,0.12,0.1,0
2015-01-27,0.12,0.12,0.12,0.12,0.1,0
2015-01-28,0.12,0.12,0.12,0.12,0.1,0
2015-01-29,0.12,0.12,0.12,0.12,0.1,0
2015-01-30,0.12,0.12,0.12,0.12,0.1,0
2015-02-02,0.12,0.12,0.12,0.12,0.1,0
2015-02-03,0.12,0.12,0.12,0.12,0.1,0
2015-02-04,0.12,0.12,0.12,0.12,0.1,0
2015-02-05,0.12,0.12,0.12,0.12,0.09,16000
2015-02-06,0.1,0.1,0.1,0.1,0.08,5000
2015-02-09,0.1,0.1,0.1,0.1,0.08,0
2015-02-10,0.1,0.1,0.1,0.1,0.08,0
2015-02-11,0.1,0.1,0.1,0.1,0.08,0
2015-02-12,0.1,0.1,0.1,0.1,0.08,0
2015-02-13,0.1,0.1,0.1,0.1,0.08,0
2015-02-17,0.1,0.1,0.1,0.1,0.08,0
2015-02-18,0.1,0.1,0.1,0.1,0.08,0
2015-02-19,0.1,0.1,0.1,0.1,0.08,2000
2015-02-20,0.08,0.08,0.08,0.08,0.06,35000
2015-02-23,0.1,0.1,0.1,0.1,0.08,0
2015-02-24,0.1,0.1,0.1,0.1,0.08,0
2015-02-25,0.1,0.1,0.1,0.1,0.08,0
2015-02-26,0.09,0.09,0.09,0.09,0.07,16000
2015-02-27,0.08,0.08,0.06,0.06,0.05,159500
2015-03-02,0.06,0.06,0.05,0.05,0.04,18000
2015-03-03,0.05,0.06,0.05,0.05,0.04,53000
2015-03-04,0.05,0.05,0.05,0.05,0.04,0
2015-03-05,0.05,0.05,0.05,0.05,0.04,10000
2015-03-06,0.05,0.05,0.05,0.05,0.04,60185
2015-03-09,0.05,0.05,0.05,0.05,0.04,0
2015-03-10,0.05,0.05,0.05,0.05,0.04,0
2015-03-11,0.04,0.04,0.03,0.03,0.02,180714
2015-03-12,0.03,0.03,0.03,0.03,0.02,20000
2015-03-13,0.03,0.03,0.03,0.03,0.02,0
2015-03-16,0.03,0.03,0.03,0.03,0.02,10000
2015-03-17,0.03,0.03,0.03,0.03,0.02,41519
2015-03-18,0.03,0.03,0.03,0.03,0.02,0
2015-03-19,0.04,0.04,0.04,0.04,0.03,8500
2015-03-20,0.04,0.04,0.04,0.04,0.03,0
2015-03-23,0.04,0.04,0.04,0.04,0.03,0
2015-03-24,0.04,0.04,0.04,0.04,0.03,0
2015-03-25,0.03,0.03,0.03,0.03,0.02,4285
2015-03-26,0.03,0.03,0.03,0.03,0.02,0
2015-03-27,0.03,0.03,0.03,0.03,0.02,0
2015-03-30,0.04,0.04,0.04,0.04,0.03,20000
2015-03-31,0.04,0.04,0.04,0.04,0.03,0
2015-04-01,0.04,0.04,0.04,0.04,0.03,0
2015-04-02,0.04,0.04,0.04,0.04,0.03,0
2015-04-06,0.04,0.04,0.04,0.04,0.03,0
2015-04-07,0.04,0.04,0.04,0.04,0.03,0
2015-04-08,0.03,0.03,0.03,0.03,0.02,19285
2015-04-09,0.03,0.03,0.03,0.03,0.02,0
2015-04-10,0.03,0.03,0.03,0.03,0.02,0
2015-04-13,0.03,0.03,0.03,0.03,0.02,1000
2015-04-14,0.03,0.03,0.03,0.03,0.02,0
2015-04-15,0.03,0.03,0.03,0.03,0.02,1857
2015-04-16,0.03,0.03,0.03,0.03,0.02,20000
2015-04-17,0.03,0.03,0.03,0.03,0.02,0
2015-04-23,15.45,15.48,15.44,15.46,12.16,5500
2015-04-24,15.61,15.66,15.51,15.63,12.29,67300
2015-04-27,15.74,15.82,15.6,15.63,12.29,37400
2015-04-28,15.52,15.55,15.48,15.53,12.22,45400
2015-04-29,15.5,15.5,15.3,15.45,12.15,8700
2015-04-30,15.45,15.54,15.31,15.48,12.17,3500
2015-05-01,15.64,15.65,15.5,15.54,12.22,6100
2015-05-04,15.5,15.65,15.5,15.52,12.21,12500
2015-05-05,15.51,15.51,15.38,15.38,12.1,20300
2015-05-06,15.7,15.7,15.54,15.57,12.24,3800
2015-05-07,15.52,15.56,15.52,15.56,12.24,1500
2015-05-08,15.48,15.51,15.47,15.49,12.18,12900
2015-05-11,15.08,15.08,14.97,15.02,11.81,12000
2015-05-12,15.4,15.4,15.18,15.19,11.95,7200
2015-05-13,15.27,15.27,15.15,15.18,11.94,7600
2015-05-14,15.33,15.33,15.17,15.23,11.98,10000
2015-05-15,15.15,15.2,15.09,15.15,11.92,3400
2015-05-18,15.18,15.18,15.05,15.11,11.88,66200
2015-05-19,15.02,15.03,14.98,15.03,11.82,5600
2015-05-20,15.04,15.04,14.89,14.93,11.74,2800
2015-05-21,14.98,14.98,14.93,14.93,11.74,1800
2015-05-22,14.98,14.98,14.97,14.97,11.77,3400
2015-05-26,14.87,14.87,14.77,14.81,11.65,2000
2015-05-27,14.99,15.01,14.98,15.0,11.8,7600
2015-05-28,14.87,14.92,14.87,14.92,11.73,2900
2015-05-29,15.1,15.11,15.09,15.1,11.88,1500
2015-06-01,14.9,16.94,14.9,15.37,12.09,2400
2015-06-02,15.6,15.61,15.4,15.48,12.18,1800
2015-06-03,15.57,15.57,15.47,15.53,12.21,5500
2015-06-04,15.57,15.57,15.49,15.49,12.18,800
2015-06-05,15.54,15.54,15.46,15.46,12.16,7700
2015-06-08,15.44,15.44,15.34,15.35,12.07,19700
2015-06-09,15.47,15.49,15.47,15.49,12.18,500
2015-06-10,15.5,15.51,15.48,15.48,12.17,8000
2015-06-11,15.51,15.59,15.51,15.59,12.26,4900
2015-06-12,15.59,15.6,15.53,15.55,12.23,2500
2015-06-15,15.55,15.73,15.55,15.73,12.37,9500
2015-06-16,15.5,15.55,15.47,15.55,12.23,4400
2015-06-17,15.44,15.44,15.4,15.41,12.12,2800
2015-06-18,15.54,15.54,15.54,15.54,12.22,300
2015-06-19,15.48,15.48,15.45,15.47,12.17,1900
2015-06-22,15.38,15.38,15.3,15.3,12.03,2500
2015-06-23,15.29,15.29,15.26,15.29,12.03,3300
2015-06-24,15.38,15.38,15.35,15.35,12.07,2200
2015-06-25,15.27,15.27,15.21,15.21,11.96,1900
2015-06-26,15.2,15.2,15.19,15.19,11.95,6000
2015-06-29,15.28,15.35,15.25,15.3,12.03,2900
2015-06-30,15.48,15.49,15.43,15.46,12.16,4100
2015-07-01,15.71,15.71,15.68,15.68,12.34,2000
2015-07-02,15.85,15.85,15.8,15.8,12.43,5300
2015-07-06,15.86,15.92,15.86,15.86,12.47,7100
2015-07-07,15.77,15.83,15.77,15.83,12.45,4700
2015-07-08,15.78,15.78,15.69,15.69,12.34,1700
2015-07-09,15.7,15.7,15.57,15.57,12.25,10700
2015-07-10,15.64,15.68,15.62,15.68,12.33,3500
2015-07-13,15.75,15.93,15.75,15.81,12.43,2800
2015-07-14,15.75,15.75,15.75,15.75,12.39,100
2015-07-15,15.81,15.81,15.76,15.76,12.4,1300
2015-07-16,15.83,15.94,15.83,15.94,12.54,7900
2015-07-17,15.95,15.97,15.92,15.97,12.56,24500
2015-07-20,15.95,15.95,15.95,15.95,12.54,300
2015-07-21,15.94,15.96,15.94,15.95,12.54,6800
2015-07-22,16.0,16.0,15.99,15.99,12.57,700
2015-07-23,15.95,15.95,15.92,15.92,12.52,10400
2015-07-24,15.85,15.86,15.78,15.78,12.41,10600
2015-07-27,15.68,15.68,15.61,15.64,12.3,2800
2015-07-28,15.72,15.72,15.72,15.72,12.36,300
2015-07-29,15.82,15.89,15.82,15.89,12.5,10800
2015-07-30,15.94,15.97,15.94,15.97,12.56,200
2015-07-31,15.97,15.97,15.97,15.97,12.56,0
2015-08-03,15.94,15.94,15.9,15.92,12.52,7500
2015-08-04,15.94,16.04,15.94,15.98,12.57,8400
2015-08-05,16.04,16.04,16.02,16.04,12.62,1500
2015-08-06,16.21,16.21,16.03,16.04,12.62,12400
2015-08-07,16.08,16.08,16.02,16.06,12.63,3200
2015-08-10,16.05,16.08,16.01,16.05,12.62,7500
2015-08-11,16.0,16.01,16.0,16.01,12.59,300
2015-08-12,15.89,15.89,15.81,15.85,12.47,3800
2015-08-13,15.92,15.92,15.8,15.8,12.43,2700
2015-08-14,15.94,15.95,15.87,15.93,12.53,27000
2015-08-17,15.68,15.7,15.57,15.7,12.35,15300
2015-08-18,15.55,15.68,15.55,15.68,12.33,8700
2015-08-19,15.58,15.58,15.58,15.58,12.25,3500
2015-08-20,15.47,15.5,15.45,15.5,12.19,11100
2015-08-21,15.11,15.23,15.06,15.07,11.85,8800
2015-08-24,14.24,14.42,14.0,14.42,11.34,3300
2015-08-25,14.43,14.43,14.43,14.43,11.35,200
2015-08-26,14.4,14.4,14.31,14.38,11.31,1300
2015-08-27,14.61,14.63,14.49,14.49,11.4,6300
2015-08-28,14.76,14.76,14.7,14.74,11.59,4500
2015-08-31,14.76,14.87,14.75,14.86,11.69,2800
2015-09-01,14.86,14.86,14.86,14.86,11.69,0
2015-09-02,14.69,14.71,14.65,14.71,11.57,13200
2015-09-03,14.7,14.75,14.7,14.74,11.59,6300
2015-09-04,14.47,14.47,14.47,14.47,11.38,1700
2015-09-08,14.31,14.32,14.3,14.32,11.26,7200
2015-09-09,14.47,14.47,14.39,14.39,11.32,1000
2015-09-10,14.39,14.39,14.39,14.39,11.32,0
2015-09-11,14.34,14.38,14.34,14.38,11.31,400
2015-09-14,14.29,14.29,14.29,14.29,11.24,900
2015-09-15,14.2,14.2,14.15,14.19,11.16,1700
2015-09-16,14.25,14.25,14.25,14.25,11.21,900
2015-09-17,14.16,14.16,14.09,14.09,11.08,700
2015-09-18,14.09,14.09,14.09,14.09,11.08,0
2015-09-21,14.09,14.09,14.09,14.09,11.08,0
2015-09-22,14.09,14.09,14.09,14.09,11.08,0
2015-09-23,13.9,13.9,13.9,13.9,10.93,1000
2015-09-24,13.86,13.86,13.86,13.86,10.9,200
2015-09-25,13.83,13.9,13.83,13.9,10.93,1400
2015-09-28,13.71,13.71,13.71,13.71,10.78,600
2015-09-29,13.65,13.65,13.57,13.6,10.7,2500
2015-09-30,13.55,13.55,13.55,13.55,10.66,100
2015-10-01,13.55,13.55,13.55,13.55,10.66,0
2015-10-02,13.55,13.55,13.55,13.55,10.66,0
2015-10-05,13.79,13.87,13.78,13.87,10.91,2900
2015-10-06,13.87,13.87,13.87,13.87,10.91,0
2015-10-07,14.2,14.2,14.17,14.17,11.14,2200
2015-10-08,14.17,14.17,14.17,14.17,11.14,0
2015-10-09,14.35,14.35,14.34,14.34,11.28,1000
2015-10-12,14.47,14.47,14.47,14.47,11.38,300
2015-10-13,14.47,14.47,14.47,14.47,11.38,0
2015-10-14,14.47,14.47,14.47,14.47,11.38,0
2015-10-15,14.47,14.47,14.47,14.47,11.38,0
2015-10-16,14.47,14.47,14.47,14.47,11.38,0
2015-10-19,14.47,14.47,14.47,14.47,11.38,0
2015-10-20,14.47,14.47,14.47,14.47,11.38,0
2015-10-21,14.43,14.43,14.42,14.43,11.35,6400
2015-10-22,14.43,14.43,14.43,14.43,11.35,0
2015-10-23,14.41,14.41,14.41,14.41,11.33,1100
2015-10-26,14.41,14.41,14.41,14.41,11.33,0
2015-10-27,14.29,14.29,14.23,14.23,11.19,1900
2015-10-28,14.3,14.37,14.3,14.31,11.25,8300
2015-10-29,14.39,14.39,14.36,14.39,11.32,6900
2015-10-30,14.25,14.32,14.25,14.32,11.26,800
2015-11-02,14.35,14.36,14.35,14.36,11.29,3800
2015-11-03,14.32,14.36,14.32,14.36,11.29,2200
2015-11-04,14.46,14.46,14.46,14.46,11.37,1100
2015-11-05,14.38,14.39,14.38,14.39,11.32,1000
2015-11-06,14.32,14.39,14.32,14.39,11.32,1300
2015-11-09,14.31,14.31,14.31,14.31,11.25,300
2015-11-10,14.07,14.1,14.07,14.08,11.07,1700
2015-11-11,14.1,14.1,14.09,14.09,11.08,7000
2015-11-12,14.09,14.09,14.09,14.09,11.08,0
2015-11-13,14.37,14.37,14.22,14.29,11.24,1300
2015-11-16,14.29,14.29,14.29,14.29,11.24,0
2015-11-17,14.29,14.29,14.29,14.29,11.24,0
2015-11-18,14.29,14.29,14.29,14.29,11.24,0
2015-11-19,14.08,14.1,14.08,14.1,11.09,2300
2015-11-20,14.06,14.08,13.98,13.98,11.0,6100
2015-11-23,13.95,13.95,13.95,13.95,10.97,900
2015-11-24,13.99,13.99,13.99,13.99,11.0,800
2015-11-25,13.74,13.84,13.74,13.82,10.87,19700
2015-11-27,13.75,13.75,13.63,13.63,10.72,3700
2015-11-30,13.5,13.51,13.28,13.35,10.5,6500
2015-12-01,13.15,13.15,13.08,13.08,10.28,1100
2015-12-02,13.46,13.46,13.45,13.45,10.58,900
2015-12-03,13.53,13.53,13.4,13.4,10.54,10200
2015-12-04,13.58,13.58,13.58,13.58,10.68,600
2015-12-07,13.74,13.74,13.74,13.74,10.81,200
2015-12-08,13.74,13.74,13.74,13.74,10.81,0
2015-12-09,13.96,13.96,13.96,13.96,10.98,100
2015-12-10,13.91,13.92,13.74,13.81,10.86,33600
2015-12-11,13.83,13.84,13.64,13.64,10.73,900
2015-12-14,13.61,13.67,13.52,13.53,10.64,9300
2015-12-15,13.53,13.53,13.53,13.53,10.64,0
2015-12-16,13.54,13.56,13.53,13.53,10.64,8900
2015-12-17,13.66,13.66,13.52,13.53,10.64,11400
2015-12-18,13.51,13.54,13.51,13.54,10.65,10100
2015-12-21,13.54,13.54,13.54,13.54,10.65,0
2015-12-22,13.54,13.54,13.54,13.54,10.65,0
2015-12-23,13.36,13.42,13.36,13.42,10.56,400
2015-12-24,13.4,13.4,13.2,13.2,10.38,5200
2015-12-28,13.35,13.35,13.23,13.23,10.41,6800
2015-12-29,13.23,13.23,13.23,13.23,10.74,0
2015-12-30,13.08,13.08,13.04,13.05,10.6,2600
2015-12-31,13.03,13.03,13.02,13.02,10.57,500
2016-01-04,13.07,13.2,12.88,13.14,10.67,1000
2016-01-05,13.14,13.19,13.14,13.19,10.71,1000
2016-01-06,13.19,13.19,13.19,13.19,10.71,0
2016-01-07,12.91,12.95,12.91,12.95,10.51,1600
2016-01-08,12.78,12.78,12.72,12.75,10.35,6500
2016-01-11,12.72,12.75,12.64,12.66,10.28,23600
2016-01-12,12.6,12.65,12.59,12.59,10.22,16100
2016-01-13,12.59,12.59,12.59,12.59,10.22,400
2016-01-14,12.59,12.59,12.59,12.59,10.22,0
2016-01-15,12.59,12.59,12.59,12.59,10.22,0
2016-01-19,12.18,12.18,12.17,12.17,9.88,800
2016-01-20,12.06,12.1,12.0,12.0,9.74,1300
2016-01-21,12.1,12.24,12.1,12.24,9.94,4300
2016-01-22,12.24,12.24,12.24,12.24,9.94,0
2016-01-25,12.12,12.12,12.12,12.12,9.84,600
2016-01-26,12.12,12.12,12.12,12.12,9.84,0
2016-01-27,12.18,12.19,12.18,12.19,9.89,800
2016-01-28,12.18,12.28,12.18,12.28,9.97,1500
2016-01-29,12.28,12.28,12.28,12.28,9.97,100
2016-02-01,12.51,12.64,12.5,12.51,10.16,4800
2016-02-02,12.51,12.51,12.51,12.51,10.16,0
2016-02-03,12.69,12.69,12.69,12.69,10.3,300
2016-02-04,12.69,12.69,12.69,12.69,10.3,0
2016-02-05,12.74,12.74,12.74,12.74,10.34,600
2016-02-08,12.89,12.98,12.89,12.98,10.54,1100
2016-02-09,12.72,12.89,12.72,12.89,10.46,200
2016-02-10,12.79,12.79,12.57,12.57,10.2,5000
2016-02-11,12.6,12.6,12.6,12.6,10.23,700
2016-02-12,12.6,12.6,12.6,12.6,10.23,0
2016-02-16,12.36,12.36,12.36,12.36,10.03,300
2016-02-17,12.36,12.36,12.36,12.36,10.03,0
2016-02-18,12.36,12.36,12.36,12.36,10.03,0
2016-02-19,12.32,12.32,12.32,12.32,10.0,400
2016-02-22,12.02,12.17,12.02,12.17,9.88,2400
2016-02-23,12.17,12.17,12.17,12.17,9.88,0
2016-02-24,12.24,12.24,12.17,12.17,9.88,600
2016-02-25,12.26,12.26,12.26,12.26,9.95,3700
2016-02-26,12.33,12.33,12.33,12.33,10.01,100
2016-02-29,12.36,12.51,12.36,12.5,10.15,6700
2016-03-01,12.5,12.5,12.5,12.5,10.15,0
2016-03-02,12.6,12.6,12.6,12.6,10.23,600
2016-03-03,12.8,12.93,12.73,12.89,10.46,11500
2016-03-04,12.92,12.92,12.89,12.89,10.46,1000
2016-03-07,12.89,12.89,12.89,12.89,10.46,0
2016-03-08,13.31,13.31,13.09,13.09,10.63,500
2016-03-09,13.08,13.08,13.08,13.08,10.62,600
2016-03-10,13.08,13.08,13.08,13.08,10.62,0
2016-03-11,13.11,13.11,13.01,13.01,10.56,400
2016-03-14,13.01,13.01,13.01,13.01,10.56,0
2016-03-15,13.08,13.08,13.08,13.08,10.62,200
2016-03-16,13.05,13.13,13.05,13.09,10.63,1100
2016-03-17,13.16,13.25,13.16,13.24,10.75,900
2016-03-18,13.16,13.16,13.16,13.16,10.68,200
2016-03-21,13.25,13.26,13.19,13.19,10.71,500
2016-03-22,13.22,13.23,13.1,13.1,10.63,600
2016-03-23,13.1,13.1,13.1,13.1,10.63,0
2016-03-24,12.98,13.01,12.97,12.97,10.53,1200
2016-03-28,12.97,12.97,12.97,12.97,10.53,0
2016-03-29,12.97,12.97,12.97,12.97,10.53,0
2016-03-30,12.97,12.97,12.97,12.97,10.53,0
2016-03-31,13.0,13.16,13.0,13.16,10.68,1000
2016-04-01,13.19,13.19,13.19,13.19,10.71,300
2016-04-04,13.31,13.5,13.31,13.5,10.96,1200
2016-04-05,13.25,13.25,13.25,13.25,10.76,700
2016-04-06,13.33,13.4,13.32,13.4,10.88,2200
2016-04-07,13.3,13.4,13.24,13.24,10.75,3800
2016-04-08,13.32,13.32,13.32,13.32,10.82,300
2016-04-11,13.09,13.09,13.09,13.09,10.63,2500
2016-04-12,13.25,13.31,13.18,13.29,10.79,14000
2016-04-13,13.31,13.31,13.27,13.31,10.81,1500
2016-04-14,13.35,13.4,13.32,13.4,10.88,3600
2016-04-15,13.4,13.4,13.4,13.4,10.88,800
2016-04-18,13.4,13.45,13.35,13.44,10.91,9300
2016-04-19,13.34,13.45,13.34,13.42,10.89,12700
2016-04-20,13.42,13.42,13.39,13.39,10.87,2300
2016-04-21,13.4,13.4,13.29,13.29,10.79,1200
2016-04-22,13.38,13.38,13.18,13.25,10.76,23500
2016-04-25,13.33,13.35,13.25,13.3,10.8,4000
2016-04-26,13.24,13.35,13.24,13.35,10.84,3500
2016-04-27,13.5,13.53,13.46,13.51,10.97,2000
2016-04-28,13.64,13.66,13.61,13.63,11.06,3300
2016-04-29,13.82,13.84,13.82,13.84,11.23,1800
2016-05-02,13.79,13.79,13.67,13.74,11.15,1600
2016-05-03,13.92,13.92,13.92,13.92,11.3,600
2016-05-04,14.14,14.14,13.98,14.09,11.44,700
2016-05-05,14.43,14.44,14.35,14.4,11.69,1800
2016-05-06,14.31,14.4,14.31,14.4,11.69,1200
2016-05-09,14.4,14.5,14.4,14.43,11.71,3000
2016-05-10,14.5,14.66,14.5,14.64,11.88,6600
2016-05-11,14.6,14.8,14.6,14.79,12.01,52600
2016-05-12,14.71,14.71,14.47,14.64,11.88,15300
2016-05-13,14.46,14.67,14.46,14.67,11.91,600
2016-05-16,14.52,14.65,14.52,14.65,11.89,700
2016-05-17,14.51,14.61,14.49,14.52,11.79,5600
2016-05-18,14.77,14.77,14.55,14.61,11.86,4500
2016-05-19,14.69,14.83,14.69,14.79,12.01,1800
2016-05-20,14.76,14.77,14.69,14.73,11.96,2400
2016-05-23,14.7,14.82,14.69,14.69,11.92,4700
2016-05-24,14.52,14.75,14.52,14.75,11.97,6700
2016-05-25,14.56,14.62,14.47,14.62,11.87,5000
2016-05-26,14.46,14.49,14.46,14.49,11.76,200
2016-05-27,14.59,14.64,14.59,14.64,11.88,1700
2016-05-31,14.53,14.53,14.28,14.35,11.65,4000
2016-06-01,14.39,14.55,14.39,14.44,11.72,3900
2016-06-02,14.51,14.57,14.48,14.57,11.83,3800
2016-06-03,14.62,14.76,14.6,14.71,11.94,8600
2016-06-06,14.79,14.93,14.75,14.8,12.01,45400
2016-06-07,14.81,14.92,14.72,14.78,12.0,30300
2016-06-08,14.73,14.84,14.73,14.76,11.98,16600
2016-06-09,14.72,14.8,14.67,14.78,12.0,22400
2016-06-10,14.78,14.78,14.78,14.78,12.0,0
2016-06-13,14.5,14.63,14.38,14.61,11.86,17200
2016-06-14,14.74,14.83,14.63,14.63,11.88,1500
2016-06-15,15.39,15.63,15.35,15.48,12.57,26300
2016-06-16,15.59,15.6,15.09,15.45,12.54,30800
2016-06-17,15.42,15.63,15.39,15.43,12.53,18900
2016-06-20,15.26,15.46,15.26,15.28,12.4,52900
2016-06-21,15.24,15.4,15.18,15.35,12.46,44300
2016-06-22,15.09,15.31,15.09,15.17,12.31,51400
2016-06-23,15.18,15.29,15.1,15.27,12.4,8300
2016-06-24,14.56,14.96,14.53,14.7,11.93,4200
2016-06-27,14.5,14.7,14.5,14.55,11.81,15300
2016-06-28,14.76,14.76,14.61,14.71,11.94,8700
2016-06-29,15.09,15.21,14.99,15.16,12.31,12100
2016-06-30,14.98,15.2,14.98,15.2,12.34,1300
2016-07-01,15.2,15.2,15.2,15.2,12.34,0
2016-07-05,15.04,15.18,15.0,15.03,12.2,9900
2016-07-06,15.02,15.06,14.9,14.99,12.17,4700
2016-07-07,15.11,15.12,14.91,14.99,12.17,1500
2016-07-08,15.1,15.13,15.0,15.13,12.28,4000
2016-07-11,15.23,15.31,15.23,15.29,12.41,2100
2016-07-12,15.5,15.64,15.45,15.63,12.69,10900
2016-07-13,15.58,15.65,15.55,15.62,12.68,1500
2016-07-14,15.7,15.77,15.64,15.69,12.74,5100
2016-07-15,15.77,15.77,15.65,15.74,12.78,2600
2016-07-18,15.67,15.69,15.64,15.68,12.73,24600
2016-07-19,15.66,15.73,15.66,15.73,12.77,800
2016-07-20,15.75,15.77,15.7,15.75,12.79,6500
2016-07-21,15.8,15.8,15.62,15.74,12.78,1000
2016-07-22,15.7,15.71,15.66,15.66,12.71,2500
2016-07-25,15.6,15.68,15.55,15.62,12.68,3200
2016-07-26,15.6,15.65,15.58,15.65,12.7,8400
2016-07-27,15.7,15.72,15.63,15.63,12.69,4200
2016-07-28,15.66,15.7,15.65,15.7,12.74,3700
2016-07-29,15.73,15.75,15.66,15.72,12.76,6300
2016-08-01,15.75,15.85,15.73,15.85,12.87,14800
2016-08-02,15.8,15.95,15.67,15.77,12.81,1800
2016-08-03,15.63,15.89,15.63,15.89,12.9,1700
2016-08-04,15.76,15.83,15.67,15.72,12.76,3500
2016-08-05,15.79,15.8,15.71,15.71,12.75,1200
2016-08-08,15.86,15.86,15.65,15.68,12.73,4700
2016-08-09,15.78,15.82,15.71,15.82,12.84,4600
2016-08-10,15.75,15.79,15.73,15.79,12.82,4000
2016-08-11,15.86,15.92,15.77,15.77,12.8,5800
2016-08-12,15.78,15.85,15.72,15.85,12.87,5300
2016-08-15,15.73,15.82,15.73,15.77,12.8,2800
2016-08-16,15.78,15.81,15.73,15.75,12.79,4300
2016-08-17,15.82,15.82,15.72,15.72,12.76,1100
2016-08-18,15.7,15.7,15.6,15.62,12.68,2500
2016-08-19,15.78,15.78,15.57,15.73,12.77,1800
2016-08-22,15.59,15.6,15.45,15.6,12.66,6800
2016-08-23,15.57,15.57,15.5,15.5,12.58,1700
2016-08-24,15.47,15.67,15.47,15.67,12.72,3700
2016-08-25,15.69,15.7,15.67,15.7,12.74,1400
2016-08-26,15.75,15.8,15.61,15.61,12.67,1700
2016-08-29,15.64,15.7,15.62,15.7,12.75,5700
2016-08-30,15.72,15.72,15.55,15.57,12.64,1400
2016-08-31,15.53,15.53,15.53,15.53,12.61,300
2016-09-01,15.51,15.51,15.4,15.46,12.55,8400
2016-09-02,15.46,15.46,15.24,15.27,12.4,10900
2016-09-06,15.57,15.57,15.36,15.45,12.54,1800
2016-09-07,15.63,15.74,15.63,15.67,12.72,17200
2016-09-08,15.7,15.7,15.64,15.66,12.71,1700
2016-09-09,15.63,15.68,15.63,15.65,12.7,1400
2016-09-12,15.51,15.75,15.51,15.75,12.79,4400
2016-09-13,15.7,15.7,15.6,15.64,12.7,600
2016-09-14,15.74,15.74,15.66,15.7,12.75,1700
2016-09-15,15.75,15.75,15.66,15.75,12.79,4400
2016-09-16,15.75,15.75,15.65,15.65,12.7,2400
2016-09-19,15.75,15.86,15.75,15.86,12.87,4600
2016-09-20,15.68,15.68,15.55,15.55,12.62,3400
2016-09-21,15.54,15.6,15.48,15.56,12.63,4500
2016-09-22,15.56,15.56,15.56,15.56,12.63,0
2016-09-23,15.58,15.58,15.46,15.46,12.55,1200
2016-09-26,15.79,15.79,15.65,15.65,12.71,1400
2016-09-27,15.78,15.84,15.78,15.84,12.86,600
2016-09-28,15.68,15.68,15.68,15.68,12.73,1100
2016-09-29,15.75,15.75,15.58,15.64,12.69,1600
2016-09-30,15.81,15.85,15.81,15.84,12.86,1200
2016-10-03,15.91,15.96,15.91,15.96,12.95,1800
2016-10-04,16.0,16.1,16.0,16.1,13.07,1900
2016-10-05,16.01,16.01,16.0,16.01,13.0,15300
2016-10-06,16.01,16.01,16.01,16.01,13.0,0
2016-10-07,15.91,15.91,15.9,15.9,12.91,500
2016-10-10,15.9,15.92,15.85,15.88,12.89,5500
2016-10-11,16.02,16.02,15.8,15.8,12.83,1400
2016-10-12,16.0,16.0,15.86,15.86,12.87,800
2016-10-13,15.81,15.86,15.81,15.86,12.87,700
2016-10-14,15.85,15.85,15.85,15.85,12.87,600
2016-10-17,15.72,15.72,15.72,15.72,12.76,3400
2016-10-18,15.72,15.72,15.65,15.65,12.7,1000
2016-10-19,15.72,15.75,15.7,15.75,12.79,800
2016-10-20,15.88,15.88,15.88,15.88,12.89,200
2016-10-21,15.88,15.88,15.88,15.88,12.89,0
2016-10-24,15.61,15.61,15.61,15.61,12.67,600
2016-10-25,15.57,15.57,15.5,15.5,12.58,11300
2016-10-26,15.31,15.38,15.21,15.24,12.37,10400
2016-10-27,15.19,15.3,15.09,15.27,12.4,1400
2016-10-28,15.28,15.32,15.26,15.32,12.44,900
2016-10-31,15.31,15.31,15.31,15.31,12.43,100
2016-11-01,15.75,15.82,15.73,15.79,12.82,2300
2016-11-02,15.92,15.96,15.92,15.96,12.96,1500
2016-11-03,16.0,16.0,15.8,15.9,12.91,2600
2016-11-04,15.76,15.87,15.76,15.87,12.88,400
2016-11-07,15.93,15.95,15.83,15.95,12.95,10100
2016-11-08,16.0,16.08,15.94,16.08,13.05,24100
2016-11-09,16.04,16.04,15.92,16.0,12.99,3300
2016-11-10,16.05,16.12,16.05,16.05,13.03,1400
2016-11-11,16.14,16.21,16.14,16.21,13.16,1000
2016-11-14,16.0,16.07,15.99,16.01,12.99,4800
2016-11-15,16.0,16.1,16.0,16.1,13.07,500
2016-11-16,16.0,16.0,16.0,16.0,12.99,1400
2016-11-17,16.05,16.05,16.0,16.03,13.01,700
2016-11-18,15.88,15.88,15.76,15.76,12.79,6300
2016-11-21,16.02,16.03,16.02,16.03,13.01,3400
2016-11-22,16.03,16.03,16.03,16.03,13.01,0
2016-11-23,16.1,16.1,16.03,16.03,13.02,2100
2016-11-25,16.1,16.1,16.1,16.1,13.07,600
2016-11-28,16.11,16.15,16.1,16.1,13.07,900
2016-11-29,16.03,16.03,16.03,16.03,13.01,600
2016-11-30,15.88,15.88,15.8,15.82,12.84,2900
2016-12-01,16.02,16.08,15.97,16.03,13.01,22000
2016-12-02,16.21,16.3,16.03,16.25,13.19,5600
2016-12-05,16.47,16.47,16.24,16.28,13.22,7800
2016-12-06,16.72,16.72,16.4,16.59,13.47,6300
2016-12-07,16.72,16.73,16.41,16.62,13.49,19400
2016-12-08,16.78,16.81,16.71,16.81,13.65,2700
2016-12-09,16.85,17.1,16.84,17.03,13.82,4000
2016-12-12,17.03,17.03,16.86,16.95,13.76,15900
2016-12-13,17.03,17.27,17.03,17.24,13.99,6600
2016-12-14,17.54,17.54,17.25,17.42,14.14,14800
2016-12-15,17.15,17.31,17.15,17.19,13.95,15900
2016-12-16,17.44,17.48,17.34,17.47,14.18,14100
2016-12-19,17.55,17.61,17.46,17.5,14.21,12500
2016-12-20,17.64,17.79,17.55,17.75,14.41,27700
2016-12-21,17.73,17.73,17.53,17.67,14.34,10400
2016-12-22,17.58,17.63,17.42,17.62,14.3,12400
2016-12-23,17.46,17.69,17.46,17.48,14.19,2400
2016-12-27,17.55,17.74,17.55,17.6,14.29,2100
2016-12-28,17.3,17.52,17.11,17.36,14.52,34300
2016-12-29,17.57,17.57,17.32,17.37,14.53,19800
2016-12-30,17.48,17.62,17.42,17.5,14.64,14300
2017-01-03,17.87,18.07,17.87,18.02,15.07,32800
2017-01-04,18.02,18.07,17.82,18.02,15.07,38600
2017-01-05,17.82,18.02,17.77,17.87,14.95,16300
2017-01-06,17.94,17.95,17.89,17.93,15.0,5200
2017-01-09,17.8,17.93,17.8,17.91,14.98,6900
2017-01-10,17.95,17.95,17.81,17.93,15.0,13900
2017-01-11,18.1,18.2,17.96,18.2,15.22,16700
2017-01-12,18.0,18.17,18.0,18.17,15.2,32300
2017-01-13,18.0,18.12,17.97,18.04,15.09,23200
2017-01-17,17.9,17.9,17.6,17.75,14.85,56200
2017-01-18,17.73,17.74,17.65,17.74,14.84,51000
2017-01-19,17.82,17.84,17.72,17.83,14.91,239500
2017-01-20,17.79,17.95,17.79,17.93,15.0,30200
2017-01-23,18.09,18.09,17.93,17.95,15.01,42500
2017-01-24,18.0,18.08,17.99,18.08,15.12,30300
2017-01-25,18.1,18.1,17.95,18.01,15.07,12800
2017-01-26,18.06,18.16,18.06,18.12,15.16,3600
2017-01-27,18.36,18.36,17.92,17.99,15.05,9700
2017-01-30,17.74,17.79,17.7,17.75,14.85,6200
2017-01-31,17.67,17.74,17.6,17.6,14.72,4600
2017-02-01,17.97,17.97,17.78,17.9,14.97,7700
2017-02-02,17.93,17.99,17.89,17.96,15.02,20900
2017-02-03,17.93,17.93,17.85,17.85,14.93,37900
2017-02-06,17.9,17.94,17.78,17.8,14.89,63600
2017-02-07,18.0,18.0,17.89,17.92,14.99,40100
2017-02-08,17.9,17.99,17.9,17.99,15.05,6300
2017-02-09,18.07,18.07,17.91,18.0,15.06,11600
2017-02-10,18.0,18.0,17.94,17.97,15.03,3300
2017-02-13,18.04,18.06,17.95,18.0,15.06,21600
2017-02-14,18.01,18.03,17.87,17.99,15.05,57300
2017-02-15,17.79,17.82,17.73,17.73,14.83,17100
2017-02-16,17.95,17.96,17.79,17.95,15.01,138300
2017-02-17,17.73,17.91,17.73,17.87,14.95,16700
2017-02-21,17.84,17.89,17.84,17.86,14.94,93600
2017-02-22,17.87,17.95,17.87,17.87,14.95,115100
2017-02-23,17.96,17.96,17.74,17.74,14.84,50200
2017-02-24,17.85,17.85,17.66,17.68,14.79,27600
2017-02-27,17.65,17.66,17.51,17.58,14.71,23900
2017-02-28,17.61,17.61,17.5,17.51,14.65,20900
2017-03-01,17.75,17.78,17.6,17.69,14.8,35000
2017-03-02,17.89,18.03,17.85,17.88,14.96,12800
2017-03-03,17.97,18.02,17.93,17.99,15.05,14100
2017-03-06,17.91,18.03,17.9,17.91,14.98,6400
2017-03-07,17.83,17.92,17.83,17.91,14.98,7500
2017-03-08,18.04,18.05,17.95,18.01,15.07,14800
2017-03-09,18.07,18.07,17.96,17.96,15.02,1500
2017-03-10,17.95,17.96,17.87,17.92,14.99,23800
2017-03-13,17.7,17.81,17.7,17.81,14.9,29300
2017-03-14,17.7,17.75,17.65,17.66,14.77,28400
2017-03-15,17.56,17.64,17.56,17.64,14.76,10300
2017-03-16,17.52,17.61,17.51,17.54,14.67,41200
2017-03-17,17.6,17.68,17.55,17.61,14.73,31700
2017-03-20,17.61,17.73,17.61,17.66,14.77,7200
2017-03-21,17.69,17.78,17.57,17.61,14.73,36000
2017-03-22,17.61,17.83,17.61,17.77,14.86,12600
2017-03-23,17.72,17.8,17.67,17.67,14.78,20900
2017-03-24,17.69,17.76,17.67,17.67,14.78,7400
2017-03-27,17.56,17.67,17.43,17.61,14.73,45600
2017-03-28,17.5,17.57,17.46,17.48,14.62,43400
2017-03-29,17.34,17.4,17.2,17.2,14.39,41600
2017-03-30,17.14,17.14,16.94,17.11,14.31,265800
2017-03-31,17.03,17.21,16.98,16.98,14.2,73900
2017-04-03,17.13,17.24,17.13,17.18,14.37,30800
2017-04-04,17.1,17.19,17.1,17.1,14.3,14300
2017-04-05,17.05,17.05,16.9,16.91,14.14,22800
2017-04-06,16.9,16.9,16.74,16.83,14.08,45100
2017-04-07,16.92,17.09,16.92,17.06,14.27,45300
2017-04-10,17.1,17.2,17.1,17.12,14.32,9100
2017-04-11,17.14,17.37,17.14,17.33,14.49,43300
2017-04-12,17.43,17.43,17.34,17.41,14.56,9300
2017-04-13,17.36,17.36,17.1,17.16,14.35,13600
2017-04-17,17.01,17.04,16.75,16.96,14.19,35100
2017-04-18,16.78,16.94,16.78,16.92,14.15,7700
2017-04-19,17.1,17.27,17.1,17.15,14.35,42300
2017-04-20,17.5,17.66,17.5,17.55,14.68,48700
2017-04-21,17.79,17.86,17.65,17.68,14.79,40400
2017-04-24,17.93,17.99,17.77,17.99,15.05,18500
2017-04-25,17.86,17.98,17.86,17.94,15.01,24000
2017-04-26,17.83,18.0,17.83,17.93,15.0,30700
2017-04-27,17.82,18.0,17.81,17.9,14.97,28600
2017-04-28,17.8,17.87,17.79,17.8,14.89,35400
2017-05-01,17.82,17.93,17.77,17.77,14.86,12700
2017-05-02,17.65,17.67,17.52,17.62,14.74,52300
2017-05-03,17.54,17.64,17.29,17.51,14.65,20400
2017-05-04,17.81,17.81,17.68,17.73,14.83,36700
2017-05-05,17.99,18.02,17.93,18.02,15.07,32000
2017-05-08,18.55,18.61,18.3,18.33,15.33,296900
2017-05-09,18.45,18.64,18.38,18.62,15.58,101500
2017-05-10,18.75,18.78,18.64,18.67,15.62,33300
2017-05-11,18.74,18.87,18.7,18.71,15.65,62600
2017-05-12,18.88,18.96,18.73,18.75,15.68,56200
2017-05-15,19.23,19.23,18.92,19.05,15.94,47500
2017-05-16,18.86,19.02,18.84,18.85,15.77,66000
2017-05-17,18.73,18.8,18.51,18.63,15.58,99200
2017-05-18,18.48,18.48,18.19,18.34,15.34,53300
2017-05-19,18.14,18.39,18.14,18.32,15.32,150600
2017-05-22,18.61,18.64,18.54,18.59,15.55,42900
2017-05-23,18.93,19.0,18.7,18.83,15.75,91500
2017-05-24,19.1,19.1,18.92,18.97,15.87,57600
2017-05-25,18.99,18.99,18.84,18.95,15.85,39700
2017-05-26,18.85,18.88,18.71,18.81,15.73,54900
2017-05-30,18.6,18.6,18.1,18.28,15.29,184500
2017-05-31,18.0,18.03,17.69,18.02,15.07,560200
2017-06-01,17.31,17.33,17.07,17.3,14.47,190200
2017-06-02,17.26,17.26,17.1,17.13,14.33,89500
2017-06-05,17.65,17.76,17.57,17.73,14.83,187600
2017-06-06,17.81,17.85,17.75,17.84,14.92,71800
2017-06-07,17.81,17.84,17.75,17.8,14.89,16800
2017-06-08,17.68,17.79,17.55,17.74,14.84,14200
2017-06-09,17.54,17.6,17.5,17.5,14.64,23400
2017-06-12,16.86,17.0,16.8,16.92,14.15,81500
2017-06-13,17.0,17.12,16.94,17.04,14.25,54700
2017-06-14,16.95,17.09,16.9,16.97,14.2,48100
2017-06-15,16.86,16.96,16.8,16.89,14.13,8100
2017-06-16,16.66,16.79,16.51,16.54,13.84,25200
2017-06-19,16.51,16.67,16.4,16.43,13.74,36300
2017-06-20,15.98,15.99,15.83,15.9,13.3,139900
2017-06-21,16.1,16.28,16.09,16.18,13.53,25400
2017-06-22,16.36,16.54,16.35,16.45,13.76,79700
2017-06-23,16.57,16.57,16.32,16.4,13.72,12700
2017-06-26,16.41,16.56,16.3,16.41,13.73,23000
2017-06-27,16.56,16.56,16.35,16.43,13.74,52100
2017-06-28,16.44,16.58,16.38,16.51,13.81,38100
2017-06-29,16.57,16.73,16.53,16.55,13.84,67100
2017-06-30,16.54,16.64,16.5,16.62,13.9,49100
2017-07-03,16.34,16.34,15.75,15.8,13.22,57000
2017-07-05,15.7,15.74,15.54,15.65,13.09,83200
2017-07-06,15.58,15.69,15.5,15.53,12.99,55400
2017-07-07,15.78,15.83,15.63,15.8,13.22,30900
2017-07-10,15.81,16.3,15.81,16.28,13.62,74900
2017-07-11,15.54,15.56,15.38,15.45,12.92,144200
2017-07-12,15.44,15.58,15.39,15.54,13.0,66200
2017-07-13,15.53,15.6,15.5,15.55,13.01,170600
2017-07-14,15.69,15.73,15.62,15.68,13.12,35400
2017-07-17,15.71,15.77,15.61,15.69,13.12,24200
2017-07-18,16.0,16.15,15.98,16.09,13.46,32000
2017-07-19,16.03,16.11,15.99,16.04,13.42,17500
2017-07-20,15.95,15.99,15.74,15.93,13.33,17000
2017-07-21,15.96,16.04,15.85,16.02,13.4,15400
2017-07-24,16.05,16.12,16.05,16.07,13.44,15000
2017-07-25,16.13,16.23,16.13,16.18,13.54,59100
2017-07-26,16.18,16.26,16.18,16.2,13.55,11000
2017-07-27,16.2,16.23,16.09,16.15,13.51,21400
2017-07-28,16.0,16.15,15.95,16.1,13.47,20100
2017-07-31,16.16,16.28,16.1,16.1,13.47,54700
2017-08-01,16.29,16.37,16.08,16.22,13.57,93400
2017-08-02,16.38,16.46,16.31,16.39,13.71,19500
2017-08-03,16.44,16.55,16.35,16.38,13.7,16700
2017-08-04,16.43,16.47,16.34,16.47,13.78,9700
2017-08-07,16.32,16.35,16.31,16.31,13.64,13000
2017-08-08,16.29,16.29,16.12,16.12,13.48,69400
2017-08-09,16.06,16.15,16.0,16.04,13.42,24800
2017-08-10,15.91,16.01,15.7,15.8,13.22,57400
2017-08-11,15.7,15.85,15.7,15.82,13.23,38700
2017-08-14,15.88,15.91,15.81,15.85,13.26,26900
2017-08-15,15.31,15.35,15.3,15.33,12.82,52100
2017-08-16,15.35,15.45,15.35,15.4,12.88,14200
2017-08-17,15.01,15.09,14.86,14.92,12.48,110900
2017-08-18,14.92,15.04,14.89,14.93,12.49,15300
2017-08-21,14.71,14.79,14.61,14.72,12.31,158200
2017-08-22,14.6,14.73,14.55,14.72,12.31,81700
2017-08-23,14.92,15.08,14.91,15.01,12.56,75800
2017-08-24,14.93,14.93,14.72,14.85,12.42,93200
2017-08-25,14.98,14.98,14.85,14.93,12.49,40700
2017-08-28,14.72,14.85,14.69,14.73,12.32,55100
2017-08-29,14.49,14.54,14.43,14.48,12.11,94100
2017-08-30,14.45,14.55,14.44,14.51,12.14,87800
2017-08-31,14.35,14.51,14.26,14.45,12.09,347800
2017-09-01,14.43,14.48,14.36,14.36,12.01,164600
2017-09-05,14.44,14.64,14.44,14.53,12.15,105700
2017-09-06,14.43,14.47,14.25,14.39,12.04,88300
2017-09-07,14.3,14.3,14.2,14.27,11.93,87400
2017-09-08,14.33,14.38,14.3,14.32,11.98,24500
2017-09-11,14.36,14.36,14.3,14.34,12.0,61300
2017-09-12,14.39,14.45,14.37,14.37,12.02,37800
2017-09-13,14.71,14.76,14.68,14.72,12.31,78900
2017-09-14,14.89,14.96,14.78,14.79,12.37,41800
2017-09-15,14.92,14.99,14.8,14.88,12.45,23300
2017-09-18,14.9,14.99,14.9,14.91,12.47,13700
2017-09-19,14.97,15.08,14.92,15.0,12.55,149500
2017-09-20,15.1,15.14,15.09,15.11,12.64,33500
2017-09-21,14.94,14.94,14.76,14.85,12.42,62800
2017-09-22,14.96,14.96,14.74,14.74,12.33,34000
2017-09-25,14.94,14.94,14.64,14.64,12.25,100200
2017-09-26,14.69,14.78,14.65,14.75,12.34,20800
2017-09-27,14.63,14.67,14.61,14.66,12.26,38500
2017-09-28,14.55,14.64,14.54,14.54,12.16,59300
2017-09-29,14.54,14.6,14.48,14.52,12.15,28700
2017-10-02,14.49,14.49,14.3,14.3,11.96,41100
2017-10-03,14.25,14.25,14.02,14.15,11.84,164600
2017-10-04,14.0,14.02,13.93,13.96,11.68,56800
2017-10-05,13.93,13.96,13.9,13.94,11.66,35400
2017-10-06,14.22,14.41,14.15,14.27,11.94,59200
2017-10-09,14.25,14.28,14.22,14.25,11.92,25200
2017-10-10,14.12,14.17,14.07,14.07,11.77,74900
2017-10-11,14.0,14.12,14.0,14.12,11.81,52000
2017-10-12,13.95,14.11,13.91,13.93,11.65,52300
2017-10-13,13.95,13.95,13.82,13.84,11.58,44100
2017-10-16,14.17,14.23,14.07,14.12,11.81,47300
2017-10-17,14.06,14.12,13.96,14.0,11.71,96600
2017-10-18,14.13,14.13,14.02,14.05,11.75,19300
2017-10-19,14.26,14.32,14.18,14.3,11.96,18500
2017-10-20,14.48,14.65,14.48,14.62,12.23,41600
2017-10-23,14.3,14.45,14.3,14.42,12.06,131700
2017-10-24,14.41,14.41,14.31,14.33,11.99,25700
2017-10-25,14.52,14.52,14.2,14.21,11.89,44000
2017-10-26,14.23,14.3,14.23,14.29,11.95,12200
2017-10-27,14.28,14.28,14.11,14.17,11.85,29400
2017-10-30,14.28,14.28,13.81,13.88,11.61,90900
2017-10-31,13.67,13.67,13.44,13.52,11.31,170500
2017-11-01,13.8,13.86,13.68,13.75,11.5,45900
2017-11-02,13.83,13.97,13.83,13.96,11.68,16500
2017-11-03,14.01,14.1,14.01,14.09,11.79,11900
2017-11-06,14.15,14.15,13.95,14.01,11.72,37800
2017-11-07,14.1,14.1,13.99,14.04,11.74,11500
2017-11-08,14.1,14.18,13.99,14.1,11.79,40200
2017-11-09,14.35,14.35,14.23,14.27,11.94,14000
2017-11-10,14.2,14.27,14.17,14.21,11.89,15400
2017-11-13,14.22,14.25,14.11,14.17,11.85,9200
2017-11-14,14.07,14.23,14.0,14.0,11.71,12000
2017-11-15,14.0,14.0,13.94,13.94,11.66,6900
2017-11-16,13.94,14.06,13.94,14.02,11.73,7000
2017-11-17,13.97,14.02,13.97,13.98,11.69,18200
2017-11-20,13.92,13.92,13.85,13.85,11.59,12700
2017-11-21,13.97,14.03,13.85,14.0,11.71,17700
2017-11-22,13.94,14.03,13.9,13.95,11.67,14300
2017-11-24,14.05,14.05,13.73,13.78,11.53,18400
2017-11-27,13.77,13.83,13.62,13.75,11.5,51400
2017-11-28,13.65,13.72,13.52,13.6,11.38,92200
2017-11-29,13.6,13.6,13.53,13.57,11.35,17100
2017-11-30,13.57,13.74,13.52,13.56,11.34,59100
2017-12-01,13.63,13.68,13.57,13.68,11.44,19400
2017-12-04,13.74,13.74,13.58,13.74,11.49,19100
2017-12-05,13.65,13.66,13.45,13.46,11.26,52000
2017-12-06,13.5,13.69,13.5,13.68,11.44,22400
2017-12-07,13.32,13.32,12.99,13.22,11.06,207800
2017-12-08,13.39,13.41,13.24,13.4,11.21,54900
2017-12-11,13.09,13.12,12.9,12.94,10.82,126300
2017-12-12,12.87,12.89,12.75,12.81,10.72,52100
2017-12-13,12.81,12.89,12.81,12.83,10.73,71700
2017-12-14,12.73,12.73,12.42,12.5,10.46,198800
2017-12-15,12.58,12.77,12.58,12.61,10.55,94100
2017-12-18,12.6,12.7,12.6,12.61,10.55,53800
2017-12-19,12.51,12.51,12.27,12.33,10.31,51200
2017-12-20,12.54,12.6,12.4,12.5,10.46,45400
2017-12-21,12.76,12.83,12.65,12.74,10.66,53600
2017-12-22,12.9,12.95,12.88,12.93,10.82,35700
2017-12-26,12.92,12.96,12.9,12.94,10.82,12700
2017-12-27,13.07,13.21,13.07,13.14,10.99,41500
2017-12-28,12.19,12.35,12.15,12.19,11.11,191400
2017-12-29,12.4,12.48,12.24,12.38,11.29,317600
2018-01-02,12.72,12.72,12.56,12.62,11.51,37700
2018-01-03,12.83,12.83,12.56,12.6,11.49,47500
2018-01-04,12.85,12.88,12.76,12.86,11.72,210800
2018-01-05,12.98,13.04,12.92,13.03,11.88,107900
2018-01-08,13.12,13.25,13.1,13.17,12.01,203200
2018-01-09,13.06,13.09,13.01,13.02,11.87,111400
2018-01-10,13.25,13.33,13.23,13.29,12.12,95400
2018-01-11,13.25,13.25,13.07,13.15,11.99,96900
2018-01-12,13.06,13.11,12.9,13.07,11.92,114900
2018-01-16,13.1,13.11,13.06,13.07,11.92,106200
2018-01-17,13.1,13.31,13.1,13.25,12.08,223700
2018-01-18,13.3,13.31,13.2,13.21,12.04,74100
2018-01-19,13.45,13.59,13.36,13.45,12.26,135100
2018-01-22,13.71,13.77,13.6,13.75,12.54,119200
2018-01-23,13.77,13.77,13.61,13.65,12.44,163300
2018-01-24,13.62,13.72,13.52,13.53,12.34,83300
2018-01-25,13.56,13.56,13.23,13.28,12.11,176500
2018-01-26,13.39,13.39,13.09,13.16,12.0,282000
2018-01-29,13.28,13.29,13.12,13.16,12.0,74400
2018-01-30,13.1,13.1,13.02,13.03,11.88,30900
2018-01-31,13.09,13.13,13.0,13.13,11.97,29800
2018-02-01,13.14,13.29,13.06,13.08,11.92,22500
2018-02-02,13.18,13.18,12.97,12.98,11.83,55800
2018-02-05,12.96,13.01,12.84,12.86,11.72,92500
2018-02-06,12.86,13.03,12.75,13.03,11.88,132600
2018-02-07,13.04,13.08,12.95,13.0,11.85,35600
2018-02-08,13.0,13.08,12.75,12.75,11.62,48100
2018-02-09,12.8,12.86,12.61,12.77,11.64,226200
2018-02-12,12.84,12.89,12.78,12.85,11.72,22700
2018-02-13,12.85,12.9,12.84,12.89,11.75,7800
2018-02-14,12.86,12.97,12.69,12.96,11.82,43800
2018-02-15,12.83,12.86,12.74,12.84,11.71,58800
2018-02-16,13.0,13.1,12.98,13.03,11.88,36500
2018-02-20,13.0,13.08,12.91,12.93,11.79,25800
2018-02-21,12.86,12.88,12.81,12.82,11.69,33500
2018-02-22,13.0,13.07,12.9,12.97,11.82,12800
2018-02-23,12.9,12.94,12.84,12.94,11.8,17000
2018-02-26,12.8,12.86,12.7,12.73,11.61,48900
2018-02-27,12.75,12.87,12.74,12.75,11.62,20900
2018-02-28,12.8,12.87,12.79,12.87,11.73,11500
2018-03-01,12.9,12.94,12.81,12.84,11.71,29700
2018-03-02,12.83,13.0,12.83,12.94,11.8,45200
2018-03-05,12.99,12.99,12.86,12.92,11.78,65800
2018-03-06,12.81,12.91,12.81,12.87,11.73,9900
2018-03-07,12.78,12.86,12.78,12.86,11.72,19000
2018-03-08,12.81,12.87,12.71,12.74,11.62,21200
2018-03-09,12.75,12.92,12.75,12.83,11.7,19900
2018-03-12,12.87,12.96,12.85,12.89,11.75,12500
2018-03-13,12.96,13.16,12.96,13.12,11.96,350400
2018-03-14,12.97,13.09,12.96,13.0,11.85,33700
2018-03-15,13.06,13.07,13.01,13.07,11.92,10800
2018-03-16,13.03,13.1,12.89,12.96,11.82,12700
2018-03-19,12.97,13.06,12.91,12.95,11.81,42000
2018-03-20,12.89,13.21,12.83,12.85,11.72,46700
2018-03-21,13.03,13.05,12.96,13.03,11.88,41600
2018-03-22,13.11,13.11,12.89,12.96,11.82,27700
2018-03-23,12.94,12.96,12.81,12.81,11.68,20200
2018-03-26,12.97,13.01,12.94,13.0,11.85,15000
2018-03-27,12.91,12.94,12.85,12.87,11.73,10500
2018-03-28,12.88,12.94,12.88,12.94,11.8,9100
2018-03-29,13.0,13.09,13.0,13.09,11.93,11100
2018-04-02,13.1,13.14,13.02,13.04,11.89,23500
2018-04-03,13.16,13.34,13.13,13.28,12.11,29100
2018-04-04,13.26,13.34,13.25,13.33,12.15,8700
2018-04-05,13.34,13.54,13.34,13.52,12.33,22600
2018-04-06,13.5,13.53,13.32,13.48,12.29,30600
2018-04-09,13.53,13.54,13.41,13.44,12.25,58200
2018-04-10,13.45,13.45,13.25,13.33,12.15,82900
2018-04-11,13.4,13.4,13.36,13.37,12.19,9500
2018-04-12,13.35,13.37,13.3,13.32,12.14,11300
2018-04-13,13.3,13.35,13.13,13.13,11.97,18300
2018-04-16,13.03,13.03,12.89,12.9,11.76,70200
2018-04-17,12.92,13.05,12.92,13.02,11.87,29500
2018-04-18,13.01,13.1,12.95,13.03,11.88,67000
2018-04-19,13.05,13.05,13.0,13.03,11.88,4500
2018-04-20,12.94,12.99,12.93,12.93,11.79,32600
2018-04-23,12.99,13.03,12.95,13.01,11.86,141500
2018-04-24,13.08,13.08,13.0,13.06,11.91,25900
2018-04-25,13.0,13.02,13.0,13.0,11.85,2500
2018-04-26,13.0,13.0,12.93,12.93,11.79,6200
2018-04-27,12.99,12.99,12.94,12.94,11.8,6600
2018-04-30,12.93,12.93,12.71,12.71,11.59,51300
2018-05-01,12.85,12.85,12.7,12.71,11.59,2800
2018-05-02,12.75,12.75,12.7,12.73,11.61,30500
2018-05-03,12.71,12.71,12.51,12.59,11.48,24100
2018-05-04,12.61,12.68,12.57,12.59,11.48,12500
2018-05-07,12.59,12.59,12.56,12.56,11.45,4800
2018-05-08,12.56,12.56,12.47,12.47,11.37,17000
2018-05-09,12.47,12.47,12.43,12.44,11.34,9200
2018-05-10,12.39,12.56,12.39,12.52,11.41,10800
2018-05-11,12.53,12.53,12.4,12.4,11.31,9100
2018-05-14,12.24,12.24,11.8,11.8,10.76,153100
2018-05-15,11.92,12.07,11.82,11.82,10.78,50000
2018-05-16,11.93,12.01,11.85,11.88,10.83,44500
2018-05-17,12.0,12.0,11.59,11.65,10.62,43200
2018-05-18,11.66,11.7,11.16,11.46,10.45,401900
2018-05-21,11.7,11.7,11.51,11.6,10.58,35300
2018-05-22,11.84,11.94,11.83,11.9,10.85,360100
2018-05-23,11.9,11.95,11.82,11.91,10.86,16000
2018-05-24,11.81,11.83,11.8,11.8,10.76,22800
2018-05-25,11.61,11.76,11.61,11.72,10.69,11300
2018-05-29,11.84,11.94,11.83,11.9,10.85,11000
2018-05-30,11.87,11.87,11.82,11.84,10.79,10100
2018-05-31,11.87,11.89,11.82,11.85,10.8,42900
2018-06-01,11.98,11.98,11.87,11.95,10.89,9500
2018-06-04,12.04,12.1,12.0,12.1,11.03,19700
2018-06-05,12.13,12.22,12.13,12.2,11.12,23500
2018-06-06,12.26,12.4,12.26,12.36,11.27,14300
2018-06-07,12.36,12.36,12.17,12.25,11.17,19200
2018-06-08,12.24,12.32,12.2,12.3,11.21,11800
2018-06-11,12.0,12.17,11.92,12.02,10.96,58200
2018-06-12,11.96,12.0,11.84,11.84,10.79,8900
2018-06-13,11.9,12.16,11.85,11.85,10.8,17700
2018-06-14,11.86,11.94,11.86,11.87,10.82,26600
2018-06-15,11.82,11.83,11.75,11.78,10.74,63100
2018-06-18,11.73,11.78,11.72,11.73,10.69,22200
2018-06-19,11.72,11.72,11.55,11.64,10.61,14000
2018-06-20,11.54,11.71,11.4,11.4,10.39,5100
2018-06-21,11.39,11.48,11.18,11.2,10.21,102900
2018-06-22,11.17,11.19,11.08,11.08,10.1,11700
2018-06-25,11.0,11.03,10.75,10.81,9.86,50900
2018-06-26,10.95,11.07,10.91,11.04,10.07,12800
2018-06-27,11.04,11.15,11.04,11.12,10.14,4700
2018-06-28,11.04,11.2,11.03,11.2,10.21,11300
2018-06-29,11.2,11.2,11.01,11.07,10.09,7800
2018-07-02,11.0,11.04,10.95,10.99,10.02,49000
2018-07-03,11.0,11.02,10.92,10.98,10.01,10300
2018-07-05,10.76,10.93,10.75,10.8,9.85,18900
2018-07-06,10.85,10.99,10.75,10.79,9.84,10300
2018-07-09,10.68,10.68,10.51,10.57,9.64,48400
2018-07-10,10.51,10.66,10.51,10.56,9.63,7300
2018-07-11,10.67,10.67,10.39,10.46,9.54,365600
2018-07-12,10.54,10.65,10.54,10.63,9.69,3600
2018-07-13,10.7,10.77,10.7,10.72,9.77,7600
2018-07-16,10.38,10.49,10.38,10.38,9.46,24300
2018-07-17,10.21,10.3,10.21,10.21,9.31,14600
2018-07-18,10.4,10.44,10.36,10.42,9.5,21600
2018-07-19,10.49,10.61,10.49,10.59,9.65,10000
2018-07-20,10.45,10.45,10.39,10.42,9.5,12700
2018-07-23,10.29,10.32,10.22,10.32,9.41,38700
2018-07-24,10.57,10.64,10.54,10.54,9.61,30300
2018-07-25,10.58,10.8,10.54,10.76,9.81,152400
2018-07-26,10.86,11.02,10.86,10.92,9.96,134800
2018-07-27,11.08,11.08,10.96,11.05,10.07,39700
2018-07-30,11.26,11.81,11.26,11.8,10.76,123000
2018-07-31,11.6,11.65,11.36,11.52,10.5,69800
2018-08-01,11.56,11.59,11.3,11.3,10.3,8200
2018-08-02,11.3,11.3,11.15,11.18,10.19,23800
2018-08-03,11.3,11.3,11.19,11.25,10.26,10600
2018-08-06,11.37,11.37,11.21,11.26,10.27,29300
2018-08-07,11.39,11.43,11.19,11.23,10.24,32800
2018-08-08,11.21,11.24,11.21,11.24,10.25,11600
2018-08-09,11.24,11.33,11.2,11.3,10.3,6300
2018-08-10,11.4,11.4,11.18,11.2,10.21,32100
2018-08-13,11.48,11.5,11.19,11.19,10.2,65700
2018-08-14,11.19,11.3,11.19,11.25,10.26,5700
2018-08-15,11.25,11.3,11.13,11.17,10.18,19700
2018-08-16,11.24,11.24,11.1,11.1,10.12,13600
2018-08-17,11.17,11.3,11.17,11.29,10.29,15000
2018-08-20,11.21,11.24,11.12,11.21,10.22,9100
2018-08-21,11.3,11.3,11.08,11.08,10.1,58700
2018-08-22,11.19,11.26,11.1,11.16,10.17,7800
2018-08-23,11.08,11.1,11.07,11.07,10.09,2000
2018-08-24,11.12,11.28,11.07,11.23,10.24,9800
2018-08-27,11.3,11.3,11.2,11.2,10.21,8900
2018-08-28,11.23,11.25,11.15,11.16,10.17,4000
2018-08-29,11.21,11.3,11.1,11.21,10.22,18800
2018-08-30,11.09,11.2,10.95,11.0,10.03,33900
2018-08-31,10.85,11.15,10.85,11.05,10.07,14600
2018-09-04,10.83,10.94,10.79,10.81,9.86,14400
2018-09-05,10.79,11.04,10.72,10.88,9.92,68100
2018-09-06,10.86,10.86,10.72,10.72,9.77,12300
2018-09-07,10.7,10.75,10.54,10.75,9.8,28300
2018-09-10,10.8,10.84,10.56,10.64,9.7,35300
2018-09-11,10.61,10.7,10.54,10.6,9.66,26800
2018-09-12,10.57,10.6,10.54,10.56,9.63,20100
2018-09-13,10.81,10.81,10.65,10.68,9.74,81400
2018-09-14,10.79,10.81,10.55,10.61,9.67,17300
2018-09-17,10.6,10.64,10.45,10.47,9.55,29500
2018-09-18,10.62,10.67,10.62,10.63,9.69,66900
2018-09-19,10.62,10.7,10.62,10.66,9.72,26900
2018-09-20,10.79,10.79,10.62,10.67,9.73,23500
2018-09-21,10.73,10.81,10.72,10.75,9.8,19000
2018-09-24,10.75,10.75,10.58,10.61,9.67,16500
2018-09-25,10.61,10.76,10.61,10.65,9.71,12600
2018-09-26,10.63,10.65,10.53,10.54,9.61,5400
2018-09-27,10.6,10.68,10.56,10.59,9.65,10200
2018-09-28,10.68,10.68,10.56,10.61,9.67,36400
2018-10-01,10.56,10.6,10.56,10.59,9.65,14500
2018-10-02,10.54,10.68,10.54,10.6,9.66,12000
2018-10-03,10.57,10.57,10.48,10.48,9.55,33900
2018-10-04,10.43,10.51,10.28,10.35,9.44,56900
2018-10-05,10.27,10.27,10.1,10.1,9.21,15900
2018-10-08,9.98,9.99,9.73,9.78,8.92,56600
2018-10-09,9.74,9.74,9.3,9.41,8.58,89100
2018-10-10,9.35,9.43,9.16,9.2,8.39,135200
2018-10-11,9.2,9.2,9.0,9.09,8.29,29100
2018-10-12,9.0,9.16,8.88,8.89,8.1,30100
2018-10-15,8.88,8.89,8.81,8.81,8.03,9000
2018-10-16,8.81,8.85,8.68,8.71,7.94,49200
2018-10-17,8.85,9.28,8.85,8.86,8.08,20200
2018-10-18,9.22,9.22,8.77,8.86,8.08,39900
2018-10-19,8.95,9.1,8.89,9.06,8.26,10400
2018-10-22,9.15,9.19,9.0,9.08,8.28,11100
2018-10-23,8.99,9.06,8.92,9.0,8.21,31400
2018-10-24,9.39,9.54,9.32,9.41,8.58,47400
2018-10-25,9.53,9.75,9.46,9.53,8.69,36600
2018-10-26,9.63,9.75,9.53,9.66,8.81,14700
2018-10-29,9.8,10.02,9.8,9.89,9.02,29500
2018-10-30,9.85,10.08,9.85,10.08,9.19,27600
2018-10-31,10.15,10.15,9.92,10.01,9.13,16800
2018-11-01,10.04,10.26,10.04,10.26,9.35,14000
2018-11-02,10.29,10.29,10.0,10.23,9.33,10100
2018-11-05,10.21,10.22,10.1,10.13,9.23,8300
2018-11-06,9.92,10.0,9.81,9.94,9.06,31000
2018-11-07,10.1,10.1,9.85,10.07,9.18,17900
2018-11-08,10.05,10.15,9.84,10.02,9.14,17400
2018-11-09,9.93,10.14,9.93,9.98,9.1,21200
2018-11-12,9.99,9.99,9.69,9.75,8.89,17400
2018-11-13,10.02,10.04,9.78,9.93,9.05,18200
2018-11-14,9.89,9.9,9.8,9.82,8.95,4200
2018-11-15,9.79,10.07,9.79,10.07,9.18,13200
2018-11-16,9.88,9.98,9.88,9.98,9.1,6400
2018-11-19,9.91,10.0,9.85,9.96,9.08,44700
2018-11-20,9.96,9.97,9.91,9.95,9.07,15700
2018-11-21,9.91,10.03,9.91,9.96,9.08,12200
2018-11-23,9.9,9.92,9.9,9.9,9.03,15200
2018-11-26,9.94,9.94,9.86,9.93,9.05,54600
2018-11-27,9.99,9.99,9.91,9.91,9.03,10900
2018-11-28,9.87,9.87,9.76,9.85,8.98,32200
2018-11-29,9.82,9.82,9.81,9.81,8.94,1000
2018-11-30,9.64,9.65,9.5,9.65,8.8,29400
2018-12-03,9.46,9.46,9.17,9.24,8.42,45200
2018-12-04,9.33,9.45,9.26,9.27,8.45,23400
2018-12-06,9.13,9.45,8.81,8.95,8.16,30400
2018-12-07,9.08,9.08,8.84,8.87,8.09,36400
2018-12-10,9.05,9.12,8.85,9.11,8.31,21300
2018-12-11,9.06,9.07,9.03,9.03,8.23,3600
2018-12-12,8.95,9.0,8.95,9.0,8.21,7600
2018-12-13,8.95,8.97,8.81,8.81,8.03,13200
2018-12-14,8.85,9.0,8.84,8.96,8.17,12500
2018-12-17,8.9,8.9,8.75,8.76,7.99,9500
2018-12-18,8.7,8.72,8.69,8.72,7.95,27000
2018-12-19,8.7,8.8,8.66,8.67,7.9,9600
2018-12-20,8.72,8.75,8.65,8.68,7.91,31300
2018-12-21,8.68,8.8,8.65,8.76,7.99,10600
2018-12-24,8.81,8.81,8.65,8.7,7.94,5600
2018-12-26,8.76,8.78,8.63,8.7,7.93,15000
2018-12-27,8.69,8.69,8.57,8.58,7.82,18300
2018-12-28,8.16,8.2,7.9,8.03,7.73,50400
2018-12-31,8.0,8.2,7.93,8.07,7.77,73700
2019-01-02,8.1,8.85,8.1,8.2,7.89,20800
2019-01-03,8.16,8.88,8.06,8.07,7.77,8600
2019-01-04,8.16,8.27,8.15,8.19,7.88,12000
2019-01-07,8.4,8.53,8.37,8.49,8.17,19000
2019-01-08,8.43,8.88,8.43,8.57,8.25,40000
2019-01-09,8.44,8.61,8.44,8.51,8.19,15800
2019-01-10,8.59,8.74,8.53,8.7,8.37,23900
2019-01-11,8.68,8.75,8.52,8.57,8.25,11500
2019-01-14,8.73,8.84,8.69,8.82,8.49,9600
2019-01-15,8.73,8.83,8.59,8.73,8.4,11900
2019-01-16,8.75,8.75,8.61,8.67,8.35,7300
2019-01-17,8.81,8.81,8.65,8.7,8.37,3000
2019-01-18,8.76,8.76,8.61,8.7,8.37,30600
2019-01-22,8.72,8.73,8.64,8.72,8.39,21000
2019-01-23,8.73,8.79,8.7,8.71,8.38,70400
2019-01-24,8.79,8.84,8.74,8.79,8.46,20700
2019-01-25,8.82,9.08,8.8,9.08,8.74,19000
2019-01-28,8.96,9.0,8.85,8.88,8.55,13100
2019-01-29,8.96,9.01,8.96,9.01,8.67,3600
2019-01-30,9.01,9.01,8.87,8.91,8.58,20300
2019-01-31,9.0,9.05,8.96,9.05,8.71,7900
2019-02-01,9.2,9.26,9.13,9.17,8.83,10000
2019-02-04,9.13,9.3,9.13,9.22,8.88,6800
2019-02-05,9.27,9.3,9.24,9.3,8.95,4800
2019-02-06,9.29,9.29,9.21,9.24,8.89,13100
2019-02-07,9.23,9.23,9.13,9.16,8.82,55000
2019-02-08,9.12,9.19,9.02,9.02,8.68,23900
2019-02-11,9.02,9.03,8.74,8.8,8.47,34600
2019-02-12,8.85,9.04,8.85,9.04,8.7,30800
2019-02-13,9.05,9.1,9.0,9.09,8.75,15800
2019-02-14,8.98,8.98,8.92,8.94,8.61,6700
2019-02-15,9.04,9.16,9.03,9.11,8.77,39400
2019-02-19,9.07,9.07,8.94,9.03,8.69,18500
2019-02-20,9.08,9.1,9.01,9.01,8.67,21100
2019-02-21,9.04,9.05,9.0,9.0,8.66,2400
2019-02-22,9.09,9.09,9.0,9.01,8.67,12500
2019-02-25,9.01,9.05,8.96,8.96,8.63,32300
2019-02-26,8.88,8.88,8.71,8.77,8.44,47400
2019-02-27,8.69,8.78,8.68,8.72,8.39,34100
2019-02-28,8.68,8.92,8.68,8.89,8.56,12700
2019-03-01,8.96,9.04,8.9,8.97,8.63,42700
2019-03-04,9.07,9.09,9.0,9.02,8.68,36300
2019-03-05,9.01,9.05,8.9,8.97,8.63,16000
2019-03-06,8.9,9.05,8.9,8.96,8.63,13100
2019-03-07,8.92,9.07,8.81,8.83,8.5,30100
2019-03-08,8.81,8.81,8.74,8.74,8.41,19600
2019-03-11,8.83,8.92,8.83,8.9,8.56,35800
2019-03-12,8.82,8.93,8.8,8.82,8.49,27200
2019-03-13,8.82,8.86,8.8,8.8,8.47,11100
2019-03-14,8.79,8.81,8.71,8.71,8.38,28900
2019-03-15,8.75,8.75,8.6,8.6,8.28,32000
2019-03-18,8.61,8.69,8.6,8.68,8.36,29300
2019-03-19,8.69,8.78,8.61,8.61,8.29,39200
2019-03-20,8.61,8.66,8.59,8.64,8.32,26200
2019-03-21,8.64,8.66,8.59,8.64,8.32,18600
2019-03-22,8.64,8.64,8.6,8.6,8.28,19100
2019-03-25,8.56,8.58,8.45,8.55,8.23,32700
2019-03-26,8.62,8.65,8.61,8.64,8.32,6200
2019-03-27,8.66,8.66,8.58,8.6,8.28,5100
2019-03-28,8.59,8.64,8.54,8.54,8.22,8200
2019-03-29,8.6,8.6,8.54,8.58,8.26,4500
2019-04-01,8.61,8.61,8.48,8.5,8.18,19100
2019-04-02,8.51,8.55,8.48,8.48,8.16,72400
2019-04-03,8.57,8.57,8.45,8.45,8.13,10700
2019-04-04,8.42,8.42,8.31,8.31,8.0,23100
2019-04-05,8.39,8.4,8.3,8.33,8.02,51800
2019-04-08,8.31,8.32,8.19,8.19,7.88,57600
2019-04-09,8.18,8.19,8.15,8.16,7.86,38300
2019-04-10,8.13,8.19,8.07,8.07,7.77,26800
2019-04-11,8.09,8.19,8.09,8.13,7.83,18200
2019-04-12,8.41,8.41,8.15,8.25,7.95,10000
2019-04-15,8.22,8.37,8.19,8.19,7.88,42600
2019-04-16,8.28,8.36,8.24,8.36,8.05,21800
2019-04-17,8.26,8.27,8.16,8.18,7.87,23500
2019-04-18,8.25,8.26,8.19,8.22,7.91,10900
2019-04-22,8.22,8.46,8.22,8.32,8.01,25600
2019-04-23,8.21,8.21,8.14,8.15,7.84,42500
2019-04-24,8.16,8.21,8.12,8.12,7.82,9400
2019-04-25,8.1,8.1,8.07,8.08,7.78,5500
2019-04-26,8.13,8.18,8.1,8.15,7.85,15300
2019-04-29,8.18,8.22,8.1,8.2,7.89,8700
2019-04-30,8.17,8.24,8.16,8.23,7.92,30100
2019-05-01,8.22,8.24,8.18,8.19,7.88,7800
2019-05-02,8.16,8.2,8.11,8.12,7.82,22100
2019-05-03,8.11,8.11,8.0,8.0,7.7,21400
2019-05-06,7.98,8.0,7.84,7.95,7.65,83200
2019-05-07,7.85,7.85,7.81,7.83,7.54,14300
2019-05-08,7.73,7.79,7.7,7.77,7.48,38000
2019-05-09,7.77,7.86,7.75,7.84,7.55,14400
2019-05-10,7.74,7.77,7.68,7.68,7.39,47500
2019-05-13,7.54,7.6,7.36,7.41,7.13,65100
2019-05-14,7.49,7.67,7.49,7.63,7.34,13800
2019-05-15,7.63,7.63,7.53,7.56,7.28,18600
2019-05-16,7.4,7.41,7.32,7.34,7.06,41800
2019-05-17,7.25,7.27,7.1,7.16,6.89,58300
2019-05-20,7.11,7.31,7.11,7.25,6.98,18900
2019-05-21,7.15,7.17,7.0,7.01,6.75,70900
2019-05-22,7.06,7.21,7.06,7.18,6.91,29300
2019-05-23,7.29,7.61,7.25,7.36,7.08,15500
2019-05-24,7.36,7.46,7.31,7.38,7.1,17800
2019-05-28,7.38,7.39,7.17,7.26,6.99,41700
2019-05-29,7.45,7.53,7.4,7.53,7.25,23800
2019-05-30,7.53,7.66,7.51,7.63,7.34,33500
2019-05-31,7.66,7.71,7.51,7.58,7.3,13400
2019-06-03,7.49,7.55,7.41,7.5,7.22,11300
2019-06-04,7.45,7.64,7.45,7.54,7.26,5200
2019-06-05,7.54,7.54,7.5,7.54,7.26,3800
2019-06-06,7.63,7.69,7.51,7.57,7.29,4400
2019-06-07,7.49,7.65,7.46,7.62,7.34,12800
2019-06-10,7.35,7.62,7.18,7.32,7.05,44900
2019-06-11,7.25,7.3,7.22,7.22,6.95,63000
2019-06-12,7.31,7.37,7.28,7.31,7.04,24000
2019-06-13,7.28,7.33,7.28,7.29,7.02,18300
2019-06-14,7.19,7.4,7.04,7.2,6.93,220800
2019-06-17,7.09,7.12,7.08,7.08,6.82,33600
2019-06-18,7.02,7.07,7.0,7.0,6.74,73200
2019-06-19,6.99,7.16,6.99,7.03,6.77,44900
2019-06-20,7.06,7.2,7.06,7.09,6.83,39000
2019-06-21,7.1,7.21,7.09,7.1,6.83,19300
2019-06-24,7.1,7.1,6.97,6.97,6.71,38800
2019-06-25,6.92,7.07,6.76,6.82,6.57,38900
2019-06-26,6.75,6.84,6.71,6.73,6.48,72000
2019-06-27,6.55,6.55,6.45,6.47,6.36,109200
2019-06-28,6.49,6.66,6.49,6.6,6.49,38600
2019-07-01,6.57,6.68,6.48,6.48,6.37,36100
2019-07-02,6.57,6.64,6.52,6.64,6.53,73400
2019-07-03,6.67,6.83,6.67,6.77,6.65,68800
2019-07-05,6.61,6.75,6.51,6.63,6.52,65600
2019-07-08,6.62,6.69,6.5,6.6,6.49,44100
2019-07-09,6.53,6.7,6.53,6.6,6.49,7800
2019-07-10,6.63,6.65,6.52,6.61,6.5,22300
2019-07-11,6.55,6.63,6.55,6.6,6.49,12400
2019-07-12,6.6,6.6,6.53,6.59,6.48,25600
2019-07-15,6.54,6.54,6.4,6.4,6.29,106800
2019-07-16,6.37,6.46,6.32,6.32,6.21,48700
2019-07-17,6.31,6.34,6.24,6.26,6.15,47400
2019-07-18,6.26,6.27,6.21,6.22,6.11,39400
2019-07-19,6.24,6.26,6.22,6.22,6.11,56100
2019-07-22,6.22,6.26,6.15,6.21,6.1,87100
2019-07-23,6.22,6.3,6.21,6.25,6.14,49200
2019-07-24,6.21,6.22,6.19,6.19,6.08,48300
2019-07-25,6.22,6.22,6.17,6.18,6.07,51100
2019-07-26,6.15,6.2,6.11,6.13,6.02,47800
2019-07-29,6.13,6.13,6.07,6.07,5.97,58600
2019-07-30,6.05,6.09,6.03,6.03,5.93,89200
2019-07-31,6.05,6.15,6.05,6.1,5.99,22700
2019-08-01,6.13,6.14,6.02,6.04,5.94,62300
2019-08-02,6.05,6.11,6.01,6.02,5.92,26800
2019-08-05,5.99,6.02,5.9,5.9,5.8,71700
2019-08-06,5.95,6.02,5.92,6.02,5.92,73900
2019-08-07,5.85,5.9,5.74,5.77,5.67,138000
2019-08-08,5.8,5.8,5.7,5.73,5.63,68400
2019-08-09,5.68,5.76,5.59,5.6,5.5,61800
2019-08-12,5.62,5.62,5.57,5.57,5.48,38400
2019-08-13,5.59,5.65,5.54,5.65,5.55,34800
2019-08-14,5.65,5.68,5.54,5.64,5.54,66900
2019-08-15,5.58,5.72,5.51,5.54,5.44,74500
2019-08-16,5.51,5.52,5.46,5.51,5.42,72500
2019-08-19,5.68,5.7,5.55,5.6,5.5,126000
2019-08-20,5.7,5.81,5.68,5.77,5.67,32900
2019-08-21,5.81,6.2,5.8,5.93,5.83,64100
2019-08-22,6.19,6.2,6.1,6.13,6.02,178400
2019-08-23,6.11,6.19,5.98,6.16,6.05,232200
2019-08-26,6.04,6.04,5.8,5.83,5.73,142200
2019-08-27,5.95,5.97,5.82,5.85,5.75,122900
2019-08-28,5.86,5.95,5.84,5.91,5.81,29800
2019-08-29,5.86,5.93,5.8,5.8,5.7,17300
2019-08-30,5.8,5.84,5.58,5.62,5.52,97300
2019-09-03,5.71,5.78,5.7,5.73,5.63,28700
2019-09-04,5.79,5.94,5.79,5.84,5.74,67800
2019-09-05,5.85,5.97,5.8,5.8,5.7,80500
2019-09-06,5.8,5.93,5.8,5.9,5.8,39900
2019-09-09,5.94,5.97,5.83,5.87,5.77,74900
2019-09-10,5.9,5.97,5.87,5.97,5.87,73800
2019-09-11,5.99,6.12,5.98,6.11,6.0,53000
2019-09-12,6.2,6.24,6.11,6.18,6.07,99500
2019-09-13,6.17,6.25,6.16,6.16,6.05,101100
2019-09-16,6.3,6.3,6.16,6.16,6.05,26400
2019-09-17,6.24,6.27,6.2,6.24,6.13,55500
2019-09-18,6.25,6.27,6.06,6.11,6.0,87500
2019-09-19,6.22,6.32,6.22,6.32,6.21,60300
2019-09-20,6.31,6.33,6.17,6.19,6.08,62200
2019-09-23,6.19,6.25,6.12,6.15,6.04,103600
2019-09-24,6.22,6.39,6.07,6.23,6.12,30500
2019-09-25,6.2,6.2,6.12,6.19,6.08,66400
2019-09-26,6.17,6.17,6.03,6.07,5.97,227100
2019-09-27,6.11,6.27,6.11,6.15,6.04,41700
2019-09-30,6.22,6.27,6.2,6.21,6.1,47100
2019-10-01,6.25,6.33,6.22,6.27,6.16,40000
2019-10-02,6.29,6.33,6.24,6.29,6.18,97300
2019-10-03,6.35,6.38,6.26,6.34,6.23,85600
2019-10-04,6.39,6.5,6.36,6.45,6.34,283400
2019-10-07,6.55,6.62,6.5,6.6,6.49,102100
2019-10-08,6.57,6.57,6.47,6.54,6.43,65000
2019-10-09,6.57,6.72,6.45,6.55,6.44,69800
2019-10-10,6.58,6.69,6.57,6.63,6.52,74100
2019-10-11,6.7,6.75,6.68,6.72,6.6,121400
2019-10-14,6.68,6.7,6.59,6.61,6.5,51800
2019-10-15,6.61,6.61,6.51,6.52,6.41,112700
2019-10-16,6.58,6.61,6.54,6.57,6.46,83600
2019-10-17,6.56,6.61,6.51,6.61,6.5,94500
2019-10-18,6.61,6.61,6.51,6.52,6.41,41500
2019-10-21,6.42,6.48,6.36,6.4,6.29,68100
2019-10-22,6.42,6.47,6.33,6.36,6.25,53900
2019-10-23,6.39,6.48,6.37,6.39,6.28,49700
2019-10-24,6.46,6.55,6.43,6.5,6.39,81600
2019-10-25,6.43,6.53,6.43,6.5,6.39,36300
2019-10-28,6.52,6.58,6.47,6.5,6.39,136300
2019-10-29,6.49,6.55,6.45,6.45,6.34,30400
2019-10-30,6.55,6.57,6.45,6.51,6.4,20400
2019-10-31,6.56,6.62,6.51,6.55,6.44,49800
2019-11-01,6.74,6.75,6.65,6.67,6.56,40800
2019-11-04,6.79,6.89,6.79,6.85,6.73,56600
2019-11-05,6.89,6.95,6.73,6.91,6.79,136200
2019-11-06,6.97,6.97,6.91,6.95,6.83,28400
2019-11-07,6.97,6.97,6.9,6.94,6.82,35300
2019-11-08,6.97,6.97,6.92,6.95,6.83,24300
2019-11-11,7.08,7.2,7.05,7.2,7.08,102300
2019-11-12,7.21,7.21,7.12,7.14,7.02,45000
2019-11-13,7.15,7.3,7.15,7.25,7.13,62800
2019-11-14,7.28,7.35,7.25,7.35,7.22,144200
2019-11-15,7.35,7.39,7.33,7.39,7.26,60700
2019-11-18,7.44,7.55,7.39,7.46,7.33,95500
2019-11-19,7.47,7.54,7.4,7.51,7.38,80400
2019-11-20,7.43,7.47,7.37,7.41,7.28,107400
2019-11-21,7.27,7.29,7.12,7.14,7.02,128100
2019-11-22,7.29,7.4,7.29,7.34,7.21,91400
2019-11-25,7.38,7.48,7.36,7.48,7.35,65400
2019-11-26,7.39,7.39,7.25,7.38,7.25,153200
2019-11-27,7.41,7.47,7.39,7.47,7.34,124000
2019-11-29,7.6,7.7,7.54,7.65,7.52,55100
2019-12-02,7.78,7.87,7.76,7.83,7.7,190200
2019-12-03,7.76,7.79,7.71,7.76,7.63,175600
2019-12-04,7.82,7.9,7.8,7.9,7.76,103500
2019-12-05,7.93,8.0,7.93,7.97,7.83,113200
2019-12-06,8.0,8.04,7.96,8.0,7.86,167900
2019-12-09,7.97,7.98,7.82,7.83,7.7,186000
2019-12-10,7.92,7.95,7.87,7.88,7.74,121700
2019-12-11,7.87,7.88,7.8,7.85,7.71,97700
2019-12-12,7.83,7.93,7.83,7.87,7.73,87400
2019-12-13,7.98,7.98,7.86,7.95,7.81,194300
2019-12-16,8.06,8.16,8.04,8.07,7.93,167900
2019-12-17,8.17,8.17,8.09,8.14,8.0,126900
2019-12-18,8.13,8.13,8.08,8.08,7.94,43300
2019-12-19,7.93,7.97,7.87,7.94,7.8,214300
2019-12-20,7.97,8.01,7.95,7.97,7.83,67500
2019-12-23,7.83,7.85,7.75,7.77,7.64,119300
2019-12-24,7.83,7.92,7.79,7.81,7.68,38500
2019-12-26,7.96,8.15,7.9,8.0,7.86,119100
2019-12-27,7.96,7.96,7.9,7.9,7.76,45600
2019-12-30,7.84,7.9,7.76,7.86,7.86,403800
