Date,pb
2013-10-01,1.7565
2013-10-02,1.7589000000000001
2013-10-03,1.7525
2013-10-04,1.7547000000000001
2013-10-07,1.7583
2013-10-08,1.7618
2013-10-09,1.7530999999999999
2013-10-10,1.7687
2013-10-11,1.779
2013-10-14,1.7824
2013-10-15,1.7823
2013-10-16,1.7915
2013-10-17,1.7983
2013-10-18,1.8048
2013-10-21,1.7986
2013-10-22,1.7953999999999999
2013-10-23,1.7877999999999998
2013-10-24,1.7921
2013-10-25,1.7898
2013-10-28,1.7772000000000001
2013-10-29,1.78
2013-10-30,1.7709000000000001
2013-10-31,1.7543
2013-11-01,1.7475
2013-11-04,1.7527
2013-11-05,1.721
2013-11-06,1.7227999999999999
2013-11-07,1.6817
2013-11-08,1.6457000000000002
2013-11-11,1.6566999999999998
2013-11-12,1.6104
2013-11-13,1.6362999999999999
2013-11-14,1.6535
2013-11-15,1.6581000000000001
2013-11-18,1.6615
2013-11-19,1.6573
2013-11-20,1.6531
2013-11-21,1.6416
2013-11-22,1.6417000000000002
2013-11-25,1.6265
2013-11-26,1.6215000000000002
2013-11-27,1.6299000000000001
2013-11-28,1.6356000000000002
2013-11-29,1.6369
2013-12-02,1.6327
2013-12-03,1.6277
2013-12-04,1.5949
2013-12-05,1.6561
2013-12-06,1.6574
2013-12-09,1.6646999999999998
2013-12-10,1.6724
2013-12-11,1.6787999999999998
2013-12-12,1.6896
2013-12-13,1.6872
2013-12-16,1.659
2013-12-17,1.6604999999999999
2013-12-18,1.6396
2013-12-19,1.6480000000000001
2013-12-20,1.6738
2013-12-23,1.6694
2013-12-24,1.6785
2013-12-25,1.6818
2013-12-26,1.6721
2013-12-27,1.6707999999999998
2013-12-30,1.6733
2013-12-31,1.6833
2014-01-01,1.6833
2014-01-02,1.6840000000000002
2014-01-03,1.6766
2014-01-06,1.6724
2014-01-07,1.6689
2014-01-08,1.6503999999999999
2014-01-09,1.6385999999999998
2014-01-10,1.6359
2014-01-13,1.6294
2014-01-14,1.6278000000000001
2014-01-15,1.629
2014-01-16,1.6160999999999999
2014-01-17,1.6059999999999999
2014-01-20,1.6037
2014-01-21,1.5869
2014-01-22,1.5925
2014-01-23,1.5573000000000001
2014-01-24,1.5310000000000001
2014-01-27,1.5114999999999998
2014-01-28,1.5057
2014-01-29,1.4902
2014-01-30,1.4959
2014-01-31,1.4838
2014-02-03,1.4527
2014-02-04,1.4565000000000001
2014-02-05,1.4684
2014-02-06,1.4906
2014-02-07,1.4946
2014-02-10,1.4809999999999999
2014-02-11,1.5006
2014-02-12,1.525
2014-02-13,1.5295
2014-02-14,1.5434
2014-02-17,1.5434
2014-02-18,1.5368
2014-02-19,1.5364
2014-02-20,1.5072
2014-02-21,1.5093
2014-02-24,1.5239
2014-02-25,1.4915
2014-02-26,1.4742
2014-02-27,1.4787
2014-02-28,1.5171999999999999
2014-03-03,1.4771
2014-03-04,1.5103
2014-03-05,1.5333
2014-03-06,1.5697
2014-03-07,1.5484
2014-03-10,1.5392000000000001
2014-03-11,1.5525
2014-03-12,1.5495999999999999
2014-03-13,1.5681
2014-03-14,1.5648
2014-03-17,1.5753
2014-03-18,1.577
2014-03-19,1.5913
2014-03-20,1.6168
2014-03-21,1.6249
2014-03-24,1.62
2014-03-25,1.6653
2014-03-26,1.6724999999999999
2014-03-27,1.7
2014-03-28,1.7102
2014-03-31,1.8034
2014-04-01,1.8114
2014-04-02,1.8340999999999998
2014-04-03,1.8357
2014-04-04,1.8436
2014-04-07,1.8338
2014-04-08,1.8366
2014-04-09,1.8215
2014-04-10,1.8426
2014-04-11,1.8412
2014-04-14,1.8515000000000001
2014-04-15,1.8281
2014-04-16,1.8362
2014-04-17,1.8449
2014-04-18,1.8449
2014-04-21,1.8365
2014-04-22,1.8197
2014-04-23,1.8024
2014-04-24,1.7801
2014-04-25,1.7793
2014-04-28,1.7761
2014-04-29,1.7985
2014-04-30,1.8129
2014-05-01,1.8086
2014-05-02,1.8033000000000001
2014-05-05,1.7933
2014-05-06,1.8003
2014-05-07,1.8159999999999998
2014-05-08,1.8321
2014-05-09,1.8266
2014-05-12,1.8418999999999999
2014-05-13,1.8307
2014-05-14,1.8273000000000001
2014-05-15,1.8092000000000001
2014-05-16,1.8212000000000002
2014-05-19,1.8208
2014-05-20,1.7978
2014-05-21,1.8273000000000001
2014-05-22,1.8306
2014-05-23,1.8336999999999999
2014-05-26,1.8272
2014-05-27,1.8186
2014-05-28,1.8247
2014-05-29,1.8349
2014-05-30,1.8334000000000001
2014-06-02,1.8753
2014-06-03,1.8860000000000001
2014-06-04,1.8859
2014-06-05,1.9068
2014-06-06,1.9072
2014-06-09,1.92
2014-06-10,1.9485000000000001
2014-06-11,1.9624000000000001
2014-06-12,1.9651999999999998
2014-06-13,1.9743
2014-06-16,1.9798
2014-06-17,1.9412
2014-06-18,1.948
2014-06-19,1.9685000000000001
2014-06-20,1.9673
2014-06-23,1.9651999999999998
2014-06-24,1.9614
2014-06-25,1.959
2014-06-26,1.9484
2014-06-27,1.9421
2014-06-30,1.7185000000000001
2014-07-01,1.7304
2014-07-02,1.7417
2014-07-03,1.7452
2014-07-04,1.7553999999999998
2014-07-07,1.7444
2014-07-08,1.7335
2014-07-09,1.7255
2014-07-10,1.7094
2014-07-11,1.726
2014-07-14,1.7123
2014-07-15,1.6985999999999999
2014-07-16,1.7128
2014-07-17,1.7163
2014-07-18,1.7141
2014-07-21,1.7182
2014-07-22,1.7467000000000001
2014-07-23,1.7443
2014-07-24,1.7436
2014-07-25,1.7464
2014-07-28,1.7612999999999999
2014-07-29,1.7497
2014-07-30,1.7306
2014-07-31,1.7256
2014-08-01,1.7367
2014-08-04,1.7441
2014-08-05,1.7391999999999999
2014-08-06,1.7328000000000001
2014-08-07,1.7336
2014-08-08,1.7274
2014-08-11,1.7539
2014-08-12,1.7389999999999999
2014-08-13,1.7383
2014-08-14,1.7332999999999998
2014-08-15,1.7234
2014-08-18,1.7245
2014-08-19,1.7303
2014-08-20,1.7284000000000002
2014-08-21,1.7255
2014-08-22,1.7124000000000001
2014-08-25,1.7117
2014-08-26,1.7222
2014-08-27,1.7379
2014-08-28,1.7323
2014-08-29,1.7556
2014-09-01,1.7173
2014-09-02,1.7042000000000002
2014-09-03,1.7082000000000002
2014-09-04,1.6941000000000002
2014-09-05,1.6863000000000001
2014-09-08,1.6743000000000001
2014-09-09,1.6449
2014-09-10,1.6367
2014-09-11,1.6221999999999999
2014-09-12,1.6136
2014-09-15,1.6178
2014-09-16,1.6219999999999999
2014-09-17,1.6257000000000001
2014-09-18,1.6279
2014-09-19,1.6273
2014-09-22,1.5928
2014-09-23,1.5633
2014-09-24,1.5510000000000002
2014-09-25,1.5231
2014-09-26,1.5242
2014-09-29,1.5343
2014-09-30,1.6141999999999999
2014-10-01,1.5897000000000001
2014-10-02,1.5793
2014-10-03,1.5926
2014-10-06,1.6012
2014-10-07,1.5851
2014-10-08,1.5636999999999999
2014-10-09,1.5528
2014-10-10,1.5145
2014-10-13,1.5187
2014-10-14,1.5034999999999998
2014-10-15,1.4891
2014-10-16,1.4976
2014-10-17,1.5164
2014-10-20,1.5215999999999998
2014-10-21,1.5551
2014-10-22,1.5248
2014-10-23,1.5352000000000001
2014-10-24,1.5258
2014-10-27,1.5089000000000001
2014-10-28,1.5221
2014-10-29,1.5307
2014-10-30,1.5327
2014-10-31,1.5312999999999999
2014-11-03,1.5307
2014-11-04,1.5083
2014-11-05,1.5099
2014-11-06,1.5038
2014-11-07,1.4939
2014-11-10,1.4950999999999999
2014-11-11,1.4848
2014-11-12,1.4852
2014-11-13,1.4562
2014-11-14,1.4363000000000001
2014-11-17,1.4313
2014-11-18,1.4254
2014-11-19,1.4203000000000001
2014-11-20,1.4271
2014-11-21,1.4465
2014-11-24,1.4236
2014-11-25,1.3991
2014-11-26,1.3986
2014-11-27,1.3791
2014-11-28,1.3193
2014-12-01,1.2747
2014-12-02,1.25
2014-12-03,1.2717
2014-12-04,1.2445
2014-12-05,1.2406
2014-12-08,1.2136
2014-12-09,1.1908
2014-12-10,1.1326
2014-12-11,1.0908
2014-12-12,1.0845
2014-12-15,1.0493999999999999
2014-12-16,1.0547
2014-12-17,1.1169
2014-12-18,1.1627
2014-12-19,1.2045
2014-12-22,1.2305
2014-12-23,1.232
2014-12-24,1.2251
2014-12-25,1.2251
2014-12-26,1.2095
2014-12-29,1.193
2014-12-30,1.194
2014-12-31,1.4695
2015-01-01,1.4695
2015-01-02,1.4465
2015-01-05,1.3523
2015-01-06,1.3365
2015-01-07,1.3543
2015-01-08,1.3856
2015-01-09,1.3735
2015-01-12,1.3644
2015-01-13,1.3476
2015-01-14,1.3277999999999999
2015-01-15,1.3354
2015-01-16,1.3534
2015-01-19,1.3562
2015-01-20,1.3489
2015-01-21,1.3692
2015-01-22,1.3869
2015-01-23,1.3839000000000001
2015-01-26,1.3939
2015-01-27,1.3965
2015-01-28,1.3908
2015-01-29,1.3634
2015-01-30,1.3371
2015-02-02,1.3777
2015-02-03,1.4367
2015-02-04,1.4128
2015-02-05,1.4229
2015-02-06,1.4184
2015-02-09,1.4136
2015-02-10,1.3783
2015-02-11,1.337
2015-02-12,1.3501
2015-02-13,1.3797
2015-02-16,1.3764
2015-02-17,1.3563
2015-02-18,1.3498999999999999
2015-02-19,1.3291
2015-02-20,1.3118
2015-02-23,1.2985
2015-02-24,1.291
2015-02-25,1.2905
2015-02-26,1.2871000000000001
2015-02-27,1.2862
2015-03-02,1.147
2015-03-03,1.1182
2015-03-04,1.1189
2015-03-05,1.1191
2015-03-06,1.0875
2015-03-09,1.0602
2015-03-10,1.0333
2015-03-11,1.0264
2015-03-12,1.0514000000000001
2015-03-13,1.0391
2015-03-16,1.0313
2015-03-17,1.0383
2015-03-18,1.0613
2015-03-19,1.0725
2015-03-20,1.0836
2015-03-23,1.0965
2015-03-24,1.1052
2015-03-25,1.1084
2015-03-26,1.101
2015-03-27,1.0934
2015-03-30,1.0957
2015-03-31,1.2643
2015-04-01,1.297
2015-04-02,1.2962
2015-04-03,1.2962
2015-04-06,1.3395000000000001
2015-04-07,1.3498999999999999
2015-04-08,1.3487
2015-04-09,1.3468
2015-04-10,1.337
2015-04-13,1.3336000000000001
2015-04-14,1.3319
2015-04-15,1.3436
2015-04-16,1.3801
2015-04-17,1.3782
2015-04-20,1.3698000000000001
2015-04-21,1.3681
2015-04-22,1.3678
2015-04-23,1.3912
2015-04-24,1.4107
2015-04-27,1.4505
2015-04-28,1.4882
2015-04-29,1.4888
2015-04-30,1.4724
2015-05-01,1.4799
2015-05-04,1.4737
2015-05-05,1.5079
2015-05-06,1.532
2015-05-07,1.4946
2015-05-08,1.4909
2015-05-11,1.4792
2015-05-12,1.4703
2015-05-13,1.4736
2015-05-14,1.4679
2015-05-15,1.4392
2015-05-18,1.4303
2015-05-19,1.4031
2015-05-20,1.3954
2015-05-21,1.3989
2015-05-22,1.3897
2015-05-25,1.3820999999999999
2015-05-26,1.3498
2015-05-27,1.3197999999999999
2015-05-28,1.313
2015-05-29,1.3188
2015-06-01,1.3179
2015-06-02,1.3233
2015-06-03,1.3154
2015-06-04,1.2992
2015-06-05,1.288
2015-06-08,1.2912
2015-06-09,1.3115
2015-06-10,1.3404
2015-06-11,1.3336999999999999
2015-06-12,1.3375
2015-06-15,1.3378999999999999
2015-06-16,1.3295
2015-06-17,1.3173
2015-06-18,1.3319
2015-06-19,1.3041
2015-06-22,1.3126
2015-06-23,1.3241
2015-06-24,1.311
2015-06-25,1.3066
2015-06-26,1.2934
2015-06-29,1.2894999999999999
2015-06-30,1.2574
2015-07-01,1.2378
2015-07-02,1.2492
2015-07-03,1.2323
2015-07-06,1.2197
2015-07-07,1.205
2015-07-08,1.1953
2015-07-09,1.1844999999999999
2015-07-10,1.1975
2015-07-13,1.1917
2015-07-14,1.2102
2015-07-15,1.2008
2015-07-16,1.1993
2015-07-17,1.1732
2015-07-20,1.1634
2015-07-21,1.1597
2015-07-22,1.1511
2015-07-23,1.1504
2015-07-24,1.1139000000000001
2015-07-27,1.1098
2015-07-28,1.1117
2015-07-29,1.1352
2015-07-30,1.1320999999999999
2015-07-31,1.1302
2015-08-03,1.1019
2015-08-04,1.0964
2015-08-05,1.0718
2015-08-06,1.0735
2015-08-07,1.0789
2015-08-10,1.0879
2015-08-11,1.063
2015-08-12,1.0749
2015-08-13,1.0563
2015-08-14,1.0493999999999999
2015-08-17,1.0471
2015-08-18,1.0369
2015-08-19,1.0106
2015-08-20,0.9916
2015-08-21,0.9531
2015-08-24,0.8872
2015-08-25,0.8958
2015-08-26,0.8868
2015-08-27,0.932
2015-08-28,0.9812
2015-08-31,0.9991
2015-09-01,0.9793
2015-09-02,0.9685
2015-09-03,0.9936
2015-09-04,0.9912
2015-09-07,0.9863
2015-09-08,0.9857
2015-09-09,0.9851
2015-09-10,1.0097
2015-09-11,1.0236
2015-09-14,1.02
2015-09-15,1.0222
2015-09-16,1.0482
2015-09-17,1.0597
2015-09-18,1.0466
2015-09-21,1.0298
2015-09-22,0.9878
2015-09-23,0.9722
2015-09-24,0.9641
2015-09-25,0.9785
2015-09-28,0.9669
2015-09-29,0.9515
2015-09-30,1.061
2015-10-01,1.0614
2015-10-02,1.0796000000000001
2015-10-05,1.1179000000000001
2015-10-06,1.1593
2015-10-07,1.1822
2015-10-08,1.1968
2015-10-09,1.2136
2015-10-12,1.2039
2015-10-13,1.1798
2015-10-14,1.1589
2015-10-15,1.1627
2015-10-16,1.1695
2015-10-19,1.1482999999999999
2015-10-20,1.1412
2015-10-21,1.1224
2015-10-22,1.1383
2015-10-23,1.1466
2015-10-26,1.1384
2015-10-27,1.1142
2015-10-28,1.1058
2015-10-29,1.0977999999999999
2015-10-30,1.1081
2015-11-02,1.1069
2015-11-03,1.1405
2015-11-04,1.1357
2015-11-05,1.1282
2015-11-06,1.1088
2015-11-09,1.0917
2015-11-10,1.0838
2015-11-11,1.0733
2015-11-12,1.0314
2015-11-13,0.9832
2015-11-16,0.9875
2015-11-17,0.9566
2015-11-18,0.9569
2015-11-19,0.9594
2015-11-20,0.9835
2015-11-23,0.9684
2015-11-24,0.9604
2015-11-25,0.9415
2015-11-26,0.9427
2015-11-27,0.9308
2015-11-30,0.9319
2015-12-01,0.9006
2015-12-02,0.8758
2015-12-03,0.8775
2015-12-04,0.8593
2015-12-07,0.8155
2015-12-08,0.8092
2015-12-09,0.8253
2015-12-10,0.8417
2015-12-11,0.8246
2015-12-14,0.807
2015-12-15,0.8345
2015-12-16,0.8677
2015-12-17,0.8665
2015-12-18,0.8628
2015-12-21,0.8542
2015-12-22,0.8605
2015-12-23,0.901
2015-12-24,0.9313
2015-12-25,0.9313
2015-12-28,0.9179
2015-12-29,0.9233
2015-12-30,0.9224
2015-12-31,1.3711
2016-01-01,1.3711
2016-01-04,1.336
2016-01-05,1.3521
2016-01-06,1.3124
2016-01-07,1.285
2016-01-08,1.2786
2016-01-11,1.275
2016-01-12,1.2605
2016-01-13,1.2795
2016-01-14,1.3013
2016-01-15,1.2513
2016-01-18,1.2268
2016-01-19,1.2489
2016-01-20,1.2306
2016-01-21,1.2421
2016-01-22,1.3106
2016-01-25,1.2645
2016-01-26,1.275
2016-01-27,1.276
2016-01-28,1.316
2016-01-29,1.3298
2016-02-01,1.321
2016-02-02,1.2812000000000001
2016-02-03,1.3023
2016-02-04,1.3387
2016-02-05,1.3443
2016-02-08,1.3232
2016-02-09,1.315
2016-02-10,1.3221
2016-02-11,1.3035
2016-02-12,1.3193
2016-02-15,1.3305
2016-02-16,1.3149
2016-02-17,1.3639999999999999
2016-02-18,1.389
2016-02-19,1.3777
2016-02-22,1.397
2016-02-23,1.3854
2016-02-24,1.3844
2016-02-25,1.4184
2016-02-26,1.4325
2016-02-29,1.4318
2016-03-01,2.7647
2016-03-02,2.8691
2016-03-03,2.8778
2016-03-04,2.9039
2016-03-07,2.9793
2016-03-08,2.8993
2016-03-09,2.8908
2016-03-10,2.8463000000000003
2016-03-11,2.9058
2016-03-14,2.8789
2016-03-15,2.8516
2016-03-16,2.8637
2016-03-17,2.9342
2016-03-18,2.9481
2016-03-21,2.9654
2016-03-22,3.0079
2016-03-23,2.992
2016-03-24,2.9866
2016-03-25,2.9866
2016-03-28,2.9685
2016-03-29,2.9656000000000002
2016-03-30,3.035
2016-03-31,4.9925
2016-04-01,5.0298
2016-04-04,4.9073
2016-04-05,4.8048
2016-04-06,4.8455
2016-04-07,4.7866
2016-04-08,4.8694
2016-04-11,4.9358
2016-04-12,5.0254
2016-04-13,5.0958
2016-04-14,5.0874
2016-04-15,5.0539
2016-04-18,5.0606
2016-04-19,5.2404
2016-04-20,5.3245000000000005
2016-04-21,5.2618
2016-04-22,5.2342
2016-04-25,5.147
2016-04-26,5.0805
2016-04-27,5.1185
2016-04-28,1.3592
2016-04-29,1.3587
2016-05-02,1.3639000000000001
2016-05-03,1.3148
2016-05-04,1.2904
2016-05-05,1.2667
2016-05-06,1.2598
2016-05-09,1.2652999999999999
2016-05-10,1.2851
2016-05-11,1.3012000000000001
2016-05-12,1.3276
2016-05-13,1.3002
2016-05-16,1.2902
2016-05-17,1.2799
2016-05-18,1.2601
2016-05-19,1.2388
2016-05-20,1.2477
2016-05-23,1.201
2016-05-24,1.1979
2016-05-25,1.1869
2016-05-26,1.1868
2016-05-27,1.1852
2016-05-30,1.1854
2016-05-31,1.1693
2016-06-01,1.1787
2016-06-02,1.1788
2016-06-03,1.225
2016-06-06,1.2325
2016-06-07,1.2683
2016-06-08,1.3028
2016-06-09,1.292
2016-06-10,1.2435
2016-06-13,1.2349999999999999
2016-06-14,1.214
2016-06-15,1.2206
2016-06-16,1.2041
2016-06-17,1.2098
2016-06-20,1.2361
2016-06-21,1.236
2016-06-22,1.2499
2016-06-23,1.2708
2016-06-24,1.2304
2016-06-27,1.1947
2016-06-28,1.2036
2016-06-29,1.2487
2016-06-30,1.2071
2016-07-01,1.2053
2016-07-04,1.2016
2016-07-05,1.1811
2016-07-06,1.1714
2016-07-07,1.1782
2016-07-08,1.1761
2016-07-11,1.1972
2016-07-12,1.2149
2016-07-13,1.2059
2016-07-14,1.2199
2016-07-15,1.2262
2016-07-18,1.2243
2016-07-19,1.2211
2016-07-20,1.2235
2016-07-21,1.2193
2016-07-22,1.2151
2016-07-25,1.1818
2016-07-26,1.1455
2016-07-27,1.148
2016-07-28,1.1433
2016-07-29,1.1404
2016-08-01,1.1352
2016-08-02,1.1403
2016-08-03,1.119
2016-08-04,1.1455
2016-08-05,1.1575
2016-08-08,1.1886
2016-08-09,1.1945999999999999
2016-08-10,1.2014
2016-08-11,1.2227999999999999
2016-08-12,1.2179
2016-08-15,1.2104
2016-08-16,1.2292
2016-08-17,1.2385
2016-08-18,1.2551999999999999
2016-08-19,1.2682
2016-08-22,1.2514
2016-08-23,1.2513
2016-08-24,1.2424
2016-08-25,1.2610000000000001
2016-08-26,1.2797
2016-08-29,1.2591
2016-08-30,1.2554
2016-08-31,1.2472
2016-09-01,1.2501
2016-09-02,1.2674
2016-09-05,1.2823
2016-09-06,1.3071
2016-09-07,1.3402
2016-09-08,1.3354
2016-09-09,1.2968
2016-09-12,1.2748
2016-09-13,1.2376
2016-09-14,1.2392
2016-09-15,1.2635
2016-09-16,1.2352
2016-09-19,1.2482
2016-09-20,1.2459
2016-09-21,1.2496
2016-09-22,1.2764
2016-09-23,1.2442
2016-09-26,1.2388
2016-09-27,1.218
2016-09-28,1.246
2016-09-29,1.252
2016-09-30,1.1984
2016-10-03,1.1727
2016-10-04,1.1623
2016-10-05,1.1521
2016-10-06,1.1699
2016-10-07,1.1871
2016-10-10,1.1822
2016-10-11,1.1922
2016-10-12,1.188
2016-10-13,1.1797
2016-10-14,1.1904
2016-10-17,1.1858
2016-10-18,1.1959
2016-10-19,1.2017
2016-10-20,1.1897
2016-10-21,1.1834
2016-10-24,1.1891
2016-10-25,1.1787
2016-10-26,1.175
2016-10-27,1.1691
2016-10-28,1.1771
2016-10-31,1.1626
2016-11-01,1.1601
2016-11-02,1.1409
2016-11-03,1.1338
2016-11-04,1.127
2016-11-07,1.1299
2016-11-08,1.1632
2016-11-09,1.1543
2016-11-10,1.0868
2016-11-11,1.0801
2016-11-14,1.0786
2016-11-15,1.0829
2016-11-16,1.0784
2016-11-17,1.0788
2016-11-18,1.0717
2016-11-21,1.0846
2016-11-22,1.0819
2016-11-23,1.0669
2016-11-24,1.0751
2016-11-25,1.0653
2016-11-28,1.0707
2016-11-29,1.0476
2016-11-30,1.0943
2016-12-01,1.1151
2016-12-02,1.1242
2016-12-05,1.1360999999999999
2016-12-06,1.1498
2016-12-07,1.1589
2016-12-08,1.1541
2016-12-09,1.165
2016-12-12,1.1687
2016-12-13,1.1799
2016-12-14,1.1811
2016-12-15,1.1779
2016-12-16,1.1779
2016-12-19,1.1655
2016-12-20,1.1817
2016-12-21,1.1751
2016-12-22,1.1782
2016-12-23,1.1682
2016-12-26,1.1758
2016-12-27,1.1728
2016-12-28,1.1772
2016-12-29,1.1861
2016-12-30,1.1849
2017-01-02,1.1855
2017-01-03,1.2014
2017-01-04,1.2207
2017-01-05,1.2333
2017-01-06,1.2374
2017-01-09,1.2344
2017-01-10,1.2241
2017-01-11,1.2107999999999999
2017-01-12,1.2323
2017-01-13,1.2286
2017-01-16,1.221
2017-01-17,1.2272
2017-01-18,1.2235
2017-01-19,1.2204
2017-01-20,1.2257
2017-01-23,1.2291
2017-01-24,1.23
2017-01-25,1.2332
2017-01-26,1.2368999999999999
2017-01-27,1.2407
2017-01-30,1.2255
2017-01-31,1.2292
2017-02-01,1.2294
2017-02-02,1.2506
2017-02-03,1.2646
2017-02-06,1.2589000000000001
2017-02-07,1.2503
2017-02-08,1.2362
2017-02-09,1.2428
2017-02-10,1.2478
2017-02-13,1.2431
2017-02-14,1.2241
2017-02-15,1.2311
2017-02-16,1.2424
2017-02-17,1.23
2017-02-20,1.236
2017-02-21,1.2262
2017-02-22,1.2266
2017-02-23,1.2417
2017-02-24,1.2288000000000001
2017-02-27,1.2245
2017-02-28,1.2088
2017-03-01,1.2077
2017-03-02,1.1831
2017-03-03,1.1758
2017-03-06,1.1883
2017-03-07,1.2078
2017-03-08,1.1949
2017-03-09,1.1938
2017-03-10,1.2035
2017-03-13,1.2072
2017-03-14,1.186
2017-03-15,1.2034
2017-03-16,1.2333
2017-03-17,1.2324
2017-03-20,1.2318
2017-03-21,1.2405
2017-03-22,1.2379
2017-03-23,1.2524
2017-03-24,1.2579
2017-03-27,1.2516
2017-03-28,1.2609
2017-03-29,1.2724
2017-03-30,1.2788
2017-03-31,1.2635
2017-04-03,1.2777
2017-04-04,1.2749
2017-04-05,1.2844
2017-04-06,1.2842
2017-04-07,1.2846
2017-04-10,1.2833
2017-04-11,1.2799
2017-04-12,1.2833999999999999
2017-04-13,1.2835
2017-04-14,1.2835
2017-04-17,1.2886
2017-04-18,1.2882
2017-04-19,1.2761
2017-04-20,1.2652
2017-04-21,1.2652
2017-04-24,1.2669000000000001
2017-04-25,1.2598
2017-04-26,1.2519
2017-04-27,1.2328000000000001
2017-04-28,1.2395
2017-05-01,1.2441
2017-05-02,1.2475
2017-05-03,1.2509000000000001
2017-05-04,1.2414
2017-05-05,1.2503
2017-05-08,1.2648
2017-05-09,1.2677
2017-05-10,1.2783
2017-05-11,1.2844
2017-05-12,1.3104
2017-05-15,1.3388
2017-05-16,1.3372
2017-05-17,1.3215
2017-05-18,1.2929
2017-05-19,1.3168
2017-05-22,1.3185
2017-05-23,1.3183
2017-05-24,1.3176999999999999
2017-05-25,1.3141
2017-05-26,1.3155999999999999
2017-05-29,1.3171
2017-05-30,1.3114
2017-05-31,1.3047
2017-06-01,1.3195999999999999
2017-06-02,1.3161
2017-06-05,1.3208
2017-06-06,1.3307
2017-06-07,1.3221
2017-06-08,1.3134000000000001
2017-06-09,1.3165
2017-06-12,1.3125
2017-06-13,1.3128
2017-06-14,1.3229
2017-06-15,1.3096999999999999
2017-06-16,1.3037
2017-06-19,1.2949
2017-06-20,1.2636
2017-06-21,1.2417
2017-06-22,1.2456
2017-06-23,1.2622
2017-06-26,1.2533
2017-06-27,1.2555
2017-06-28,1.263
2017-06-29,1.2676
2017-06-30,1.2610000000000001
2017-07-03,1.2664
2017-07-04,1.2770000000000001
2017-07-05,1.275
2017-07-06,1.2655
2017-07-07,1.2588
2017-07-10,1.2675
2017-07-11,1.2738
2017-07-12,1.2884
2017-07-13,1.2908
2017-07-14,1.2978
2017-07-17,1.2953000000000001
2017-07-18,1.2964
2017-07-19,1.2872
2017-07-20,1.2924
2017-07-21,1.2882
2017-07-24,1.2859
2017-07-25,1.2849
2017-07-26,1.2827
2017-07-27,1.2989
2017-07-28,1.3083
2017-07-31,1.2991
2017-08-01,1.3114
2017-08-02,1.3149
2017-08-03,1.3169
2017-08-04,1.3073000000000001
2017-08-07,1.3051
2017-08-08,1.2915
2017-08-09,1.2828
2017-08-10,1.2858
2017-08-11,1.291
2017-08-14,1.2968
2017-08-15,1.2825
2017-08-16,1.3042
2017-08-17,1.2988
2017-08-18,1.2946
2017-08-21,1.3002
2017-08-22,1.3054000000000001
2017-08-23,1.3052000000000001
2017-08-24,1.308
2017-08-25,1.3255
2017-08-28,1.326
2017-08-29,1.3277
2017-08-30,1.322
2017-08-31,1.3287
2017-09-01,1.3574
2017-09-04,1.3654
2017-09-05,1.3721999999999999
2017-09-06,1.3743
2017-09-07,1.377
2017-09-08,1.3705
2017-09-11,1.3754
2017-09-12,1.3614
2017-09-13,1.3663
2017-09-14,1.3685
2017-09-15,1.3737
2017-09-18,1.371
2017-09-19,1.3678
2017-09-20,1.3677000000000001
2017-09-21,1.3546
2017-09-22,1.3648
2017-09-25,1.3482
2017-09-26,1.3439999999999999
2017-09-27,1.3425
2017-09-28,1.3442
2017-09-29,1.3457
2017-10-02,1.2862
2017-10-03,1.286
2017-10-04,1.2869
2017-10-05,1.3005
2017-10-06,1.2918
2017-10-09,1.2828
2017-10-10,1.2882
2017-10-11,1.2819
2017-10-12,1.2822
2017-10-13,1.2916
2017-10-16,1.2928
2017-10-17,1.2838
2017-10-18,1.2857
2017-10-19,1.284
2017-10-20,1.2769
2017-10-23,1.2697
2017-10-24,1.2563
2017-10-25,1.2576
2017-10-26,1.2495
2017-10-27,1.225
2017-10-30,1.2205
2017-10-31,1.1997
2017-11-01,1.2132
2017-11-02,1.1972
2017-11-03,1.1877
2017-11-06,1.1982
2017-11-07,1.2083
2017-11-08,1.2161
2017-11-09,1.2214
2017-11-10,1.219
2017-11-13,1.2152
2017-11-14,1.2066
2017-11-15,1.2065
2017-11-16,1.2171
2017-11-17,1.2292
2017-11-20,1.2227000000000001
2017-11-21,1.2312
2017-11-22,1.2388
2017-11-23,1.2403
2017-11-24,1.2388
2017-11-27,1.2296
2017-11-28,1.2252
2017-11-29,1.2252
2017-11-30,1.2197
2017-12-01,1.2244
2017-12-04,1.2263
2017-12-05,1.2349999999999999
2017-12-06,1.231
2017-12-07,1.2301
2017-12-08,1.2317
2017-12-11,1.2464
2017-12-12,1.2388
2017-12-13,1.2484
2017-12-14,1.2554
2017-12-15,1.2502
2017-12-18,1.2744
2017-12-19,1.2691
2017-12-20,1.2812000000000001
2017-12-21,1.2825
2017-12-22,1.2887
2017-12-25,1.2887
2017-12-26,1.2882
2017-12-27,1.2908
2017-12-28,1.2911000000000001
2017-12-29,1.2925
2018-01-01,1.2807
2018-01-02,1.3043
2018-01-03,1.3136
2018-01-04,1.3326
2018-01-05,1.3371
2018-01-08,1.3335
2018-01-09,1.3302
2018-01-10,1.3286
2018-01-11,1.3344
2018-01-12,1.3376000000000001
2018-01-15,1.3413
2018-01-16,1.3436
2018-01-17,1.359
2018-01-18,1.37
2018-01-19,1.3681
2018-01-22,1.366
2018-01-23,1.3732
2018-01-24,1.4095
2018-01-25,1.424
2018-01-26,1.4149
2018-01-29,1.4054
2018-01-30,1.3936
2018-01-31,1.3818
2018-02-01,1.4117
2018-02-02,1.3822999999999999
2018-02-05,1.3515
2018-02-06,1.3527
2018-02-07,1.3589
2018-02-08,1.3264
2018-02-09,1.3026
2018-02-12,1.3094999999999999
2018-02-13,1.3065
2018-02-14,1.326
2018-02-15,1.3368
2018-02-16,1.3418999999999999
2018-02-19,1.3453
2018-02-20,1.337
2018-02-21,1.338
2018-02-22,1.3371
2018-02-23,1.3508
2018-02-26,1.34
2018-02-27,1.3288
2018-02-28,1.2974
2018-03-01,1.3502
2018-03-02,1.3426
2018-03-05,1.3662
2018-03-06,1.3709
2018-03-07,1.3673
2018-03-08,1.3585
2018-03-09,1.3715
2018-03-12,1.3734
2018-03-13,1.3693
2018-03-14,1.365
2018-03-15,1.3656
2018-03-16,1.369
2018-03-19,1.3654
2018-03-20,1.3634
2018-03-21,1.3788
2018-03-22,1.3564
2018-03-23,1.3521
2018-03-26,1.3743
2018-03-27,1.3780999999999999
2018-03-28,1.3834
2018-03-29,1.375
2018-03-30,1.375
2018-04-02,1.3772
2018-04-03,1.4053
2018-04-04,1.4008
2018-04-05,1.4176
2018-04-06,1.4176
2018-04-09,1.4364
2018-04-10,1.4594
2018-04-11,1.49
2018-04-12,1.4969000000000001
2018-04-13,1.4867
2018-04-16,1.4655
2018-04-17,1.4854
2018-04-18,1.5084
2018-04-19,1.5039
2018-04-20,1.4738
2018-04-23,1.4682
2018-04-24,1.4631
2018-04-25,1.4375
2018-04-26,1.4373
2018-04-27,1.4559
2018-04-30,0.1607
2018-05-01,0.1607
2018-05-02,0.1595
2018-05-03,1.4097
2018-05-04,1.4184
2018-05-07,1.4208
2018-05-08,1.4059
2018-05-09,1.4216
2018-05-10,1.4266
2018-05-11,1.4285
2018-05-14,1.4201
2018-05-15,1.4109
2018-05-16,1.3976
2018-05-17,1.3772
2018-05-18,1.3538000000000001
2018-05-21,1.3553
2018-05-22,1.3864
2018-05-23,1.377
2018-05-24,1.3786
2018-05-25,1.3685
2018-05-28,1.3761999999999999
2018-05-29,1.3836
2018-05-30,1.3891
2018-05-31,1.3865
2018-06-01,1.3955
2018-06-04,1.3989
2018-06-05,1.3921999999999999
2018-06-06,1.4046
2018-06-07,1.4018
2018-06-08,1.3894
2018-06-11,1.3856
2018-06-12,1.3911
2018-06-13,1.3901
2018-06-14,1.3888
2018-06-15,1.3646
2018-06-18,1.3639000000000001
2018-06-19,1.3445
2018-06-20,1.347
2018-06-21,1.3376000000000001
2018-06-22,1.34
2018-06-25,1.331
2018-06-26,1.3505
2018-06-27,1.3533
2018-06-28,1.351
2018-06-29,1.3684
2018-07-02,1.4028
2018-07-03,1.4012
2018-07-04,1.4115
2018-07-05,1.4171
2018-07-06,1.4184999999999999
2018-07-09,1.4132
2018-07-10,1.4199
2018-07-11,1.4138
2018-07-12,1.3972
2018-07-13,1.4138
2018-07-16,1.4109
2018-07-17,1.4042
2018-07-18,1.4039
2018-07-19,1.4015
2018-07-20,1.4024
2018-07-23,1.3994
2018-07-24,1.3973
2018-07-25,1.3885
2018-07-26,1.3936
2018-07-27,1.396
2018-07-30,1.4053
2018-07-31,1.3860999999999999
2018-08-01,1.3965
2018-08-02,1.3796
2018-08-03,1.3835
2018-08-06,1.3780999999999999
2018-08-07,1.3798
2018-08-08,1.3832
2018-08-09,1.3682
2018-08-10,1.3544
2018-08-13,1.3361
2018-08-14,1.3212
2018-08-15,1.2938
2018-08-16,1.3128
2018-08-17,1.3138
2018-08-20,1.3094000000000001
2018-08-21,1.3317
2018-08-22,1.3423
2018-08-23,1.3302
2018-08-24,1.3411
2018-08-27,1.3531
2018-08-28,1.3464
2018-08-29,1.3292
2018-08-30,1.3145
2018-08-31,1.3027
2018-09-03,1.2528000000000001
2018-09-04,1.2327
2018-09-05,1.2116
2018-09-06,1.198
2018-09-07,1.1994
2018-09-10,1.1922
2018-09-11,1.1819
2018-09-12,1.2124
2018-09-13,1.2192
2018-09-14,1.2192
2018-09-17,1.222
2018-09-18,1.2349999999999999
2018-09-19,1.229
2018-09-20,1.2205
2018-09-21,1.2274
2018-09-24,1.2381
2018-09-25,1.2327
2018-09-26,1.2292
2018-09-27,1.2403
2018-09-28,1.2483
2018-10-01,1.2325
2018-10-02,1.2284
2018-10-03,1.2355
2018-10-04,1.2237
2018-10-05,1.2086999999999999
2018-10-08,1.1972
2018-10-09,1.2004
2018-10-10,1.1734
2018-10-11,1.1596
2018-10-12,1.1641
2018-10-15,1.1599
2018-10-16,1.1844999999999999
2018-10-17,1.1806
2018-10-18,1.159
2018-10-19,1.154
2018-10-22,1.1431
2018-10-23,1.1284
2018-10-24,1.1003
2018-10-25,1.0858
2018-10-26,1.079
2018-10-29,1.0714
2018-10-30,1.0723
2018-10-31,1.0694
2018-11-01,1.0707
2018-11-02,1.0843
2018-11-05,1.086
2018-11-06,1.1016
2018-11-07,1.1243
2018-11-08,1.1186
2018-11-09,1.1048
2018-11-12,1.1039
2018-11-13,1.0738
2018-11-14,1.0915
2018-11-15,1.1102
2018-11-16,1.1285
2018-11-19,1.1155
2018-11-20,1.0876
2018-11-21,1.08
2018-11-22,1.0804
2018-11-23,1.0561
2018-11-26,1.0683
2018-11-27,1.056
2018-11-28,1.0473
2018-11-29,1.065
2018-11-30,1.0583
2018-12-03,1.0994
2018-12-04,1.1012
2018-12-05,1.1077
2018-12-06,1.0879
2018-12-07,1.0949
2018-12-10,1.0751
2018-12-11,1.0703
2018-12-12,1.0785
2018-12-13,1.0684
2018-12-14,1.0543
2018-12-17,1.04
2018-12-18,1.0389
2018-12-19,1.0298
2018-12-20,0.9966
2018-12-21,0.9833
2018-12-24,0.9802
2018-12-25,0.9802
2018-12-26,0.9962
2018-12-27,1.0019
2018-12-28,1.0125
2018-12-31,1.0362
2019-01-01,1.0362
2019-01-02,1.0431
2019-01-03,1.055
2019-01-04,1.0809
2019-01-07,1.0818
2019-01-08,1.1001
2019-01-09,1.1174
2019-01-10,1.1233
2019-01-11,1.1259000000000001
2019-01-14,1.1319
2019-01-15,1.1368
2019-01-16,1.1366
2019-01-17,1.1342
2019-01-18,1.1434
2019-01-21,1.1435
2019-01-22,1.142
2019-01-23,1.1381000000000001
2019-01-24,1.1401
2019-01-25,1.1494
2019-01-28,1.142
2019-01-29,1.1535
2019-01-30,1.1598
2019-01-31,1.1754
2019-02-01,1.191
2019-02-04,1.2048
2019-02-05,1.215
2019-02-06,1.2064
2019-02-07,1.1947
2019-02-08,1.1885
2019-02-11,1.1787
2019-02-12,1.1799
2019-02-13,1.1813
2019-02-14,1.1757
2019-02-15,1.1949
2019-02-18,1.1935
2019-02-19,1.195
2019-02-20,1.197
2019-02-21,1.1916
2019-02-22,1.2058
2019-02-25,1.2221
2019-02-26,1.2347
2019-02-27,1.2358
2019-02-28,1.2195
2019-03-01,1.3475
2019-03-04,1.3486
2019-03-05,1.3485
2019-03-06,1.3542
2019-03-07,1.3401
2019-03-08,1.3114
2019-03-11,1.3291
2019-03-12,1.3429
2019-03-13,1.3665
2019-03-14,1.3761999999999999
2019-03-15,1.391
2019-03-18,1.4156
2019-03-19,1.4269
2019-03-20,1.4383
2019-03-21,1.4425
2019-03-22,1.3884
2019-03-25,1.3888
2019-03-26,1.3898
2019-03-27,1.3505
2019-03-28,1.3531
2019-03-29,1.3700999999999999
2019-04-01,1.38
2019-04-02,1.3715
2019-04-03,1.3854
2019-04-04,1.3855
2019-04-05,1.3957
2019-04-08,1.412
2019-04-09,1.4181
2019-04-10,1.4228
2019-04-11,1.4064
2019-04-12,1.3980000000000001
2019-04-15,1.3688
2019-04-16,1.3641
2019-04-17,1.3557000000000001
2019-04-18,1.3531
2019-04-19,1.3531
2019-04-22,1.3714
2019-04-23,1.361
2019-04-24,1.3471
2019-04-25,1.3357999999999999
2019-04-26,1.335
2019-04-29,1.3231
2019-04-30,1.3146
2019-05-01,1.3181
2019-05-02,1.2933
2019-05-03,1.2955
2019-05-06,1.2865
2019-05-07,1.2621
2019-05-08,1.2698
2019-05-09,1.2719
2019-05-10,1.2871000000000001
2019-05-13,1.2505
2019-05-14,1.2509000000000001
2019-05-15,1.2435
2019-05-16,1.2458
2019-05-17,1.2346
2019-05-20,1.2096
2019-05-21,1.2244
2019-05-22,1.217
2019-05-23,1.1945999999999999
2019-05-24,1.2091
2019-05-27,1.2074
2019-05-28,1.1899
2019-05-29,1.199
2019-05-30,1.2072
2019-05-31,1.2018
2019-06-03,1.2006000000000001
2019-06-04,1.2309
2019-06-05,1.2212
2019-06-06,1.2311
2019-06-07,1.2532
2019-06-10,1.2497
2019-06-11,1.2696
2019-06-12,1.2568
2019-06-13,1.2626
2019-06-14,1.2625
2019-06-17,1.2451
2019-06-18,1.271
2019-06-19,1.2824
2019-06-20,1.311
2019-06-21,1.3277999999999999
2019-06-24,1.3187
2019-06-25,1.3197
2019-06-26,1.3226
2019-06-27,1.3162
2019-06-28,1.3176
2019-07-01,1.3157
2019-07-02,1.3057
2019-07-03,1.3303
2019-07-04,1.3377
2019-07-05,1.3352
2019-07-08,1.3397999999999999
2019-07-09,1.3368
2019-07-10,1.3517000000000001
2019-07-11,1.3585
2019-07-12,1.3651
2019-07-15,1.3660999999999999
2019-07-16,1.3734
2019-07-17,1.3654
2019-07-18,1.3503
2019-07-19,1.37
2019-07-22,1.3613
2019-07-23,1.3618000000000001
2019-07-24,1.3503
2019-07-25,1.3461
2019-07-26,1.3298
2019-07-29,1.3296999999999999
2019-07-30,1.3031
2019-07-31,1.3016
2019-08-01,1.2711999999999999
2019-08-02,1.2607
2019-08-05,1.2049
2019-08-06,1.2205
2019-08-07,1.2223
2019-08-08,1.2594
2019-08-09,1.2602
2019-08-12,1.2367
2019-08-13,1.2724
2019-08-14,1.2248
2019-08-15,1.231
2019-08-16,1.2408
2019-08-19,1.245
2019-08-20,1.2529
2019-08-21,1.2511
2019-08-22,1.2436
2019-08-23,1.2187999999999999
2019-08-26,1.2141
2019-08-27,1.2065
2019-08-28,1.1994
2019-08-29,1.2103
2019-08-30,1.2385
2019-09-02,1.2284
2019-09-03,1.2314
2019-09-04,1.2492
2019-09-05,1.2587
2019-09-06,1.2644
2019-09-09,1.2684
2019-09-10,1.2688
2019-09-11,1.2810000000000001
2019-09-12,1.2902
2019-09-13,1.2884
2019-09-16,1.3049
2019-09-17,1.2983
2019-09-18,1.3004
2019-09-19,1.2989
2019-09-20,1.2901
2019-09-23,1.2796
2019-09-24,1.2723
2019-09-25,1.2728
2019-09-26,1.2775
2019-09-27,1.2627
2019-09-30,1.2873999999999999
2019-10-01,1.2826
2019-10-02,1.2697
2019-10-03,1.2939
2019-10-04,1.3131
2019-10-07,1.3102
2019-10-08,1.3028
2019-10-09,1.2998
2019-10-10,1.3007
2019-10-11,1.3181
2019-10-14,1.3189
2019-10-15,1.3052000000000001
2019-10-16,1.2995999999999999
2019-10-17,1.3008
2019-10-18,1.317
2019-10-21,1.3163
2019-10-22,1.3345
2019-10-23,1.3428
2019-10-24,1.3532
2019-10-25,1.3587
2019-10-28,1.3616
2019-10-29,1.3692
2019-10-30,1.3591
2019-10-31,1.3613
2019-11-01,1.3894
2019-11-04,1.3967
2019-11-05,1.4169
2019-11-06,1.4020000000000001
2019-11-07,1.4037
2019-11-08,1.393
2019-11-11,1.3883
2019-11-12,1.3627
2019-11-13,1.3343
2019-11-14,1.3307
2019-11-15,1.3571
2019-11-18,1.3403
2019-11-19,1.3314
2019-11-20,1.326
2019-11-21,1.3244
2019-11-22,1.3446
2019-11-25,1.323
2019-11-26,1.3037
2019-11-27,1.2785
2019-11-28,1.2819
2019-11-29,1.2932000000000001
2019-12-02,1.3114
2019-12-03,1.3074
2019-12-04,1.3397999999999999
2019-12-05,1.3502
2019-12-06,1.3669
2019-12-09,1.3673
2019-12-10,1.3618000000000001
2019-12-11,1.3780000000000001
2019-12-12,1.3942999999999999
2019-12-13,1.4034
2019-12-16,1.4095
2019-12-17,1.4095
2019-12-18,1.4254
2019-12-19,1.436
2019-12-20,1.4287
2019-12-23,1.4449
2019-12-24,1.4518
2019-12-25,1.4518
2019-12-26,1.4567999999999999
2019-12-27,1.4548
2019-12-30,1.4606
2019-12-31,1.4579
2020-01-01,1.4579
2020-01-02,1.4683
2020-01-03,1.4785
2020-01-06,1.4806
2020-01-07,1.4691
2020-01-08,1.4671
2020-01-09,1.4605000000000001
2020-01-10,1.4577
2020-01-13,1.4489
2020-01-14,1.4529
2020-01-15,1.4455
2020-01-16,1.4415
2020-01-17,1.4494
2020-01-20,1.4447999999999999
2020-01-21,1.4285999999999999
2020-01-22,1.4306
2020-01-23,1.4166
2020-01-24,1.4142000000000001
2020-01-27,1.3784
2020-01-28,1.3786
2020-01-29,1.3825
2020-01-30,1.3784
2020-01-31,1.3626
2020-02-03,1.3713
2020-02-04,1.4002
2020-02-05,1.4187
2020-02-06,1.4087
2020-02-07,1.3988
2020-02-10,1.3813
2020-02-11,1.3884
2020-02-12,1.4115
2020-02-13,1.4186
2020-02-14,1.4195
2020-02-17,1.4143
2020-02-18,1.4073
2020-02-19,1.4175
2020-02-20,1.4125
2020-02-21,1.3827
