Date,mom_252
2009-03-27,-0.49331103678929766
2009-03-30,-0.49756934515298823
2009-03-31,-0.5107227958697379
2009-04-01,-0.4850393700787401
2009-04-02,-0.45915643352909763
2009-04-03,-0.4679186228482004
2009-04-06,-0.4771041187004349
2009-04-07,-0.49425287356321834
2009-04-08,-0.4625954198473282
2009-04-09,-0.4316250321916044
2009-04-13,-0.41886195995785036
2009-04-14,-0.44535159336318153
2009-04-15,-0.43008474576271183
2009-04-16,-0.40989213364903976
2009-04-17,-0.413968423869414
2009-04-20,-0.4766812677145066
2009-04-21,-0.4511008704557091
2009-04-22,-0.4545220966084276
2009-04-23,-0.4535714285714285
2009-04-24,-0.44705882352941184
2009-04-27,-0.4577954319761669
2009-04-28,-0.46377171215880886
2009-04-29,-0.4070121951219512
2009-04-30,-0.4214711729622267
2009-05-01,-0.4084016902808848
2009-05-04,-0.38515815085158156
2009-05-05,-0.3776479181884588
2009-05-06,-0.35883777239709436
2009-05-07,-0.3897928994082841
2009-05-08,-0.3681704260651628
2009-05-11,-0.3814589665653495
2009-05-12,-0.36220668996505245
2009-05-13,-0.3842903305990554
2009-05-14,-0.37863121614968
2009-05-15,-0.3892229973538609
2009-05-18,-0.34714147286821706
2009-05-19,-0.35169593456819825
2009-05-20,-0.3226128147594116
2009-05-21,-0.2949416342412451
2009-05-22,-0.29506933744221875
2009-05-26,-0.2745459331403002
2009-05-27,-0.30963420917053064
2009-05-28,-0.2946336429308565
2009-05-29,-0.2775626129615285
2009-06-01,-0.2618624714539456
2009-06-02,-0.27275057677518577
2009-06-03,-0.30249293240812125
2009-06-04,-0.2829842931937173
2009-06-05,-0.296751087234587
2009-06-08,-0.2888829502939605
2009-06-09,-0.30333245867226444
2009-06-10,-0.2753938077131993
2009-06-11,-0.22689075630252098
2009-06-12,-0.22342192691029894
2009-06-15,-0.2557502738225631
2009-06-16,-0.2706521739130434
2009-06-17,-0.27331017900080146
2009-06-18,-0.23783929051330288
2009-06-19,-0.24614968927316938
2009-06-22,-0.251098901098901
2009-06-23,-0.24779005524861886
2009-06-24,-0.22617393720477907
2009-06-25,-0.21035510978584981
2009-06-26,-0.16870554765291612
2009-06-29,-0.1499133448873483
2009-06-30,-0.14327485380116967
2009-07-01,-0.07080200501253142
2009-07-02,-0.06379585326953752
2009-07-06,-0.09394313967861556
2009-07-07,-0.12732174955062925
2009-07-08,-0.14099911321312442
2009-07-09,-0.1310650887573963
2009-07-10,-0.1631472374891525
2009-07-13,-0.11312890741292059
2009-07-14,-0.1528865680301712
2009-07-15,-0.11324541284403677
2009-07-16,-0.14435261707988978
2009-07-17,-0.1752633000270052
2009-07-20,-0.17368281705056932
2009-07-21,-0.17946687780417003
2009-07-22,-0.1689064558629777
2009-07-23,-0.1439433665443105
2009-07-24,-0.10819583446037329
2009-07-27,-0.09715061058344632
2009-07-28,-0.09257236482796294
2009-07-29,-0.15548155737704916
2009-07-30,-0.1800892228222588
2009-07-31,-0.18188185851038985
2009-08-03,-0.14331797235023036
2009-08-04,-0.15835042150831635
2009-08-05,-0.17697081130774528
2009-08-06,-0.18234342500577772
2009-08-07,-0.11593154977102926
2009-08-10,-0.1208021261174197
2009-08-11,-0.15667311411992257
2009-08-12,-0.13689604685212298
2009-08-13,-0.11530094271211011
2009-08-14,-0.1359732824427482
2009-08-17,-0.15322195704057284
2009-08-18,-0.12844036697247707
2009-08-19,-0.07082294264339162
2009-08-20,-0.0323155216284986
2009-08-21,-0.02413273001508298
2009-08-24,-0.05128834355828227
2009-08-25,-0.016628873771730834
2009-08-26,-0.041940373926225294
2009-08-27,-0.014500127194098211
2009-08-28,-0.03983963918817335
2009-08-31,-0.0414652760111931
2009-09-01,-0.07297228578693105
2009-09-02,-0.0587326120556414
2009-09-03,0.007051803634391174
2009-09-04,-0.00027034333603692673
2009-09-08,-0.04895104895104896
2009-09-09,-0.0170593013809911
2009-09-10,0.006009287080032788
2009-09-11,0.06308082230357659
2009-09-14,0.06435366536094
2009-09-15,0.18899371069182402
2009-09-16,0.18996305418719217
2009-09-17,0.27700000000000014
2009-09-18,0.27785145888594154
2009-09-21,0.09861591695501737
2009-09-22,0.15048975957257338
2009-09-23,0.17764165390505382
2009-09-24,0.1672210462654975
2009-09-25,0.11467359907567909
2009-09-28,0.11291702309666385
2009-09-29,0.22452179366572578
2009-09-30,0.16315007429420514
2009-10-01,0.15654562099481217
2009-10-02,0.2587806494367131
2009-10-05,0.33684926845865926
2009-10-06,0.5062776957163959
2009-10-07,0.5938606847697756
2009-10-08,0.6848090982940698
2009-10-09,0.7747323340471091
2009-10-12,0.7663865546218487
2009-10-13,0.6117329216518719
2009-10-14,0.681623097932111
2009-10-15,0.9720183486238532
2009-10-16,0.8994974874371857
2009-10-19,1.0637159533073932
2009-10-20,0.9358974358974359
2009-10-21,1.1131313131313134
2009-10-22,1.4816540477577167
2009-10-23,1.4060884549109707
2009-10-26,1.5018337408312958
2009-10-27,1.4155223880597014
2009-10-28,0.8896039603960397
2009-10-29,0.8830985915492957
2009-10-30,0.8072639225181599
2009-11-02,0.7347785977859778
2009-11-03,0.7478952291861551
2009-11-04,0.6261802575107296
2009-11-05,0.851461427886919
2009-11-06,0.9855670103092786
2009-11-09,0.9742446755819711
2009-11-10,1.024987251402346
2009-11-11,1.126715945089757
2009-11-12,1.2910144927536233
2009-11-13,1.0848074921956297
2009-11-16,1.2124380847550906
2009-11-17,1.2418150488225157
2009-11-18,1.306804374240583
2009-11-19,1.5973756906077345
2009-11-20,1.701393983859134
2009-11-23,1.3008739076154807
2009-11-24,1.0352422907488985
2009-11-25,1.0184983677910773
2009-11-27,0.8882978723404256
2009-11-30,0.8640625
2009-12-01,1.1937203791469195
2009-12-02,1.1053208996160175
2009-12-03,1.1141942369263607
2009-12-04,1.2399777282850777
2009-12-07,1.1424000000000003
2009-12-08,1.0344119157678482
2009-12-09,1.120920278223649
2009-12-10,1.0110608345902463
2009-12-11,1.0651380927566443
2009-12-14,1.1376389624139756
2009-12-15,1.1373276776246026
2009-12-16,0.9226020892687561
2009-12-17,0.9380185456320158
2009-12-18,0.9742828882294761
2009-12-21,1.0260260260260257
2009-12-22,1.0722646310432573
2009-12-23,1.0287555775904806
2009-12-24,1.0360671936758896
2009-12-28,1.0092322643343055
2009-12-29,1.0263929618768328
2009-12-30,1.0443786982248522
2009-12-31,1.03131021194605
2010-01-04,1.0663841807909606
2010-01-05,1.0292237442922376
2010-01-06,0.9986648865153538
2010-01-07,1.1683262209577996
2010-01-08,1.2771144278606967
2010-01-11,1.2406126482213442
2010-01-12,1.3656992084432718
2010-01-13,1.3776513191929647
2010-01-14,1.5388888888888892
2010-01-15,1.4029850746268653
2010-01-19,1.4674840085287846
2010-01-20,1.71
2010-01-21,1.4077669902912624
2010-01-22,1.4303370786516854
2010-01-25,1.4387417218543042
2010-01-26,1.3767491926803013
2010-01-27,1.345619658119658
2010-01-28,1.229061553985873
2010-01-29,1.340139709833423
2010-02-01,1.5093201754385968
2010-02-02,1.5314763231197772
2010-02-03,1.4021390374331553
2010-02-04,1.2793959007551239
2010-02-05,1.0921802175038842
2010-02-08,0.971802618328298
2010-02-09,1.0717557251908398
2010-02-10,1.2643614054657002
2010-02-11,1.2614379084967324
2010-02-12,1.2460186710598569
2010-02-16,1.3233830845771144
2010-02-17,1.5869565217391308
2010-02-18,1.5486404833836858
2010-02-19,1.5759951749095298
2010-02-22,1.547284929835265
2010-02-23,1.4819201995012472
2010-02-24,1.2489866821077014
2010-02-25,1.2874925903971546
2010-02-26,1.3646844660194173
2010-03-01,1.320185614849188
2010-03-02,1.59009009009009
2010-03-03,1.5483259633607078
2010-03-04,1.397358943577431
2010-03-05,1.6877444589308994
2010-03-08,1.7856668878566686
2010-03-09,1.8287068381855112
2010-03-10,1.6218274111675126
2010-03-11,1.6429487179487179
2010-03-12,1.472826086956522
2010-03-15,1.5510204081632653
2010-03-16,1.6313823163138235
2010-03-17,1.577658303464755
2010-03-18,1.510143198090692
2010-03-19,1.5604395604395607
2010-03-22,1.4946555819477432
2010-03-23,1.3278688524590163
2010-03-24,1.4196479273140263
2010-03-25,1.4679775280898877
2010-03-26,1.3941368078175893
2010-03-29,1.454345434543454
2010-03-30,1.537279453614115
2010-03-31,1.4264069264069263
2010-04-01,1.334862385321101
2010-04-05,1.3440276406712734
2010-04-06,1.2941176470588234
2010-04-07,1.3170254403131114
2010-04-08,1.4095959595959595
2010-04-09,1.3001893939393936
2010-04-12,1.184413230629814
2010-04-13,1.1736174070716232
2010-04-14,1.349002849002849
2010-04-15,1.274628252788104
2010-04-16,1.1185911725367812
2010-04-19,1.1858447488584476
2010-04-20,1.4022648941408176
2010-04-21,1.2425373134328357
2010-04-22,1.2830899670277907
2010-04-23,1.288048552754435
2010-04-26,1.212313263920326
2010-04-27,1.1236263736263736
2010-04-28,1.192966219342897
2010-04-29,1.075835475578406
2010-04-30,1.0627147766323026
2010-05-03,1.019327731092437
2010-05-04,0.8195488721804511
2010-05-05,0.7558685446009392
2010-05-06,0.5845921450151057
2010-05-07,0.656969696969697
2010-05-10,0.7905593018643395
2010-05-11,0.8312858312858311
2010-05-12,0.8183953033268101
2010-05-13,0.8385143318530481
2010-05-14,0.7194928684627575
2010-05-17,0.7400551398188262
2010-05-18,0.6037105751391465
2010-05-19,0.5851576994434138
2010-05-20,0.5241074714758922
2010-05-21,0.5526122148638706
2010-05-24,0.5151183970856104
2010-05-25,0.48294629898403474
2010-05-26,0.5149253731343284
2010-05-27,0.5742501828822237
2010-05-28,0.5100071479628305
2010-06-01,0.4083877621175662
2010-06-02,0.5227352837504406
2010-06-03,0.5755342667649226
2010-06-04,0.48375319459656807
2010-06-07,0.4659876318661331
2010-06-08,0.5580608793686586
2010-06-09,0.5453860640301318
2010-06-10,0.6045727136431784
2010-06-11,0.5619565217391302
2010-06-14,0.5294117647058822
2010-06-15,0.6479028697571745
2010-06-16,0.6590909090909092
2010-06-17,0.6577205882352943
2010-06-18,0.5874471086036672
2010-06-21,0.6046594982078854
2010-06-22,0.6228906823184153
2010-06-23,0.6136614028644876
2010-06-24,0.5497307001795331
2010-06-25,0.5080672845863372
2010-06-28,0.5075290896646132
2010-06-29,0.44410465511382946
2010-06-30,0.43754266211604076
2010-07-01,0.4322319622387052
2010-07-02,0.4770017035775127
2010-07-06,0.5143246930422918
2010-07-07,0.5619636113971851
2010-07-08,0.5664143152099108
2010-07-09,0.5529451821586653
2010-07-12,0.5699965433805738
2010-07-13,0.564618999664317
2010-07-14,0.5979452054794521
2010-07-15,0.5040413837698028
2010-07-16,0.4687701223438505
2010-07-19,0.525540275049116
2010-07-20,0.5245113745594361
2010-07-21,0.5178513991637181
2010-07-22,0.5393151553582751
2010-07-23,0.4811638591117917
2010-07-26,0.47801031240521685
2010-07-27,0.4833183047790801
2010-07-28,0.47457117062894993
2010-07-29,0.49074916590840156
2010-07-30,0.40807560137457033
2010-08-02,0.43293378995433796
2010-08-03,0.3423883808499193
2010-08-04,0.34542501353546307
2010-08-05,0.371963138788048
2010-08-06,0.40135669869983026
2010-08-09,0.35278080697928016
2010-08-10,0.3380049464138499
2010-08-11,0.3460435779816513
2010-08-12,0.3347469607011593
2010-08-13,0.2942622950819671
2010-08-16,0.3238542241855329
2010-08-17,0.3850056369785797
2010-08-18,0.358725761772853
2010-08-19,0.28690284487385953
2010-08-20,0.2624244017880619
2010-08-23,0.2156105100463679
2010-08-24,0.21624418003103996
2010-08-25,0.21265693056623092
2010-08-26,0.2478902953586497
2010-08-27,0.2527103768714507
2010-08-30,0.2481732776617953
2010-08-31,0.27680467091295125
2010-09-01,0.35353812397147566
2010-09-02,0.36234263820470725
2010-09-03,0.35254511176945846
2010-09-07,0.3318009734991889
2010-09-08,0.3472222222222223
2010-09-09,0.374931129476584
2010-09-10,0.3646483844691828
2010-09-13,0.3618543046357614
2010-09-14,0.3548895899053628
2010-09-15,0.38667019307061623
2010-09-16,0.35886157826649434
2010-09-17,0.3698773166275122
2010-09-20,0.38323819408406856
2010-09-21,0.39685039370078723
2010-09-22,0.3787409700722395
2010-09-23,0.3760728218465539
2010-09-24,0.3906735751295336
2010-09-27,0.4021767297227259
2010-09-28,0.4242890084550346
2010-09-29,0.42816901408450714
2010-09-30,0.42386305569749605
2010-10-01,0.4672823218997362
2010-10-04,0.4551197683600947
2010-10-05,0.46449478238737596
2010-10-06,0.4287815641088504
2010-10-07,0.4197530864197532
2010-10-08,0.4283992285438767
2010-10-11,0.44908301158301156
2010-10-12,0.45076117982873454
2010-10-13,0.4734195402298851
2010-10-14,0.40510440835266825
2010-10-15,0.42614561525936256
2010-10-18,0.4810004810004811
2010-10-19,0.3945321706339855
2010-10-20,0.42313150425733204
2010-10-21,0.443116634799235
2010-10-22,0.4381600563248065
2010-10-25,0.4640725710193363
2010-10-26,0.4940141705350598
2010-10-27,0.45798319327731085
2010-10-28,0.5446685878962536
2010-10-29,0.4679631014709549
2010-11-01,0.5892282958199357
2010-11-02,0.5908003190640787
2010-11-03,0.6192132726786193
2010-11-04,0.654262338347849
2010-11-05,0.6174948240165632
2010-11-08,0.6170820353063342
2010-11-09,0.5524335173105872
2010-11-10,0.5489801057668093
2010-11-11,0.5014895729890763
2010-11-12,0.4974696356275303
2010-11-15,0.48689792862490644
2010-11-16,0.42114427860696524
2010-11-17,0.474250576479631
2010-11-18,0.5557018698972873
2010-11-19,0.5727200212709385
2010-11-22,0.564638783269962
2010-11-23,0.4815518176885514
2010-11-24,0.5140692640692641
2010-11-26,0.4606469002695417
2010-11-29,0.4864788732394367
2010-11-30,0.4884045822855547
2010-12-01,0.4833918444504455
2010-12-02,0.4585721730067742
2010-12-03,0.4192327107521454
2010-12-06,0.4006959980114344
2010-12-07,0.3950709484690067
2010-12-08,0.4178237818732642
2010-12-09,0.3602421796165489
2010-12-10,0.33424999999999994
2010-12-13,0.36689376734796864
2010-12-14,0.3397721644378404
2010-12-15,0.3113371371868021
2010-12-16,0.2988392195603853
2010-12-17,0.2893477713422312
2010-12-20,0.2630260521042085
2010-12-21,0.2638339920948616
2010-12-22,0.28143418467583503
2010-12-23,0.28739002932551316
2010-12-27,0.281727735986411
2010-12-28,0.26723095525997564
2010-12-29,0.27424023154848043
2010-12-30,0.2800289435600578
2010-12-31,0.2558691012568177
2011-01-03,0.21531100478468912
2011-01-04,0.2205220522052207
2011-01-05,0.2306835894010244
2011-01-06,0.1948392739995628
2011-01-07,0.1671400480664189
2011-01-10,0.16339581036383666
2011-01-11,0.1726522418023646
2011-01-12,0.1677545691906006
2011-01-13,0.18708971553610487
2011-01-14,0.19143744454303468
2011-01-18,0.147548066537049
2011-01-19,0.1345778163663991
2011-01-20,0.14023297491039433
2011-01-21,0.18307905686546477
2011-01-24,0.1568228105906313
2011-01-25,0.1460597826086958
2011-01-26,0.16237759052607603
2011-01-27,0.1296966953372567
2011-01-28,0.06567164179104479
2011-01-31,0.04828490277474318
2011-02-01,0.0994718309859155
2011-02-02,0.11242208370436324
2011-02-03,0.14458116422148604
2011-02-04,0.23267326732673266
2011-02-07,0.27374872318692556
2011-02-08,0.24072709408007853
2011-02-09,0.22733990147783234
2011-02-10,0.18834296724470123
2011-02-11,0.2237163814180929
2011-02-14,0.16916488222698067
2011-02-15,0.1526610644257702
2011-02-16,0.1941678520625889
2011-02-17,0.19503629126668232
2011-02-18,0.22514970059880235
2011-02-22,0.22682743029389596
2011-02-23,0.2286302780638516
2011-02-24,0.2016066338429643
2011-02-25,0.20631254811393385
2011-02-28,0.17500000000000004
2011-03-01,0.10434782608695659
2011-03-02,0.10188398611799698
2011-03-03,0.16024036054081137
2011-03-04,0.12975988357991763
2011-03-07,0.08027632205812307
2011-03-08,0.1304451890856868
2011-03-09,0.16674733785091966
2011-03-10,0.1644433664807179
2011-03-11,0.20073260073260069
2011-03-14,0.2111515151515151
2011-03-15,0.17841930903928072
2011-03-16,0.11054461181923525
2011-03-17,0.14499643451390543
2011-03-18,0.16523605150214582
2011-03-21,0.17591049750059518
2011-03-22,0.18028169014084505
2011-03-23,0.17765782680122033
2011-03-24,0.15365353972228535
2011-03-25,0.1383219954648527
2011-03-28,0.12012550425818014
2011-03-29,0.13369223867205027
2011-03-30,0.1389384478144513
2011-03-31,0.11460379829731493
2011-04-01,0.10823331227626865
2011-04-04,0.16324786324786333
2011-04-05,0.1528716216216217
2011-04-06,0.15803814713896447
2011-04-07,0.1492383696994648
2011-04-08,0.1391827421696743
2011-04-11,0.1361835245046923
2011-04-12,0.10572063877097237
2011-04-13,0.1248212461695608
2011-04-14,0.1609848484848484
2011-04-15,0.1652391894714853
2011-04-18,0.09612625538020092
2011-04-19,0.13768718801996682
2011-04-20,0.14049927790385808
2011-04-21,0.13670679453172818
2011-04-25,0.13812154696132595
2011-04-26,0.1983613626563172
2011-04-27,0.1656467609200254
2011-04-28,0.14406604747162022
2011-04-29,0.17680133277800913
2011-05-02,0.16396171452351216
2011-05-03,0.21922575032622893
2011-05-04,0.2277183600713013
2011-05-05,0.3026692087702574
2011-05-06,0.30480370641307
2011-05-09,0.19716437749224625
2011-05-10,0.18872987477638636
2011-05-11,0.08738699956952223
2011-05-12,0.14382960035133951
2011-05-13,0.1421658986175116
2011-05-16,0.1371661385242191
2011-05-17,0.16566404442387794
2011-05-18,0.17673220973782788
2011-05-19,0.20719632938903665
2011-05-20,0.1616113744075829
2011-05-23,0.16518393844674195
2011-05-24,0.2030829459261072
2011-05-25,0.2078817733990148
2011-05-26,0.13894052044609673
2011-05-27,0.13159763313609463
2011-05-31,0.2003905296558457
2011-06-01,0.1254629629629629
2011-06-02,0.15715622076707203
2011-06-03,0.2157972440944882
2011-06-06,0.2178660049627792
2011-06-07,0.20718765074770862
2011-06-08,0.21472093590056063
2011-06-09,0.17379117028731605
2011-06-10,0.15054511714219454
2011-06-13,0.15874125874125888
2011-06-14,0.0922080821611968
2011-06-15,0.05524365596227265
2011-06-16,0.03925482368596134
2011-06-17,0.06241670368725005
2011-06-20,0.05919142282778633
2011-06-21,0.08386075949367089
2011-06-22,0.06895766954938565
2011-06-23,0.09847080630213156
2011-06-24,0.07216025495105849
2011-06-27,0.06628830874006808
2011-06-28,0.127764705882353
2011-06-29,0.15075973409306753
2011-06-30,0.14147834274952942
2011-07-01,0.13194925028835058
2011-07-05,0.10247747747747749
2011-07-06,0.056923076923077076
2011-07-07,0.08040421792618613
2011-07-08,0.06906380179785132
2011-07-11,0.04249229414354905
2011-07-12,0.006221840806693857
2011-07-13,0.019074153450493014
2011-07-14,0.006663800515906981
2011-07-15,0.03704515563349409
2011-07-18,-0.0036488516849109143
2011-07-19,-0.027532576712904433
2011-07-20,-0.026064844246662333
2011-07-21,-0.0630278063851698
2011-07-22,-0.08870967741935487
2011-07-25,-0.09439770162117778
2011-07-26,-0.09260385005065852
2011-07-27,-0.09285714285714275
2011-07-28,-0.06876907426246182
2011-07-29,-0.07626601586333126
2011-08-01,-0.10117506472814175
2011-08-02,-0.1228210779402924
2011-08-03,-0.10060362173038229
2011-08-04,-0.16425809077956444
2011-08-05,-0.20411456232351755
2011-08-08,-0.2889963724304715
2011-08-09,-0.21031012528239879
2011-08-10,-0.25857294994675184
2011-08-11,-0.21986867189154846
2011-08-12,-0.22651467173316442
2011-08-15,-0.21397288842544326
2011-08-16,-0.2321937321937323
2011-08-17,-0.23037716615698267
2011-08-18,-0.25464025026068826
2011-08-19,-0.24724015830035406
2011-08-22,-0.23140495867768585
2011-08-23,-0.20608251807741396
2011-08-24,-0.21529685189097825
2011-08-25,-0.21513102282333052
2011-08-26,-0.20667628271172478
2011-08-29,-0.1825214300648128
2011-08-30,-0.18790272292662646
2011-08-31,-0.18520770010131715
2011-09-01,-0.20429891522699883
2011-09-02,-0.23257666268418953
2011-09-06,-0.20446700507614213
2011-09-07,-0.2055791388720437
2011-09-08,-0.21238228811861337
2011-09-09,-0.24791086350974934
2011-09-12,-0.24333787200933665
2011-09-13,-0.22448583624369423
2011-09-14,-0.244135037192447
2011-09-15,-0.2412414318354913
2011-09-16,-0.23227896341463417
2011-09-19,-0.24910898518101665
2011-09-20,-0.21909056745584365
2011-09-21,-0.2522455089820359
2011-09-22,-0.281043281043281
2011-09-23,-0.29023845007451565
2011-09-26,-0.2870079467750878
2011-09-27,-0.2867422198237094
2011-09-28,-0.307154384077461
2011-09-29,-0.28781625695316704
2011-09-30,-0.30390217586764967
2011-10-03,-0.31295224312590453
2011-10-04,-0.3361140076468543
2011-10-05,-0.33870967741935487
2011-10-06,-0.32573913043478253
2011-10-07,-0.3611814345991561
2011-10-10,-0.340549542048293
2011-10-11,-0.351860960813248
2011-10-12,-0.34454737526409884
2011-10-13,-0.34280052840158526
2011-10-14,-0.34496819442179094
2011-10-17,-0.3783696005196492
2011-10-18,-0.3222917018759507
2011-10-19,-0.3765996343692871
2011-10-20,-0.38754554488241144
2011-10-21,-0.3782637075718015
2011-10-24,-0.3570846241643567
2011-10-25,-0.36680294358135734
2011-10-26,-0.33700627224953383
2011-10-27,-0.29630257801899595
2011-10-28,-0.30502717391304346
2011-10-31,-0.3439554881133031
2011-11-01,-0.3703827511281965
2011-11-02,-0.3622541728639893
2011-11-03,-0.3613592852584556
2011-11-04,-0.36751999999999996
2011-11-07,-0.3615347567827901
2011-11-08,-0.3476082740788624
2011-11-09,-0.3840026012030564
2011-11-10,-0.3622685185185185
2011-11-11,-0.33541737073335587
2011-11-14,-0.3538100033568311
2011-11-15,-0.32469805706283916
2011-11-16,-0.3435870698644421
2011-11-17,-0.38310479092602
2011-11-18,-0.3800507185122569
2011-11-21,-0.39402881444193727
2011-11-22,-0.36843069034975273
2011-11-23,-0.40225160829163686
2011-11-25,-0.3897398043919542
2011-11-28,-0.3397763880992988
2011-11-29,-0.3542331518678431
2011-11-30,-0.3260513380666302
2011-12-01,-0.3581636298678099
2011-12-02,-0.35408145118264267
2011-12-05,-0.34285714285714286
2011-12-06,-0.3465381870092791
2011-12-07,-0.3379629629629629
2011-12-08,-0.3508902077151336
2011-12-09,-0.3295859096870901
2011-12-12,-0.36348532398006284
2011-12-13,-0.3735674676524954
2011-12-14,-0.36965569428679534
2011-12-15,-0.3588134626354821
2011-12-16,-0.34375
2011-12-19,-0.35719952399841337
2011-12-20,-0.3281860828772478
2011-12-21,-0.34361824453813716
2011-12-22,-0.35421412300683364
2011-12-23,-0.35497917455509276
2011-12-27,-0.34637404580152675
2011-12-28,-0.3744084800302858
2011-12-29,-0.36348219332956466
2011-12-30,-0.36574773413897277
2012-01-03,-0.34345706786651664
2012-01-04,-0.37278761061946897
2012-01-05,-0.39026596707074357
2012-01-06,-0.3984260614934114
2012-01-09,-0.38412579558217896
2012-01-10,-0.3642911296436694
2012-01-11,-0.3471561727220849
2012-01-12,-0.34693497298304465
2012-01-13,-0.36608294930875573
2012-01-17,-0.334574567119717
2012-01-18,-0.30478162650602403
2012-01-19,-0.2894585804476756
2012-01-20,-0.2699410609037328
2012-01-23,-0.2647518561938257
2012-01-24,-0.26819248826291087
2012-01-25,-0.24619640387275243
2012-01-26,-0.23765673981191227
2012-01-27,-0.1987577639751552
2012-01-30,-0.13703943115707817
2012-01-31,-0.176948728636932
2012-02-01,-0.16733386709367493
2012-02-02,-0.1628977386431859
2012-02-03,-0.12817862311350003
2012-02-06,-0.1477911646586345
2012-02-07,-0.14334402566158788
2012-02-08,-0.15363294397149074
2012-02-09,-0.1521171984748143
2012-02-10,-0.1670044588569113
2012-02-13,-0.1588411588411588
2012-02-14,-0.16056166056166055
2012-02-15,-0.165046577561766
2012-02-16,-0.16378796902918402
2012-02-17,-0.1620297805642632
2012-02-21,-0.1624633431085043
2012-02-22,-0.1318591318591319
2012-02-23,-0.1230092204526404
2012-02-24,-0.0992020703040758
2012-02-27,-0.12550521165709416
2012-02-28,-0.10446808510638295
2012-02-29,-0.05016872890888646
2012-03-01,-0.038695163104612074
2012-03-02,-0.08675010789814419
2012-03-05,-0.11099184199227141
2012-03-06,-0.10937155457552372
2012-03-07,-0.12894346813466007
2012-03-08,-0.1366936320265506
2012-03-09,-0.14476150801916254
2012-03-12,-0.17266625991458207
2012-03-13,-0.17473979183346688
2012-03-14,-0.17208835341365458
2012-03-15,-0.12103505843071793
2012-03-16,-0.11500934191405432
2012-03-19,-0.1270718232044199
2012-03-20,-0.1520242914979757
2012-03-21,-0.161296738265712
2012-03-22,-0.16341171781586294
2012-03-23,-0.17186266771902137
2012-03-26,-0.1362549800796813
2012-03-27,-0.1360544217687074
2012-03-28,-0.15690542144835773
2012-03-29,-0.1636968866261993
2012-03-30,-0.1515863689776733
2012-04-02,-0.16283488504655141
2012-04-03,-0.196730345334313
2012-04-04,-0.21355311355311357
2012-04-05,-0.2253393665158372
2012-04-09,-0.24807451191115892
2012-04-10,-0.26256372906045156
2012-04-11,-0.2399045521292218
2012-04-12,-0.22010968921389407
2012-04-13,-0.24100980748274614
2012-04-16,-0.24560449519666494
2012-04-17,-0.23915381857296525
2012-04-18,-0.22232610321615542
2012-04-19,-0.24332723948811708
2012-04-20,-0.24620115774240225
2012-04-23,-0.2667384670615688
2012-04-24,-0.2529665587918015
2012-04-25,-0.24217344368477867
2012-04-26,-0.2219406227371471
2012-04-27,-0.22641169042034992
2012-04-30,-0.2516368784285967
2012-05-01,-0.24186628530568466
2012-05-02,-0.25276489475561903
2012-05-03,-0.2419237749546279
2012-05-04,-0.23673618733991952
2012-05-07,-0.22276210054195467
2012-05-08,-0.236121391561806
2012-05-09,-0.2353273137697517
2012-05-10,-0.18725257323832145
2012-05-11,-0.2144365521213285
2012-05-14,-0.20314706475690947
2012-05-15,-0.2292993630573249
2012-05-16,-0.22032552600238187
2012-05-17,-0.23095285458523984
2012-05-18,-0.2340468093618724
2012-05-21,-0.2074663402692779
2012-05-22,-0.2086256706562113
2012-05-23,-0.22757779133618072
2012-05-24,-0.24551386623164762
2012-05-25,-0.24194206446348443
2012-05-29,-0.20267726417067566
2012-05-30,-0.24013826758845058
2012-05-31,-0.22377622377622375
2012-06-01,-0.2425222312045271
2012-06-04,-0.23477028941509803
2012-06-05,-0.22901385493072524
2012-06-06,-0.22557442557442553
2012-06-07,-0.2207062600321027
2012-06-08,-0.2079601990049752
2012-06-11,-0.21229838709677418
2012-06-12,-0.1884932609132971
2012-06-13,-0.18049877350776777
2012-06-14,-0.1355607576080018
2012-06-15,-0.12910798122065725
2012-06-18,-0.15471461425883337
2012-06-19,-0.12526360185575713
2012-06-20,-0.1288842544316997
2012-06-21,-0.11667021503087072
2012-06-22,-0.11769668846234971
2012-06-25,-0.1246284501061572
2012-06-26,-0.10410900574835003
2012-06-27,-0.11224702691425004
2012-06-28,-0.1297709923664122
2012-06-29,-0.1008455351618891
2012-07-02,-0.11269614835948649
2012-07-03,-0.0986721144024516
2012-07-05,-0.09731752963194029
2012-07-06,-0.1138674257828386
2012-07-09,-0.11013125512715338
2012-07-10,-0.07835269271383316
2012-07-11,-0.0624733475479744
2012-07-12,-0.08727655099894849
2012-07-13,-0.06961349562246422
2012-07-16,-0.07524836186852679
2012-07-17,-0.05084015510555795
2012-07-18,-0.05446293494705001
2012-07-19,-0.04699738903394268
2012-07-20,-0.054957133435920014
2012-07-23,-0.044474699341956025
2012-07-24,-0.04305461137548161
2012-07-25,-0.04376953997320232
2012-07-26,0.001799775028121342
2012-07-27,-0.004369674459252848
2012-07-30,0.0013210039630118242
2012-07-31,-0.003988477730999307
2012-08-01,0.017131110095934154
2012-08-02,-0.008277404921700371
2012-08-03,0.12883584997564546
2012-08-06,0.18373035985808417
2012-08-07,0.3052721088435373
2012-08-08,0.1924577373211962
2012-08-09,0.3111174949727089
2012-08-10,0.2571273418408906
2012-08-13,0.25272925764192133
2012-08-14,0.1907667816396923
2012-08-15,0.20381659157169385
2012-08-16,0.21907284768211932
2012-08-17,0.2879127028539452
2012-08-20,0.2719977863862755
2012-08-21,0.2748828232699201
2012-08-22,0.25368336458612384
2012-08-23,0.24582660204631135
2012-08-24,0.24744211093161006
2012-08-27,0.19844155844155842
2012-08-28,0.17698209718670088
2012-08-29,0.17148707448169964
2012-08-30,0.12608803780154187
2012-08-31,0.17192628124211073
2012-09-04,0.20783601453035794
2012-09-05,0.19576314446146004
2012-09-06,0.2045801526717559
2012-09-07,0.2228440600356143
2012-09-10,0.251851851851852
2012-09-11,0.22930591259640098
2012-09-12,0.19464598448836634
2012-09-13,0.21170830179157196
2012-09-14,0.19799247176913437
2012-09-17,0.18267560188632403
2012-09-18,0.17761678740944298
2012-09-19,0.1304138594802693
2012-09-20,0.177927927927928
2012-09-21,0.2510515247108309
2012-09-24,0.23910761154855642
2012-09-25,0.2221358216692586
2012-09-26,0.18360655737704912
2012-09-27,0.22386128364389224
2012-09-28,0.1728395061728396
2012-10-01,0.21234823043141304
2012-10-02,0.2459189046866772
2012-10-03,0.21910994764397906
2012-10-04,0.21769590036325903
2012-10-05,0.20763476915140555
2012-10-08,0.24332892998679
2012-10-09,0.18232323232323222
2012-10-10,0.19833038198836328
2012-10-11,0.20530622365484752
2012-10-12,0.22060301507537683
2012-10-15,0.21513944223107573
2012-10-16,0.2844827586206897
2012-10-17,0.23416458852867827
2012-10-18,0.31804852039456155
2012-10-19,0.336127636560303
2012-10-22,0.3128608923884515
2012-10-23,0.2584326654831346
2012-10-24,0.27892561983471076
2012-10-25,0.2720531833290718
2012-10-26,0.19643287539166066
2012-10-31,0.23313782991202348
2012-11-01,0.3199691595990748
2012-11-02,0.3392620122113088
2012-11-05,0.33920704845814975
2012-11-06,0.2905321009243067
2012-11-07,0.28130533771818866
2012-11-08,0.28413376917274324
2012-11-09,0.2548922467178598
2012-11-12,0.3219846925310108
2012-11-13,0.30230749287010616
2012-11-14,0.2603610475464022
2012-11-15,0.2987012987012987
2012-11-16,0.2918610679108349
2012-11-19,0.31691818903891966
2012-11-20,0.36772777167947335
2012-11-21,0.3463321516225797
2012-11-23,0.43340017187052426
2012-11-26,0.46593215424760803
2012-11-27,0.5144992526158443
2012-11-28,0.5424856365285757
2012-11-29,0.47187141216991946
2012-11-30,0.4962209302325582
2012-12-03,0.4100486223662885
2012-12-04,0.47954355691622585
2012-12-05,0.4749449339207048
2012-12-06,0.4415338914393736
2012-12-07,0.46777717094483906
2012-12-10,0.4553523399677246
2012-12-11,0.5497142857142858
2012-12-12,0.5293460033538289
2012-12-13,0.5722157772621812
2012-12-14,0.5928002360578339
2012-12-17,0.647358943577431
2012-12-18,0.629596678529063
2012-12-19,0.6148809523809522
2012-12-20,0.6769515581610617
2012-12-21,0.5629909805062556
2012-12-24,0.5763503649635038
2012-12-26,0.6064079952968839
2012-12-27,0.6213677722336366
2012-12-28,0.6043795620437957
2012-12-31,0.6832072617246598
2013-01-02,0.6728833629366489
2013-01-03,0.6808573980351293
2013-01-04,0.6093660765276983
2013-01-07,0.6704879482657258
2013-01-08,0.6827893175074182
2013-01-09,0.7490112564648617
2013-01-10,0.7525835866261399
2013-01-11,0.7227191413237926
2013-01-14,0.7051282051282053
2013-01-15,0.6776034236804565
2013-01-16,0.7420761849374817
2013-01-17,0.7078903189703412
2013-01-18,0.6460871919848361
2013-01-22,0.6400107700592352
2013-01-23,0.6439720129171154
2013-01-24,0.6189210736114801
2013-01-25,0.6046511627906979
2013-01-28,0.5106159895150721
2013-01-29,0.4998714983294783
2013-01-30,0.39784946236559127
2013-01-31,0.4064918851435706
2013-02-01,0.46214231451000254
2013-02-04,0.37620192307692313
2013-02-05,0.3648099450155393
2013-02-06,0.34787763813137307
2013-02-07,0.2987747408105561
2013-02-08,0.2995553475310089
2013-02-11,0.2741520467836258
2013-02-12,0.30721893491124264
2013-02-13,0.348661800486618
2013-02-14,0.30807600950118763
2013-02-15,0.3418181818181818
2013-02-19,0.3424690759155955
2013-02-20,0.3105413105413106
2013-02-21,0.2592938975917698
2013-02-22,0.23155929038281964
2013-02-25,0.2332547169811321
2013-02-26,0.28888888888888875
2013-02-27,0.3083552789083073
2013-02-28,0.33544149841887627
2013-03-01,0.32501781895937265
2013-03-04,0.3299384178114637
2013-03-05,0.3210858881348
2013-03-06,0.3506616257088846
2013-03-07,0.3784110118328907
2013-03-08,0.4389700420896261
2013-03-11,0.4103062712688381
2013-03-12,0.3863527150408459
2013-03-13,0.3860204578665367
2013-03-14,0.39724680432645054
2013-03-15,0.397040989570701
2013-03-18,0.39219015280135827
2013-03-19,0.3392687559354226
2013-03-20,0.33192587379779503
2013-03-21,0.3255977496483826
2013-03-22,0.3616614943900691
2013-03-25,0.3521460754090586
2013-03-26,0.3868508813720821
2013-03-27,0.40052418394091016
2013-03-28,0.36761992619926187
2013-04-01,0.38119499768411313
2013-04-02,0.40272236564186814
2013-04-03,0.3732147038164364
2013-04-04,0.3397968605724837
2013-04-05,0.31638674534725375
2013-04-08,0.35193231191401786
2013-04-09,0.37284583139264105
2013-04-10,0.3658878504672898
2013-04-11,0.42448785135778944
2013-04-12,0.47777777777777786
2013-04-15,0.4373339773001692
2013-04-16,0.40928270042194104
2013-04-17,0.41899976070830336
2013-04-18,0.4007688611244593
2013-04-19,0.37983034872761556
2013-04-22,0.4267852849242606
2013-04-23,0.44648465812998306
2013-04-24,0.43268538516918653
2013-04-25,0.4636474908200734
2013-04-26,0.43802647412755724
2013-04-29,0.4242640075973412
2013-04-30,0.4190321079571895
2013-05-01,0.41208022388059695
2013-05-02,0.4814376921257981
2013-05-03,0.47771751945295926
2013-05-06,0.5168297923132013
2013-05-07,0.5192722049317691
2013-05-08,0.5433844678811122
2013-05-09,0.5258475595094974
2013-05-10,0.528343023255814
2013-05-13,0.5451414514145143
2013-05-14,0.5582075012177299
2013-05-15,0.5730694037145649
2013-05-16,0.6189873417721519
2013-05-17,0.6371384297520661
2013-05-20,0.5824847250509164
2013-05-21,0.6241593378168651
2013-05-22,0.6471663619744059
2013-05-23,0.6277992277992277
2013-05-24,0.6323337679269883
2013-05-28,0.607951553449184
2013-05-29,0.5989189189189188
2013-05-30,0.5879978471474705
2013-05-31,0.5144281217208815
2013-06-03,0.41717955579341726
2013-06-04,0.4231584525702172
2013-06-05,0.4132870864461047
2013-06-06,0.3369478973816449
2013-06-07,0.3771141649048624
2013-06-10,0.33823529411764697
2013-06-11,0.30226570545829023
2013-06-12,0.31934673366834176
2013-06-13,0.3629383158433581
2013-06-14,0.3249876053544869
2013-06-17,0.32751309553504604
2013-06-18,0.2959133431806993
2013-06-19,0.254839500122519
2013-06-20,0.17091268859757625
2013-06-21,0.16851494696239167
2013-06-24,0.11491501077328214
2013-06-25,0.1385876114726441
2013-06-26,0.16662682285441077
2013-06-27,0.2211981566820278
2013-06-28,0.1986692015209126
2013-07-01,0.17908343125734438
2013-07-02,0.1721194879089616
2013-07-03,0.09839449541284395
2013-07-05,0.08980248047772177
2013-07-08,0.06074342701722579
2013-07-09,0.09974660216539988
2013-07-10,0.06034878384580078
2013-07-11,0.10002304678497342
2013-07-12,0.10426214482126483
2013-07-15,0.13622924721400964
2013-07-16,0.1624423963133641
2013-07-17,0.179481294468671
2013-07-18,0.16662857142857135
2013-07-19,0.1477530640036313
2013-07-22,0.1552
2013-07-23,0.15410958904109595
2013-07-24,0.13631076994649916
2013-07-25,0.1645689859890762
2013-07-26,0.1461046649301445
2013-07-29,0.12377393741242404
2013-07-30,0.10105546822366951
2013-07-31,0.0463023919245118
2013-08-01,0.06596306068601576
2013-08-02,0.09543937708565076
2013-08-05,0.09499214013024915
2013-08-06,0.09903000225580882
2013-08-07,0.03603020496224385
2013-08-08,0.053093555983729335
2013-08-09,0.07339847991313797
2013-08-12,0.09116684841875689
2013-08-13,0.0924627519719543
2013-08-14,0.07926565874730018
2013-08-15,0.06623093681917203
2013-08-16,0.07776292335115853
2013-08-19,0.027300748568912292
2013-08-20,0.019991308126901197
2013-08-21,-0.0360634368889855
2013-08-22,-0.05547095932129642
2013-08-23,-0.05428200692041529
2013-08-26,-0.06987179487179485
2013-08-27,-0.11886751674951368
2013-08-28,-0.11957694798186913
2013-08-29,-0.10598179453836154
2013-08-30,-0.10647544545849641
2013-09-03,-0.10028402883985155
2013-09-04,-0.07928445229681991
2013-09-05,-0.10685049547608794
2013-09-06,-0.09452201933404936
2013-09-09,-0.045677694770544286
2013-09-10,-0.03802281368821303
2013-09-11,-0.047222800083212
2013-09-12,-0.04015215553677087
2013-09-13,-0.05457967377666251
2013-09-16,-0.008376963350785305
2013-09-17,-0.010620574760516588
2013-09-18,0.05090071219103476
2013-09-19,0.0883525708289612
2013-09-20,0.05070004242681381
2013-09-23,0.04725415070242667
2013-09-24,0.03314212874442335
2013-09-25,0.008825383483925142
2013-09-26,0.00614276636305866
2013-09-27,-0.011028632025450569
2013-09-30,-0.0019177498401874438
2013-10-01,0.03679424825544508
2013-10-02,0.045972073039742156
2013-10-03,0.02642233113147241
2013-10-04,0.03846153846153855
2013-10-07,0.03993987545630229
2013-10-08,0.004261666311527801
2013-10-09,0.02029047415634344
2013-10-10,0.043561410964725766
2013-10-11,0.05275523280649286
2013-10-14,0.05003166561114636
2013-10-15,0.013783172186792925
2013-10-16,0.024289831206257606
2013-10-17,0.030327868852459083
2013-10-18,0.029082774049216997
2013-10-21,0.021418468377449873
2013-10-22,0.038430420711974334
2013-10-23,0.025703298927342688
2013-10-24,0.005997600959616101
2013-10-25,0.024385328496574044
2013-10-28,0.03150242326332786
2013-10-29,0.026331658291457227
2013-10-30,0.005439161966156236
2013-10-31,-0.028141101862861673
2013-11-01,-0.06503115264797499
2013-11-04,-0.045986124876114975
2013-11-05,-0.10178018575851389
2013-11-06,-0.09117305458768865
2013-11-07,-0.07976307996051335
2013-11-08,-0.09731740747992945
2013-11-11,-0.11685748124753248
2013-11-12,-0.1169894190457178
2013-11-13,-0.10113478001194498
2013-11-14,-0.05567883800685891
2013-11-15,-0.06019999999999992
2013-11-18,-0.048354735152488004
2013-11-19,-0.05508644953759556
2013-11-20,-0.06400481540930991
2013-11-21,-0.04395381810816279
2013-11-22,-0.04076738609112707
2013-11-25,-0.05439082278481011
2013-11-26,-0.057046979865771674
2013-11-27,-0.07763183689472652
2013-11-29,-0.07234789391575669
2013-12-02,-0.09966971051097717
2013-12-03,-0.13352490421455954
2013-12-04,-0.14578630549285176
2013-12-05,-0.16352436064961728
2013-12-06,-0.13001124016485588
2013-12-09,-0.1354418604651163
2013-12-10,-0.13583441138421737
2013-12-11,-0.15910766961651923
2013-12-12,-0.16739766081871343
2013-12-13,-0.1514480723113817
2013-12-16,-0.13041867358280845
2013-12-17,-0.18746584077245398
2013-12-18,-0.18289353958143773
2013-12-19,-0.20862513822336892
2013-12-20,-0.22594296228150879
2013-12-23,-0.23324646314221897
2013-12-24,-0.21596591961474354
2013-12-26,-0.27685269899359555
2013-12-27,-0.30050687907313545
2013-12-30,-0.2575068243858054
2013-12-31,-0.272514830127629
2014-01-02,-0.30967970270748546
2014-01-03,-0.314204746723344
2014-01-06,-0.2927608232789213
2014-01-07,-0.28893190216434983
2014-01-08,-0.30506083583142307
2014-01-09,-0.31988171855974956
2014-01-10,-0.3043704474505723
2014-01-13,-0.3217376254759433
2014-01-14,-0.3193779904306221
2014-01-15,-0.32329931972789117
2014-01-16,-0.3533633784009347
2014-01-17,-0.38335517693315857
2014-01-21,-0.3814772166474749
2014-01-22,-0.3730093580692826
2014-01-23,-0.40350302831887386
2014-01-24,-0.4290873276428102
2014-01-27,-0.3988005997001499
2014-01-28,-0.3730695818150269
2014-01-29,-0.4011309115832762
2014-01-30,-0.3677996422182468
2014-01-31,-0.37351322563465295
2014-02-03,-0.4099411153446484
2014-02-04,-0.3732751091703056
2014-02-05,-0.37309511297950615
2014-02-06,-0.34693877551020413
2014-02-07,-0.3281930333817126
2014-02-10,-0.33765532144786603
2014-02-11,-0.30805948228382596
2014-02-12,-0.3248234655078761
2014-02-13,-0.3238318600036082
2014-02-14,-0.30779008534592345
2014-02-18,-0.3221318879855465
2014-02-19,-0.3411020776874436
2014-02-20,-0.3282608695652175
2014-02-21,-0.30337913108057923
2014-02-24,-0.29245640636846093
2014-02-25,-0.31478294128896545
2014-02-26,-0.3461253244345568
2014-02-27,-0.33888380603842627
2014-02-28,-0.3398907103825136
2014-03-03,-0.36847767616998395
2014-03-04,-0.35102404274265364
2014-03-05,-0.34791851195748447
2014-03-06,-0.3416724982505247
2014-03-07,-0.3558163980378416
2014-03-10,-0.3743977976600138
2014-03-11,-0.3852119958634953
2014-03-12,-0.36897746967071066
2014-03-13,-0.36953083816552446
2014-03-14,-0.3603096410978185
2014-03-17,-0.35711805555555554
2014-03-18,-0.33588850174216034
2014-03-19,-0.34266973940790635
2014-03-20,-0.33867558999647773
2014-03-21,-0.35013262599469497
2014-03-24,-0.3586956521739131
2014-03-25,-0.343914415994388
2014-03-26,-0.3306423909309516
2014-03-27,-0.3336168764886015
2014-03-28,-0.32630691399662726
2014-03-31,-0.30684104627766595
2014-04-01,-0.29011209636941615
2014-04-02,-0.2736572890025575
2014-04-03,-0.2560303239145417
2014-04-04,-0.25172413793103454
2014-04-07,-0.2564276048714479
2014-04-08,-0.2329092451229856
2014-04-09,-0.23605884365378038
2014-04-10,-0.2657190635451505
2014-04-11,-0.2611528822055138
2014-04-14,-0.2510080645161291
2014-04-15,-0.2792747837658017
2014-04-16,-0.26087689713322093
2014-04-17,-0.23327615780445965
2014-04-21,-0.24351092896174875
2014-04-22,-0.2601954836535222
2014-04-23,-0.2742608986136629
2014-04-24,-0.26901172529313233
2014-04-25,-0.2783074092657635
2014-04-28,-0.2632635983263598
2014-04-29,-0.26671111851975327
2014-04-30,-0.25905886210854245
2014-05-01,-0.24921552436003302
2014-05-02,-0.2681564245810055
2014-05-05,-0.26791128131482367
2014-05-06,-0.2735284859930752
2014-05-07,-0.26536400882445643
2014-05-08,-0.2708495107936014
2014-05-09,-0.26142451938228806
2014-05-12,-0.2505943889681408
2014-05-13,-0.24534309823276557
2014-05-14,-0.2603938730853391
2014-05-15,-0.283517166381855
2014-05-16,-0.27756059421422985
2014-05-19,-0.2703896513645685
2014-05-20,-0.26463963963963955
2014-05-21,-0.2514731645166428
2014-05-22,-0.23450134770889486
2014-05-23,-0.23814041745730552
2014-05-27,-0.23897763578274767
2014-05-28,-0.2118879973800556
2014-05-29,-0.16886409736308305
2014-05-30,-0.17522453821386197
2014-06-02,-0.1643859345227784
2014-06-03,-0.08969033232628398
2014-06-04,-0.10705641407559119
2014-06-05,-0.06305455918444391
2014-06-06,-0.0067260138476754605
2014-06-09,-0.0347342160813664
2014-06-10,-0.017736649315596598
2014-06-11,-0.04507710557532629
2014-06-12,-0.07636640639878112
2014-06-13,-0.09502347417840384
2014-06-16,-0.12815715622076707
2014-06-17,-0.11537016159338598
2014-06-18,-0.08757598784194531
2014-06-19,-0.06639328256199961
2014-06-20,0.006125897760878685
2014-06-23,-0.006808335052609804
2014-06-24,0.017607902082885873
2014-06-25,0.019686706181202274
2014-06-26,-0.022131147540983553
2014-06-27,-0.04309831181727908
2014-06-30,-0.049563838223632084
2014-07-01,-0.06358381502890187
2014-07-02,-0.05258899676375395
2014-07-03,-0.009814157444142824
2014-07-07,0.01538461538461533
2014-07-08,0.030128205128205243
2014-07-09,0.020946795140343477
2014-07-10,0.04154944817139161
2014-07-11,0.018646553530274446
2014-07-14,0.02573147956007471
2014-07-15,-0.008807045636509137
2014-07-16,-0.0033696729435084283
2014-07-17,-0.051761043004475704
2014-07-18,-0.017437304075235138
2014-07-21,-0.005141388174807138
2014-07-22,0.003165809259992214
2014-07-23,0.014441147378832841
2014-07-24,0.06018423746161705
2014-07-25,0.0591353996737356
2014-07-28,0.07706611570247945
2014-07-29,0.06691604322527023
2014-07-30,0.02671833571282889
2014-07-31,0.0388003355704698
2014-08-01,0.028877887788778978
2014-08-04,0.01441917140536142
2014-08-05,-0.009023789991796538
2014-08-06,-0.02504105090311981
2014-08-07,-0.025406080799666886
2014-08-08,-0.021142508639967472
2014-08-11,-0.0572526805583653
2014-08-12,-0.06656006396162295
2014-08-13,-0.06458082631367823
2014-08-14,-0.06363818290974588
2014-08-15,-0.06436452799346137
2014-08-18,-0.03886706636344828
2014-08-19,0.016930990141448943
2014-08-20,-0.005965061780997094
2014-08-21,0.054541356772594085
2014-08-22,0.0750806080147397
2014-08-25,0.08003658815458503
2014-08-26,0.10774178727314498
2014-08-27,0.18886436104979132
2014-08-28,0.1875459671488109
2014-08-29,0.1602424242424243
2014-09-02,0.16099221789883278
2014-09-03,0.17848470131131622
2014-09-04,0.17438234588630386
2014-09-05,0.19392185238784365
2014-09-08,0.15848161328588373
2014-09-09,0.04831133974502344
2014-09-10,0.03403601229688191
2014-09-11,0.008733624454148492
2014-09-12,-0.00638485248789078
2014-09-15,-0.0008847600088476293
2014-09-16,-0.018796198521647267
2014-09-17,-0.03978109871605984
2014-09-18,-0.10344827586206906
2014-09-19,-0.1498264558426532
2014-09-22,-0.10963052695336162
2014-09-23,-0.10914634146341473
2014-09-24,-0.09870450339296744
2014-09-25,-0.11414288689856278
2014-09-26,-0.1035789473684211
2014-09-29,-0.09393094574308392
2014-09-30,-0.0958582408198122
2014-10-01,-0.1552110952478074
2014-10-02,-0.13657835284452657
2014-10-03,-0.1349387585634212
2014-10-06,-0.134920634920635
2014-10-07,-0.13772455089820368
2014-10-08,-0.10439210693825596
2014-10-09,-0.11346033075151774
2014-10-10,-0.15943799633475864
2014-10-13,-0.140596469872185
2014-10-14,-0.14575794129473263
2014-10-15,-0.13474025974025972
2014-10-16,-0.1438906752411575
2014-10-17,-0.13782816229116945
2014-10-20,-0.13339920948616601
2014-10-21,-0.116320474777448
2014-10-22,-0.13478768991040124
2014-10-23,-0.09984214680347281
2014-10-24,-0.08545310015898244
2014-10-27,-0.09876057446389919
2014-10-28,-0.07889584964761165
2014-10-29,-0.08323540932236584
2014-10-30,-0.05790422760969738
2014-10-31,-0.04893964110929849
2014-11-03,-0.04789670970428994
2014-11-04,-0.03469769374610432
2014-11-05,-0.022404136148211906
2014-11-06,-0.059637912673056515
2014-11-07,-0.04526925552456551
2014-11-10,-0.037960954446854656
2014-11-11,-0.00335270451497538
2014-11-12,0.02961790639837214
2014-11-13,0.023477297895902582
2014-11-14,0.004486220892971682
2014-11-17,-0.009576505639497856
2014-11-18,-0.0027408812987561593
2014-11-19,0.004680851063829872
2014-11-20,0.02529474812433019
2014-11-21,0.026483050847457612
2014-11-24,0.004375000000000018
2014-11-25,0.007111482953356951
2014-11-26,0.027841741678877874
2014-11-28,0.057810839532412395
2014-12-01,0.048139583771284356
2014-12-02,0.059991368148467616
2014-12-03,0.07892991377404379
2014-12-04,0.09579387800044037
2014-12-05,0.08480249944208884
2014-12-08,0.03143841515934542
2014-12-09,0.02517753389283417
2014-12-10,0.011120615911035081
2014-12-11,0.03836877877658407
2014-12-12,0.0114135206321333
2014-12-15,-0.04391304347826097
2014-12-16,-0.07818491691521079
2014-12-17,0.011659192825111964
2014-12-18,0.03006681514476628
2014-12-19,0.0826734979040522
2014-12-22,0.12312811980033267
2014-12-23,0.138383102694829
2014-12-24,0.11622962437987239
2014-12-26,0.186487854251012
2014-12-29,0.20082815734989645
2014-12-30,0.13921568627450975
2014-12-31,0.1578947368421053
2015-01-02,0.19046398359395034
2015-01-05,0.2102272727272727
2015-01-06,0.18640240842950329
2015-01-07,0.18485523385300695
2015-01-08,0.2400405988327836
2015-01-09,0.25268542199488486
2015-01-12,0.22687609075043635
2015-01-13,0.25465680020413384
2015-01-14,0.232990208385639
2015-01-15,0.2123649158079921
2015-01-16,0.25684047496128026
2015-01-20,0.30100956429330505
2015-01-21,0.3252659574468084
2015-01-22,0.3330714846818539
2015-01-23,0.358397365532382
2015-01-26,0.4330074755606672
2015-01-27,0.36436686062621226
2015-01-28,0.33656241350678084
2015-01-29,0.3510729613733905
2015-01-30,0.30333899264289754
2015-02-02,0.3442901671861718
2015-02-03,0.38127384796008235
2015-02-04,0.23439241917502773
2015-02-05,0.25342274378317975
2015-02-06,0.17483836206896552
2015-02-09,0.18174453146097758
2015-02-10,0.15959760739532358
2015-02-11,0.1329265057044311
2015-02-12,0.20461249664789505
2015-02-13,0.1971718249733192
2015-02-17,0.16290661070304302
2015-02-18,0.19722814498933894
2015-02-19,0.23306827529476282
2015-02-20,0.21332254584681776
2015-02-23,0.18923240938166286
2015-02-24,0.21135815697830163
2015-02-25,0.24504605079542285
2015-02-26,0.24553444853983541
2015-02-27,0.18433434818710204
2015-03-02,0.18294701986754958
2015-03-03,0.20471323111868256
2015-03-04,0.11498353457738753
2015-03-05,0.06492800869328996
2015-03-06,0.034281158650013355
2015-03-09,0.07397334783791121
2015-03-10,0.039328932893289315
2015-03-11,0.07232968881412938
2015-03-12,0.05795111233177708
2015-03-13,0.03762541806020048
2015-03-16,0.049779977997799874
2015-03-17,0.06076154469349171
2015-03-18,0.05902413431269671
2015-03-19,0.07820927723840332
2015-03-20,0.09294274300932104
2015-03-23,0.1472108843537414
2015-03-24,0.12903225806451601
2015-03-25,0.08313285217856214
2015-03-26,0.025404157043879882
2015-03-27,0.013020168496298057
2015-03-30,0.014518147684605687
2015-03-31,-0.03144654088050325
2015-04-01,-0.055856705161442366
2015-04-02,-0.04201877934272302
2015-04-06,-0.025937934228809523
2015-04-07,-0.05437788018433176
2015-04-08,-0.060509554140127486
2015-04-09,-0.08558160106147716
2015-04-10,-0.08172861621137484
2015-04-13,-0.10179913459348666
2015-04-14,-0.10040705563093621
2015-04-15,-0.12427097353073124
2015-04-16,-0.08262174013385637
2015-04-17,-0.08966461327857633
2015-04-20,-0.1178970917225951
2015-04-21,-0.08668171557562065
2015-04-22,-0.08701594533029611
2015-04-23,-0.06812428078250865
2015-04-24,-0.0662236480293309
2015-04-27,-0.03337195828505213
2015-04-28,-0.044070876874148235
2015-04-29,-0.04978404182768825
2015-04-30,-0.10444788670059746
2015-05-01,-0.11108666959964808
2015-05-04,-0.12061068702290079
2015-05-05,-0.13164777680906714
2015-05-06,-0.14233102253032914
2015-05-07,-0.13942513942513945
2015-05-08,-0.13333333333333341
2015-05-11,-0.1303605717943247
2015-05-12,-0.11928934010152281
2015-05-13,-0.10400843881856536
2015-05-14,-0.07269653423499578
2015-05-15,-0.040112749349522914
2015-05-18,-0.03722943722943739
2015-05-19,-0.04410810810810806
2015-05-20,-0.03544082257711656
2015-05-21,-0.07680851063829786
2015-05-22,-0.11288318144159082
2015-05-26,-0.14777916147779158
2015-05-27,-0.12489504617968095
2015-05-28,-0.14356949927280294
2015-05-29,-0.17876754118364857
2015-06-01,-0.19395931785494158
2015-06-02,-0.1772388059701493
2015-06-03,-0.1590956233146651
2015-06-04,-0.16472060050041704
2015-06-05,-0.1928269192020955
2015-06-08,-0.2549292969527983
2015-06-09,-0.2606361829025845
2015-06-10,-0.24769381746810604
2015-06-11,-0.19213250517598335
2015-06-12,-0.1997938144329896
2015-06-15,-0.21249221830255227
2015-06-16,-0.17725321888412016
2015-06-17,-0.16971112999150373
2015-06-18,-0.1788465542369353
2015-06-19,-0.1685839782472287
2015-06-22,-0.14423682553012818
2015-06-23,-0.15621105110095557
2015-06-24,-0.14138003798269683
2015-06-25,-0.15258459622171483
2015-06-26,-0.146479463537301
2015-06-29,-0.18866749688667495
2015-06-30,-0.16812682519816424
2015-07-01,-0.1577266922094508
2015-07-02,-0.15328778821520084
2015-07-06,-0.15584141712357658
2015-07-07,-0.16936488169364872
2015-07-08,-0.19601742377100195
2015-07-09,-0.18855149774312685
2015-07-10,-0.15707458965302312
2015-07-13,-0.15775401069518702
2015-07-14,-0.16771191584058265
2015-07-15,-0.1797253634894993
2015-07-16,-0.19272076372315028
2015-07-17,-0.16170736712497424
2015-07-20,-0.2147557328015951
2015-07-21,-0.2178493341284039
2015-07-22,-0.23293885601577913
2015-07-23,-0.2710608424336973
2015-07-24,-0.2761150801312994
2015-07-27,-0.30188679245283023
2015-07-28,-0.29100326107807406
2015-07-29,-0.280093494351383
2015-07-30,-0.2701628923321414
2015-07-31,-0.2333939026852413
2015-08-03,-0.26242983159583
2015-08-04,-0.26566566566566574
2015-08-05,-0.24565397350993368
2015-08-06,-0.2210526315789474
2015-08-07,-0.21346153846153837
2015-08-10,-0.24029075804776745
2015-08-11,-0.19763948497854078
2015-08-12,-0.21006423982869382
2015-08-13,-0.23670668953687823
2015-08-14,-0.23723017738833085
2015-08-17,-0.23411225158331517
2015-08-18,-0.2624220262422027
2015-08-19,-0.29167544783983146
2015-08-20,-0.2839691384483498
2015-08-21,-0.30775806796324
2015-08-24,-0.3196229648671808
2015-08-25,-0.3319923777260215
2015-08-26,-0.30630443799253415
2015-08-27,-0.29482153909634823
2015-08-28,-0.310900082576383
2015-08-31,-0.2941913915587129
2015-09-01,-0.31943862589023875
2015-09-02,-0.31980218421594897
2015-09-03,-0.3431372549019609
2015-09-04,-0.3662626262626263
2015-09-08,-0.3561335244726602
2015-09-09,-0.34926392148495833
2015-09-10,-0.33807602463368025
2015-09-11,-0.3311688311688312
2015-09-14,-0.32107245734544654
2015-09-15,-0.29532875802523806
2015-09-16,-0.30111924235901855
2015-09-17,-0.28189390618149934
2015-09-18,-0.28523788350377943
2015-09-21,-0.25221138580176916
2015-09-22,-0.26281179138322
2015-09-23,-0.2731006160164271
2015-09-24,-0.2731006160164271
2015-09-25,-0.25276275570185747
2015-09-28,-0.2689055894786284
2015-09-29,-0.2494674556213018
2015-09-30,-0.23778040141676504
2015-10-01,-0.22525350072428774
2015-10-02,-0.2048049476688868
2015-10-05,-0.18214542836573078
2015-10-06,-0.19524817689955298
2015-10-07,-0.15732758620689657
2015-10-08,-0.14546316038853357
2015-10-09,-0.15655253837072025
2015-10-12,-0.14268410852713176
2015-10-13,-0.18484419263456087
2015-10-14,-0.16215580136502705
2015-10-15,-0.150093808630394
2015-10-16,-0.15892018779342731
2015-10-19,-0.17277970011534027
2015-10-20,-0.17537058152793628
2015-10-21,-0.194985448847101
2015-10-22,-0.17334533993696544
2015-10-23,-0.21021481806225328
2015-10-26,-0.22077357670578013
2015-10-27,-0.22920759659462997
2015-10-28,-0.26057385759829965
2015-10-29,-0.2661824396496475
2015-10-30,-0.24351339855380694
2015-11-02,-0.16423670668953694
2015-11-03,-0.15135608048993876
2015-11-04,-0.18704261730520877
2015-11-05,-0.16438959894226535
2015-11-06,-0.16126840317100788
2015-11-09,-0.1813483146067416
2015-11-10,-0.17091319052987597
2015-11-11,-0.16371383718322507
2015-11-12,-0.18225735617039962
2015-11-13,-0.19259900454447088
2015-11-16,-0.2077839217354318
2015-11-17,-0.20348087666523418
2015-11-18,-0.2133192389006342
2015-11-19,-0.21389241846675144
2015-11-20,-0.22078193602341623
2015-11-23,-0.2454076367389061
2015-11-24,-0.27421696743414226
2015-11-25,-0.2782969885773624
2015-11-27,-0.3138492871690428
2015-11-30,-0.32007233273056057
2015-12-01,-0.30505415162454874
2015-12-02,-0.3023208469055374
2015-12-03,-0.30225409836065575
2015-12-04,-0.32315112540192925
2015-12-07,-0.3188644311869986
2015-12-08,-0.30960334029227554
2015-12-09,-0.3039462636439967
2015-12-10,-0.31831641285956014
2015-12-11,-0.3513513513513513
2015-12-14,-0.32986111111111116
2015-12-15,-0.27557980900409274
2015-12-16,-0.24035128264386418
2015-12-17,-0.27748226950354604
2015-12-18,-0.29556756756756764
2015-12-21,-0.28909442890944304
2015-12-22,-0.30328042328042326
2015-12-23,-0.2881211345702708
2015-12-24,-0.29735449735449726
2015-12-28,-0.28577521859671573
2015-12-29,-0.28275862068965507
2015-12-30,-0.2958261617900172
2015-12-31,-0.3143405889884763
2016-01-04,-0.32795004306632214
2016-01-05,-0.33696116090482287
2016-01-06,-0.3467963628674138
2016-01-07,-0.35421888053467
2016-01-08,-0.3842848373235114
2016-01-11,-0.37545937117190686
2016-01-12,-0.373907742328795
2016-01-13,-0.3729916615822657
2016-01-14,-0.36550600692323354
2016-01-15,-0.37106135986733
2016-01-19,-0.37851714931197367
2016-01-20,-0.3839085154176025
2016-01-21,-0.40437487457355004
2016-01-22,-0.3971714790807306
2016-01-25,-0.39050505050505047
2016-01-26,-0.3709871589085072
2016-01-27,-0.36311941510966694
2016-01-28,-0.33733692275833504
2016-01-29,-0.30410842863193566
2016-02-01,-0.2900564481111594
2016-02-02,-0.3322091062394603
2016-02-03,-0.28878028049298776
2016-02-04,-0.2483630616391962
2016-02-05,-0.2628176549264378
2016-02-08,-0.26186654437055723
2016-02-09,-0.2737659963436928
2016-02-10,-0.25674091441969515
2016-02-11,-0.2608899297423889
2016-02-12,-0.29029385574354416
2016-02-16,-0.301983507911745
2016-02-17,-0.2722761109857884
2016-02-18,-0.2813891362422084
2016-02-19,-0.2806315321325328
2016-02-22,-0.2547232718381862
2016-02-23,-0.2554908112953832
2016-02-24,-0.2611676249447148
2016-02-25,-0.24366733916162286
2016-02-26,-0.2615524698383793
2016-02-29,-0.22598738022902554
2016-03-01,-0.2029391182645206
2016-03-02,-0.1812396888993636
2016-03-03,-0.1405365493477726
2016-03-04,-0.10357142857142865
2016-03-07,-0.10123329907502576
2016-03-08,-0.11395289946821985
2016-03-09,-0.05583487695157452
2016-03-10,-0.06352941176470583
2016-03-11,-0.049844236760124616
2016-03-14,-0.014235831318828773
2016-03-15,-0.055541000785957695
2016-03-16,-0.05931771894093685
2016-03-17,-0.06341342581124587
2016-03-18,-0.04652326163081544
2016-03-21,-0.0657894736842104
2016-03-22,-0.11148007590132814
2016-03-23,-0.11162227602905572
2016-03-24,-0.07847976307996052
2016-03-28,-0.06481481481481488
2016-03-29,-0.032258064516129115
2016-03-30,-0.05354058721934374
2016-03-31,-0.03246753246753242
2016-04-01,-0.03594608087868212
2016-04-04,-0.043371722617005726
2016-04-05,-0.08678078934854982
2016-04-06,-0.06457115009746583
2016-04-07,-0.09346246973365613
2016-04-08,-0.0776299879081016
2016-04-11,-0.043160204828090576
2016-04-12,0.002535496957403627
2016-04-13,0.006033182503770718
2016-04-14,0.027151639344262346
2016-04-15,0.0007547169811321641
2016-04-18,0.012531328320801949
2016-04-19,0.03068729393862535
2016-04-20,0.005684626791893077
2016-04-21,0.0017465069860278515
2016-04-22,-0.014818473697209233
2016-04-25,-0.023067484662576576
2016-04-26,-0.025413569887317244
2016-04-27,-0.03778517110266155
2016-04-28,-0.03540669856459322
2016-04-29,0.003459352606869359
2016-05-02,-0.00940361296708725
2016-05-03,-0.06101190476190477
2016-05-04,-0.12725903614457834
2016-05-05,-0.10305632735539294
2016-05-06,-0.11216350947158527
2016-05-09,-0.1314819365937575
2016-05-10,-0.13052011776251227
2016-05-11,-0.15249759846301636
2016-05-12,-0.17447610077701903
2016-05-13,-0.21399270738377396
2016-05-16,-0.22520894510955514
2016-05-17,-0.2261690647482013
2016-05-18,-0.23094322551458946
2016-05-19,-0.2354275345883421
2016-05-20,-0.21594837520165933
2016-05-23,-0.20803175344384772
2016-05-24,-0.12713102776424745
2016-05-25,-0.14583833053490047
2016-05-26,-0.14022319262493943
2016-05-27,-0.1324913323427439
2016-05-31,-0.10655110884527152
2016-06-01,-0.12043335852859671
2016-06-02,-0.14454859398125308
2016-06-03,-0.09810284573140293
2016-06-06,-0.09535696455317022
2016-06-07,-0.03715584068430888
2016-06-08,-0.019360043022317752
2016-06-09,-0.0584398643360291
2016-06-10,-0.10533059969246561
2016-06-13,-0.10177789229580014
2016-06-14,-0.08695652173913049
2016-06-15,-0.08946270213875862
2016-06-16,-0.11997953440777709
2016-06-17,-0.1229716024340769
2016-06-20,-0.10666666666666669
2016-06-21,-0.12217860647693812
2016-06-22,-0.12136878385032002
2016-06-23,-0.08921110838043733
2016-06-24,-0.16585007349338565
2016-06-27,-0.15811441198134046
2016-06-28,-0.09414172422614497
2016-06-29,-0.10682046138415258
2016-06-30,-0.09476876421531466
2016-07-01,-0.09430156328794748
2016-07-05,-0.121159130652011
2016-07-06,-0.11894052973513258
2016-07-07,-0.09339525283797723
2016-07-08,-0.08091024020227555
2016-07-11,-0.09834853339906335
2016-07-12,-0.0776556776556776
2016-07-13,-0.08458920758386013
2016-07-14,-0.05096011816838997
2016-07-15,-0.07415619610741575
2016-07-18,-0.13757649938800498
2016-07-19,-0.15083798882681576
2016-07-20,-0.172299872935197
2016-07-21,-0.1859089740293135
2016-07-22,-0.1492776886035313
2016-07-25,-0.12510002667377984
2016-07-26,-0.10011031439602858
2016-07-27,-0.09307359307359298
2016-07-28,-0.08955627705627711
2016-07-29,-0.06913445835601517
2016-08-01,-0.09454832762707388
2016-08-02,-0.07366132101114431
2016-08-03,-0.08642311886586695
2016-08-04,-0.06886145404663935
2016-08-05,-0.07945945945945943
2016-08-08,-0.04835642488454228
2016-08-09,-0.03171131765992341
2016-08-10,-0.05108317732013923
2016-08-11,-0.022228246137164565
2016-08-12,0.0008426966292134352
2016-08-15,0.005323620061641998
2016-08-16,0.015968063872255467
2016-08-17,0.04899387576552927
2016-08-18,0.06545670931270453
2016-08-19,0.0733313379227778
2016-08-22,0.09323865390552633
2016-08-23,0.09351385390428191
2016-08-24,0.09984152139461178
2016-08-25,0.052615844544095625
2016-08-26,0.016968987712112193
2016-08-29,0.04134212103055712
2016-08-30,0.02072232089994075
2016-08-31,0.05570944906124953
2016-09-01,0.04483489851560152
2016-09-02,0.09141791044776126
2016-09-06,0.14536181064711506
2016-09-07,0.13199745547073793
2016-09-08,0.15639344262295096
2016-09-09,0.10490856592877762
2016-09-12,0.1174757281553398
2016-09-13,0.10509138381201044
2016-09-14,0.05969211435752442
2016-09-15,0.05605174006775493
2016-09-16,0.04548229548229554
2016-09-19,0.08211508553654756
2016-09-20,0.04852896572641807
2016-09-21,0.09996924023377418
2016-09-22,0.1437539234149403
2016-09-23,0.1343377275580666
2016-09-26,0.08149779735682805
2016-09-27,0.12303244458721507
2016-09-28,0.10848312835067797
2016-09-29,0.05669144981412644
2016-09-30,0.0657525708943596
2016-10-03,0.027520191444809994
2016-10-04,-0.017899061032863872
2016-10-05,-0.0008769365682549379
2016-10-06,-0.02074452969593621
2016-10-07,-0.051289159966731446
2016-10-10,-0.04759238521836495
2016-10-11,-0.04605820853348408
2016-10-12,-0.024905878945844173
2016-10-13,-0.057303370786516816
2016-10-14,-0.07836644591611486
2016-10-17,-0.06949483672899792
2016-10-18,-0.056051310652537545
2016-10-19,-0.04286504424778759
2016-10-20,-0.03837597330367082
2016-10-21,-0.06372549019607832
2016-10-24,-0.040521787399389386
2016-10-25,-0.036809815950920255
2016-10-26,-0.024355706598697235
2016-10-27,-0.03104340327680366
2016-10-28,-0.024454148471615866
2016-10-31,-0.05116671352263147
2016-11-01,-0.15649050795279618
2016-11-02,-0.14793814432989683
2016-11-03,-0.13158591474715398
2016-11-04,-0.17246835443037978
2016-11-07,-0.12962462867944924
2016-11-08,-0.1026626406807577
2016-11-09,-0.14495512646178954
2016-11-10,-0.17350496111558056
2016-11-11,-0.17454350161117083
2016-11-14,-0.19351380326990086
2016-11-15,-0.17744966442953014
2016-11-16,-0.18964121931480982
2016-11-17,-0.20451491534533728
2016-11-18,-0.19585129310344818
2016-11-21,-0.1947947410786155
2016-11-22,-0.17861050328227568
2016-11-23,-0.1537582166333239
2016-11-25,-0.16633093525179854
2016-11-28,-0.12733748886910057
2016-11-29,-0.13593380614657224
2016-11-30,-0.17027417027417024
2016-12-01,-0.19433907207470102
2016-12-02,-0.18267254038179148
2016-12-05,-0.17191211401425177
2016-12-06,-0.11386288130474176
2016-12-07,-0.08194738433625648
2016-12-08,-0.10826296743063923
2016-12-09,-0.10300961836798006
2016-12-12,-0.04296875
2016-12-13,-0.048251295336787514
2016-12-14,-0.10483364720652855
2016-12-15,-0.10526315789473673
2016-12-16,-0.09723926380368098
2016-12-19,-0.11418047882136273
2016-12-20,-0.1134644478063539
2016-12-21,-0.10874848116646418
2016-12-22,-0.1210305572198922
2016-12-23,-0.1216867469879519
2016-12-27,-0.135264257987459
2016-12-28,-0.1280048076923077
2016-12-29,-0.09471432936144208
2016-12-30,-0.08558979147214452
2017-01-03,-0.08939442486382565
2017-01-04,-0.08368200836820083
2017-01-05,-0.08222725801230168
2017-01-06,-0.09217335058214748
2017-01-09,-0.07909604519774005
2017-01-10,-0.11245505067015371
2017-01-11,-0.12009087958455045
2017-01-12,-0.07006162828413875
2017-01-13,-0.054236200256739475
2017-01-17,-0.03856295319709946
2017-01-18,-0.038003965631196346
2017-01-19,-0.05369572422936697
2017-01-20,-0.012466307277628097
2017-01-23,-0.03421309872922773
2017-01-24,-0.015246934040437532
2017-01-25,-0.07368421052631591
2017-01-26,-0.078125
2017-01-27,-0.09499999999999997
2017-01-30,-0.07486305538648819
2017-01-31,-0.07003058103975546
2017-02-01,-0.035037878787878785
2017-02-02,-0.07051090528831783
2017-02-03,-0.04415740462601381
2017-02-06,-0.0471726640459631
2017-02-07,-0.03789996893445169
2017-02-08,-0.005034612964128438
2017-02-09,0.012618296529968598
2017-02-10,0.0025348542458809575
2017-02-13,0.007528230865746499
2017-02-14,0.02490421455938696
2017-02-15,-0.0027898326100432858
2017-02-16,-0.011462205700123906
2017-02-17,0.00865533230293658
2017-02-21,-0.022069788249329036
2017-02-22,-0.006923540036122722
2017-02-23,-0.005986231667165387
2017-02-24,-0.03586247777119145
2017-02-27,-0.005856966707768141
2017-02-28,-0.03985507246376807
2017-03-01,-0.049458589405911746
2017-03-02,-0.08405296488198044
2017-03-03,-0.07731958762886604
2017-03-06,-0.07313602731929425
2017-03-07,-0.06117781589479687
2017-03-08,-0.10031437553586742
2017-03-09,-0.12864349775784756
2017-03-10,-0.11055276381909551
2017-03-13,-0.13196721311475412
2017-03-14,-0.1389645776566758
2017-03-15,-0.09625520110956998
2017-03-16,-0.1050067658998648
2017-03-17,-0.12324781803755624
2017-03-20,-0.12539349422875112
2017-03-21,-0.143453312467397
2017-03-22,-0.12279765082754945
2017-03-23,-0.10874897792313964
2017-03-24,-0.10980182110337444
2017-03-27,-0.11747390955311754
2017-03-28,-0.15833333333333333
2017-03-29,-0.15354535974973937
2017-03-30,-0.16339700567888504
2017-03-31,-0.16131538063179696
2017-04-03,-0.16880122950819665
2017-04-04,-0.16193699557406926
2017-04-05,-0.16540765824433445
2017-04-06,-0.1463675213675213
2017-04-07,-0.16360776088096496
2017-04-10,-0.16284403669724767
2017-04-11,-0.1595852301466869
2017-04-12,-0.15967016491754127
2017-04-13,-0.1793017456359104
2017-04-17,-0.17395676219205636
2017-04-18,-0.17004950495049498
2017-04-19,-0.1867618110236221
2017-04-20,-0.16269353649545337
2017-04-21,-0.1484433374844334
2017-04-24,-0.10955126598144893
2017-04-25,-0.10298919869379553
2017-04-26,-0.12398523985239851
2017-04-27,-0.11681896764633248
2017-04-28,-0.10739087301587302
2017-05-01,-0.11672001969958146
2017-05-02,-0.0986759930052461
2017-05-03,-0.056524035921817206
2017-05-04,0.011504170261719793
2017-05-05,0.011546043368065417
2017-05-08,-0.014879281302638825
2017-05-09,0.0
2017-05-10,0.023702031602709006
2017-05-11,0.016718617172003514
2017-05-12,0.02139189960068455
2017-05-15,0.06030733545955336
2017-05-16,0.06851311953352779
2017-05-17,0.040964555490993426
2017-05-18,0.03705882352941181
2017-05-19,0.07861168792643136
2017-05-22,0.07084068195179305
2017-05-23,0.08785377358490565
2017-05-24,0.03376116071428559
2017-05-25,0.03004773939904526
2017-05-26,0.032449209932280176
2017-05-30,0.055952041107621975
2017-05-31,0.06362339514978621
2017-06-01,0.07390432540819258
2017-06-02,0.09659746251441748
2017-06-05,0.038472183780791536
2017-06-06,0.04083885209713012
2017-06-07,0.0322043309272626
2017-06-08,0.032355360570331726
2017-06-09,0.03934607924632849
2017-06-12,0.09510169006015468
2017-06-13,0.09839357429718865
2017-06-14,0.11139971139971139
2017-06-15,0.08908622171297642
2017-06-16,0.1034883720930233
2017-06-19,0.10205261636311058
2017-06-20,0.06279921148972134
2017-06-21,0.06092789267747345
2017-06-22,0.08013449145418883
2017-06-23,0.03615758229897459
2017-06-26,0.14038179148311314
2017-06-27,0.11023622047244097
2017-06-28,0.09291160689070899
2017-06-29,0.07299270072992714
2017-06-30,0.0748185371300949
2017-07-03,0.061247216035634544
2017-07-05,0.07305287094940316
2017-07-06,0.05899035734543401
2017-07-07,0.06459874786567998
2017-07-10,0.040990371389270974
2017-07-11,0.05604155276107181
2017-07-12,0.045274027005559825
2017-07-13,0.05071694105151359
2017-07-14,0.043839169909208886
2017-07-17,0.07982969664715278
2017-07-18,0.1521430598921376
2017-07-19,0.23444976076555046
2017-07-20,0.25544980042984333
2017-07-21,0.2905874921036007
2017-07-24,0.2720125786163523
2017-07-25,0.2307926829268292
2017-07-26,0.254060680355501
2017-07-27,0.22285202863961806
2017-07-28,0.22228826151560188
2017-07-31,0.2023391812865496
2017-08-01,0.17771960442117507
2017-08-02,0.19483568075117375
2017-08-03,0.21575649059982105
2017-08-04,0.22274602239245733
2017-08-07,0.23370522607163835
2017-08-08,0.19012275192691974
2017-08-09,0.16798418972332008
2017-08-10,0.14317925591882763
2017-08-11,0.12475741613529245
2017-08-14,0.17148470390120685
2017-08-15,0.13795986622073575
2017-08-16,0.15015436429974716
2017-08-17,0.12399221573533503
2017-08-18,0.1440938285395139
2017-08-21,0.16815393195761308
2017-08-22,0.17961027958203912
2017-08-23,0.21652749784048386
2017-08-24,0.21440922190201728
2017-08-25,0.22238000568020433
2017-08-28,0.23791714614499426
2017-08-29,0.23906789413118545
2017-08-30,0.2482598607888633
2017-08-31,0.2504373177842567
2017-09-01,0.267033922876196
2017-09-05,0.21025641025641018
2017-09-06,0.1984414138602839
2017-09-07,0.21522899690924402
2017-09-08,0.2092429827048481
2017-09-11,0.2505807200929153
2017-09-12,0.23486823052418182
2017-09-13,0.2377436503248671
2017-09-14,0.2517047139045361
2017-09-15,0.23155438903470404
2017-09-18,0.1959124087591242
2017-09-19,0.16182811152630072
2017-09-20,0.15996528782181074
2017-09-21,0.11269574944071592
2017-09-22,0.09604829857299668
2017-09-25,0.06723851687880456
2017-09-26,0.14372999709048595
2017-09-27,0.08638443935926765
2017-09-28,0.10241820768136556
2017-09-29,0.13690999706830853
2017-10-02,0.13830409356725126
2017-10-03,0.1324599708879184
2017-10-04,0.167612787570959
2017-10-05,0.13867758923346996
2017-10-06,0.12071967498549041
2017-10-09,0.07597895967270607
2017-10-10,0.09611992945326264
2017-10-11,0.12944312796208535
2017-10-12,0.15384615384615374
2017-10-13,0.16209773539928474
2017-10-16,0.16706586826347292
2017-10-17,0.16826634673065377
2017-10-18,0.14711964549483003
2017-10-19,0.14793412308581333
2017-10-20,0.14343551185656445
2017-10-23,0.11780104712041872
2017-10-24,0.09950824414231985
2017-10-25,0.09640995946728426
2017-10-26,0.07866473149492004
2017-10-27,0.12488875704538716
2017-10-30,0.13279618024470308
2017-10-31,0.14933333333333332
2017-11-01,0.1982968369829683
2017-11-02,0.205384150030248
2017-11-03,0.164939024390244
2017-11-06,0.26927979604843855
2017-11-07,0.18957493018926486
2017-11-08,0.1835423676965433
2017-11-09,0.20833333333333326
2017-11-10,0.21804023361453595
2017-11-13,0.2254391672088485
2017-11-14,0.25589896975739457
2017-11-15,0.2134464751958225
2017-11-16,0.23868175765645816
2017-11-17,0.23952702702702688
2017-11-20,0.19229480737018423
2017-11-21,0.18127290903032334
2017-11-22,0.2011322011322012
2017-11-24,0.19452887537993924
2017-11-27,0.23610631687953076
2017-11-28,0.1812925170068027
2017-11-29,0.1768125854993159
2017-11-30,0.2222608695652175
2017-12-01,0.28141977544368
2017-12-04,0.3054257994969458
2017-12-05,0.3209035496593762
2017-12-06,0.2450579413769598
2017-12-07,0.21475625823451927
2017-12-08,0.26885356780520797
2017-12-11,0.31061916291940506
2017-12-12,0.28265306122448997
2017-12-13,0.2895542701599183
2017-12-14,0.3061009817671809
2017-12-15,0.2845970758245495
2017-12-18,0.30547060822290195
2017-12-19,0.3212058212058213
2017-12-20,0.31194539249146747
2017-12-21,0.32310838445807777
2017-12-22,0.330947511929107
2017-12-26,0.345679012345679
2017-12-27,0.3522099447513811
2017-12-28,0.38973121984838044
2017-12-29,0.3641579480256498
2018-01-02,0.41729067392784214
2018-01-03,0.43912737508796607
2018-01-04,0.44362486828240266
2018-01-05,0.4730158730158729
2018-01-08,0.47987174919843234
2018-01-09,0.46986647419704064
2018-01-10,0.4648250460405159
2018-01-11,0.5053485798598305
2018-01-12,0.4363446110917335
2018-01-16,0.36138445877163217
2018-01-17,0.40452519712032897
2018-01-18,0.4263139814496737
2018-01-19,0.42276707530647983
2018-01-22,0.427499147048789
2018-01-23,0.42273954116059387
2018-01-24,0.4382362840794345
2018-01-25,0.45867768595041314
2018-01-26,0.5012106537530265
2018-01-29,0.47479281767955794
2018-01-30,0.3901315789473685
2018-01-31,0.3916474843801381
2018-02-01,0.3905789990186457
2018-02-02,0.33333333333333326
2018-02-05,0.2664990571967316
2018-02-06,0.3157727705490321
2018-02-07,0.2993219244430094
2018-02-08,0.22833649588867821
2018-02-09,0.23426791277258552
2018-02-12,0.2806573957016436
2018-02-13,0.25529265255292666
2018-02-14,0.26510903426791277
2018-02-15,0.2937519428038544
2018-02-16,0.31056095267941086
2018-02-20,0.2267851670242107
2018-02-21,0.24641659042390973
2018-02-22,0.2518945134889359
2018-02-23,0.2547425474254743
2018-02-26,0.30310482631417157
2018-02-27,0.27937984496124035
2018-02-28,0.3044025157232704
2018-03-01,0.2644704433497538
2018-03-02,0.29792583280955354
2018-03-05,0.2811918063314711
2018-03-06,0.2569849554805035
2018-03-07,0.2600487210718636
2018-03-08,0.2970139771283353
2018-03-09,0.32968800257317477
2018-03-12,0.2900188323917139
2018-03-13,0.2741580107019199
2018-03-14,0.2806962025316455
2018-03-15,0.2305095150399019
2018-03-16,0.19897187783489567
2018-03-19,0.1776772247360483
2018-03-20,0.17936412717456496
2018-03-21,0.22929354445797778
2018-03-22,0.19720024345709075
2018-03-23,0.1685015290519878
2018-03-26,0.18411552346570392
2018-03-27,0.16646452395391154
2018-03-28,0.17605198019801982
2018-03-29,0.2152756390514321
2018-04-02,0.1962357297130517
2018-04-03,0.20345785736338362
2018-04-04,0.1987673343605545
2018-04-05,0.19229574401988203
2018-04-06,0.19007490636704127
2018-04-09,0.1639549436795995
2018-04-10,0.14451410658307218
2018-04-11,0.091324200913242
2018-04-12,0.0890761360216672
2018-04-13,0.0731489741302409
2018-04-16,0.11242783348526286
2018-04-17,0.09342665855143029
2018-04-18,0.1333134506412168
2018-04-19,0.13252647503782167
2018-04-20,0.07924860581156445
2018-04-23,0.05644925416788538
2018-04-24,0.02336711711711703
2018-04-25,0.00028003360403250355
2018-04-26,0.004493119910137677
2018-04-27,0.012304250559284302
2018-04-30,-0.02611836621283703
2018-05-01,-0.037078338444382464
2018-05-02,-0.06402439024390227
2018-05-03,-0.06718924972004481
2018-05-04,-0.05800398066533974
2018-05-07,-0.10077951002227181
2018-05-08,-0.11427757195782284
2018-05-09,-0.09422750424448234
2018-05-10,-0.08324145534729888
2018-05-11,-0.10284280936454859
2018-05-14,-0.10946662943311924
2018-05-15,-0.15231063713426307
2018-05-16,-0.13997271487039564
2018-05-17,-0.13368685459112473
2018-05-18,-0.12024957458876906
2018-05-21,-0.16364136413641361
2018-05-22,-0.17458138896513864
2018-05-23,-0.15338753387533877
2018-05-24,-0.20188933873144388
2018-05-25,-0.1870229007633588
2018-05-29,-0.1404755397649632
2018-05-30,-0.13625304136253047
2018-05-31,-0.1791845493562232
2018-06-01,-0.214990664177114
2018-06-04,-0.2187746515908493
2018-06-05,-0.22148187633262262
2018-06-06,-0.21659597030752908
2018-06-07,-0.19392146315223235
2018-06-08,-0.2079681274900398
2018-06-11,-0.2119434817382031
2018-06-12,-0.24771122155375347
2018-06-13,-0.277618177069731
2018-06-14,-0.28641911191898206
2018-06-15,-0.27827459231983165
2018-06-18,-0.27634351949420444
2018-06-19,-0.27675760755508916
2018-06-20,-0.2673555908850027
2018-06-21,-0.267913593256059
2018-06-22,-0.26147859922178984
2018-06-25,-0.2763020833333333
2018-06-26,-0.2745300025753282
2018-06-27,-0.2555818229577095
2018-06-28,-0.2527131782945736
2018-06-29,-0.2409733124018838
2018-07-02,-0.24883116883116874
2018-07-03,-0.258919202518363
2018-07-05,-0.2185430463576159
2018-07-06,-0.19978575254418862
2018-07-09,-0.22828120823309261
2018-07-10,-0.25977801268498946
2018-07-11,-0.32358270774009845
2018-07-12,-0.35764944275582566
2018-07-13,-0.35380338640384135
2018-07-16,-0.3648111332007953
2018-07-17,-0.34943321833415475
2018-07-18,-0.34934712983493477
2018-07-19,-0.35876937984496127
2018-07-20,-0.3433602347762289
2018-07-23,-0.3274596182085169
2018-07-24,-0.36291718170580967
2018-07-25,-0.32003963339113195
2018-07-26,-0.35239491691104596
2018-07-27,-0.34423030007318867
2018-07-30,-0.34670556771213223
2018-07-31,-0.3414396887159533
2018-08-01,-0.35193875030871824
2018-08-02,-0.3691060903732809
2018-08-03,-0.36450662739322537
2018-08-06,-0.4226506024096386
2018-08-07,-0.40218943360304615
2018-08-08,-0.39961621491964494
2018-08-09,-0.4184191443074692
2018-08-10,-0.49309664694280086
2018-08-13,-0.5486812915947745
2018-08-14,-0.5119789171058936
2018-08-15,-0.48077394072985546
2018-08-16,-0.4995119570522205
2018-08-17,-0.495424189957952
2018-08-20,-0.5064681474249451
2018-08-21,-0.5070422535211268
2018-08-22,-0.5044290160402203
2018-08-23,-0.5216568047337278
2018-08-24,-0.5047460844803038
2018-08-27,-0.524860594795539
2018-08-28,-0.5252149663025796
2018-08-29,-0.5381936382632924
2018-08-30,-0.5559944237918215
2018-08-31,-0.5476801119141992
2018-09-04,-0.5633867276887872
2018-09-05,-0.5435499058380413
2018-09-06,-0.5490013934045518
2018-09-07,-0.5396531791907515
2018-09-10,-0.5420867526377491
2018-09-11,-0.5388901787787324
2018-09-12,-0.5281425891181988
2018-09-13,-0.49129086136960143
2018-09-14,-0.5002368545712932
2018-09-17,-0.5121951219512195
2018-09-18,-0.496826171875
2018-09-19,-0.4685799109351806
2018-09-20,-0.4640897755610973
2018-09-21,-0.45941191254083935
2018-09-24,-0.4396594892338508
2018-09-25,-0.41716359865180186
2018-09-26,-0.42584584075298904
2018-09-27,-0.3925750394944707
2018-09-28,-0.4100645161290323
2018-10-01,-0.40897369778236203
2018-10-02,-0.4158746468019523
2018-10-03,-0.4298200514138817
2018-10-04,-0.46519959058341864
2018-10-05,-0.4545220966084276
2018-10-08,-0.43474883480062143
2018-10-09,-0.40168386746333506
2018-10-10,-0.4250469294717082
2018-10-11,-0.4151586677157094
2018-10-12,-0.42007722007722004
2018-10-15,-0.39897435897435896
2018-10-16,-0.3807080554130322
2018-10-17,-0.37047496790757384
2018-10-18,-0.3870718516610867
2018-10-19,-0.40448024163100926
2018-10-22,-0.4152756702073849
2018-10-23,-0.4090554254488681
2018-10-24,-0.4146277295448566
2018-10-25,-0.3910747293372062
2018-10-26,-0.3910118406889128
2018-10-29,-0.4037447257383967
2018-10-30,-0.39251844046364603
2018-10-31,-0.4220159835009022
2018-11-01,-0.4078680203045686
2018-11-02,-0.3992471769134254
2018-11-05,-0.3451975922533368
2018-11-06,-0.3856389656038163
2018-11-07,-0.3526343244653104
2018-11-08,-0.3900232618247609
2018-11-09,-0.3861542511187155
2018-11-12,-0.38305807139051673
2018-11-13,-0.3777541810459252
2018-11-14,-0.3731145805768722
2018-11-15,-0.34588488434642284
2018-11-16,-0.3429185702768074
2018-11-19,-0.3319705641864268
2018-11-20,-0.3444787861758922
2018-11-21,-0.3187588152327222
2018-11-23,-0.3260327141668977
2018-11-26,-0.3011026293469041
2018-11-27,-0.31136554035185704
2018-11-28,-0.2709473078030521
2018-11-29,-0.2595175820982272
2018-11-30,-0.2825839499146272
2018-12-03,-0.2922555115884682
2018-12-04,-0.34516928158546656
2018-12-06,-0.3401194353963085
2018-12-07,-0.33999452504790584
2018-12-10,-0.35656182212581344
2018-12-11,-0.3704690831556503
2018-12-12,-0.3861177091580892
2018-12-13,-0.3739061256961018
2018-12-14,-0.38707124010554084
2018-12-17,-0.3793288590604027
2018-12-18,-0.3724192694547379
2018-12-19,-0.3831337844872462
2018-12-20,-0.36978756884343034
2018-12-21,-0.38085327783558787
2018-12-24,-0.38794435857805254
2018-12-26,-0.38207426376440456
2018-12-27,-0.38812436289500507
2018-12-28,-0.39249233912155257
2018-12-31,-0.41333994545003716
2019-01-02,-0.42949035131123214
2019-01-03,-0.4668587896253602
2019-01-04,-0.42787286063569685
2019-01-07,-0.43430656934306566
2019-01-08,-0.4482758620689655
2019-01-09,-0.4415021665864227
2019-01-10,-0.4193469187331206
2019-01-11,-0.41010812169977373
2019-01-14,-0.42220044106836563
2019-01-15,-0.42374939290917923
2019-01-16,-0.37612163509471574
2019-01-17,-0.3812545765194044
2019-01-18,-0.37548169556840083
2019-01-22,-0.36484490398818314
2019-01-23,-0.37045889101338436
2019-01-24,-0.3630543040075884
2019-01-25,-0.3742101567985022
2019-01-28,-0.37818696883852687
2019-01-29,-0.3774193548387097
2019-01-30,-0.3467571997190354
2019-01-31,-0.34145764316138194
2019-02-01,-0.3539697542533081
2019-02-04,-0.3599153140437543
2019-02-05,-0.33751205400192863
2019-02-06,-0.32704714640198507
2019-02-07,-0.3528702363724072
2019-02-08,-0.3282803180914513
2019-02-11,-0.2978887744593204
2019-02-12,-0.31322564361433614
2019-02-13,-0.3469891411648569
2019-02-14,-0.33506944444444453
2019-02-15,-0.33661659689731593
2019-02-19,-0.35800096107640555
2019-02-20,-0.3672883787661406
2019-02-21,-0.33474893829627783
2019-02-22,-0.34524100807438207
2019-02-25,-0.33970944309927353
2019-02-26,-0.34365250779937606
2019-02-27,-0.3635291342297712
2019-02-28,-0.3494910324769752
2019-03-01,-0.36330761812921886
2019-03-04,-0.35159483808132463
2019-03-05,-0.35544794188861983
2019-03-06,-0.368217054263566
2019-03-07,-0.3737176355642403
2019-03-08,-0.37916868052199126
2019-03-11,-0.3769287288758265
2019-03-12,-0.3785679729075956
2019-03-13,-0.37347931873479323
2019-03-14,-0.3633893280632411
2019-03-15,-0.3535952557449963
2019-03-18,-0.3432277375904217
2019-03-19,-0.3349306431273644
2019-03-20,-0.3260758196721312
2019-03-21,-0.33774160732451686
2019-03-22,-0.42184790686153084
2019-03-25,-0.3754448398576513
2019-03-26,-0.3527872284742214
2019-03-27,-0.419969512195122
2019-03-28,-0.40940992981544067
2019-03-29,-0.38516179952644036
2019-04-01,-0.39457678661936135
2019-04-02,-0.39644054681454743
2019-04-03,-0.3961005643919959
2019-04-04,-0.3647814910025706
2019-04-05,-0.35982282438770197
2019-04-08,-0.3721479150275374
2019-04-09,-0.3569892473118279
2019-04-10,-0.3500410846343467
2019-04-11,-0.35118549511854946
2019-04-12,-0.3622547665100857
2019-04-15,-0.36215018010529243
2019-04-16,-0.35973777656378036
2019-04-17,-0.33787920957417206
2019-04-18,-0.38763157894736844
2019-04-22,-0.38738979428266096
2019-04-23,-0.37639379929290184
2019-04-24,-0.37430786267995564
2019-04-25,-0.3892709766162311
2019-04-26,-0.37597984322508404
2019-04-29,-0.37601341906625674
2019-04-30,-0.37955801104972375
2019-05-01,-0.3654778887303851
2019-05-02,-0.36421540243196293
2019-05-03,-0.34912644358898437
2019-05-06,-0.36014405762304924
2019-05-07,-0.3724720796860852
2019-05-08,-0.36130030959752324
2019-05-09,-0.34491634491634493
2019-05-10,-0.3427054045610747
2019-05-13,-0.3905592303066746
2019-05-14,-0.36004970487729104
2019-05-15,-0.35434305424898094
2019-05-16,-0.347741935483871
2019-05-17,-0.3651649746192893
2019-05-20,-0.34987113402061853
2019-05-21,-0.3555770470664088
2019-05-22,-0.3590924038145348
2019-05-23,-0.3478550049883605
2019-05-24,-0.3594750320102432
2019-05-28,-0.3084206966520122
2019-05-29,-0.3048289738430583
2019-05-30,-0.3144674085850556
2019-05-31,-0.3120500782472613
2019-06-03,-0.2892156862745099
2019-06-04,-0.25178389398572887
2019-06-05,-0.25513295186805796
2019-06-06,-0.2468332762752482
2019-06-07,-0.23925549915397637
2019-06-10,-0.23356690023356685
2019-06-11,-0.2424547283702213
2019-06-12,-0.240189445196211
2019-06-13,-0.24130737134909597
2019-06-14,-0.21330441070137374
2019-06-17,-0.18777292576419213
2019-06-18,-0.16654518950437314
2019-06-19,-0.15070986530760833
2019-06-20,-0.16213275299238294
2019-06-21,-0.17359855334538865
2019-06-24,-0.17020510975170922
2019-06-25,-0.18756585879873555
2019-06-26,-0.16696653472472112
2019-06-27,-0.17003904863329788
2019-06-28,-0.16866619618913203
2019-07-01,-0.13658367911479952
2019-07-02,-0.13822819717338852
2019-07-03,-0.13520055325034575
2019-07-05,-0.11504424778761058
2019-07-08,-0.17491525423728815
2019-07-09,-0.20080321285140568
2019-07-10,-0.14894354000692767
2019-07-11,-0.1185290967511603
2019-07-12,-0.07577497129735933
2019-07-15,-0.04731861198738163
2019-07-16,-0.055924912006257266
2019-07-17,-0.032081377151799706
2019-07-18,-0.026893939393939248
2019-07-19,-0.037864445285876513
2019-07-22,-0.047978843974310514
2019-07-23,-0.05325884543761639
2019-07-24,-0.06404657933042213
2019-07-25,-0.0174621653084982
2019-07-26,-0.06666666666666665
2019-07-29,-0.017735849056603747
2019-07-30,-0.03199404761904756
2019-07-31,-0.03944919985113515
2019-08-01,-0.06203840472673561
2019-08-02,-0.030868902439024293
2019-08-05,-0.027637212923316445
2019-08-06,-0.011973735032831279
2019-08-07,0.06427378964941566
2019-08-08,0.022691082802547724
2019-08-09,0.030763084298841337
2019-08-12,0.04239401496259343
2019-08-13,0.22616731517509736
2019-08-14,0.3391589295466959
2019-08-15,0.22189494354442796
2019-08-16,0.15330188679245293
2019-08-19,0.17064846416382262
2019-08-20,0.17549019607843142
2019-08-21,0.18397626112759657
2019-08-22,0.14769975786924938
2019-08-23,0.1560386473429951
2019-08-26,0.18010885700148438
2019-08-27,0.13033061811212265
2019-08-28,0.15599022004889984
2019-08-29,0.1610376896720509
2019-08-30,0.1995977878330819
2019-09-03,0.2899005756148614
2019-09-04,0.29845360824742295
2019-09-05,0.31708595387840677
2019-09-06,0.2733367715317174
2019-09-09,0.28527291452111214
2019-09-10,0.26268206931190363
2019-09-11,0.2974910394265231
2019-09-12,0.2915407854984895
2019-09-13,0.28280318091451284
2019-09-16,0.18808630393996228
2019-09-17,0.2004739336492889
2019-09-18,0.236893203883495
2019-09-19,0.20766618146530824
2019-09-20,0.14897579143389206
2019-09-23,0.1624011167985111
2019-09-24,0.1831706183170616
2019-09-25,0.14968722073279728
2019-09-26,0.14145907473309616
2019-09-27,0.16614975631369067
2019-09-30,0.1452102297355875
2019-10-01,0.13167104111986005
2019-10-02,0.12652705061082026
2019-10-03,0.13632365875109942
2019-10-04,0.1726780883678991
2019-10-07,0.192822966507177
2019-10-08,0.16957136128120576
2019-10-09,0.10765002290426029
2019-10-10,0.09804811620517473
2019-10-11,0.10167910447761197
2019-10-14,0.017937219730941534
2019-10-15,0.025299600532623145
2019-10-16,-0.026877133105802198
2019-10-17,-0.021126760563380365
2019-10-18,-0.015905383360522052
2019-10-21,-0.004201680672269004
2019-10-22,0.021132713440405793
2019-10-23,0.08044982698961944
2019-10-24,0.08718626155878462
2019-10-25,0.11460674157303363
2019-10-28,0.07545533391153514
2019-10-29,0.09412284577993835
2019-10-30,0.09376382131800098
2019-10-31,0.06114483954900263
2019-11-01,0.09723461195361272
2019-11-04,0.06515216459494222
2019-11-05,0.036340852130325674
2019-11-06,0.00199840127897688
2019-11-07,0.0461789946873723
2019-11-08,0.02699435938759054
2019-11-11,0.0805084745762712
2019-11-12,0.09391080617495717
2019-11-13,0.11787564766839376
2019-11-14,0.09385665529010234
2019-11-15,0.10173068805403118
2019-11-18,0.08963815789473673
2019-11-19,0.09775051124744372
2019-11-20,0.08649530803753569
2019-11-21,0.14530647235319338
2019-11-22,0.09937888198757783
2019-11-25,0.07651172357054725
2019-11-26,0.06067961165048552
2019-11-27,0.05839416058394176
2019-11-29,0.03672985781990512
2019-12-02,0.04356357927786503
2019-12-03,0.03966679888932956
2019-12-04,0.05351437699680517
2019-12-05,0.12189995796553177
2019-12-06,0.0843274372686138
2019-12-09,0.08834508502695981
2019-12-10,0.1045090602612726
2019-12-11,0.1147332768839966
2019-12-12,0.14961306964746335
2019-12-13,0.1363828886065226
2019-12-16,0.15626345243219975
2019-12-17,0.15311418685121092
2019-12-18,0.11218894981020666
2019-12-19,0.10886075949367102
2019-12-20,0.09779442363712021
2019-12-23,0.119327731092437
2019-12-24,0.12752525252525237
2019-12-26,0.11603812681309567
2019-12-27,0.12078300708038303
2019-12-30,0.13913408995376209
