Date,mr_63
2009-09-18,0.15007835009856985
2009-09-21,0.14130270624024655
2009-09-22,0.17212029235537973
2009-09-23,0.15651956940186817
2009-09-24,0.13600613849990406
2009-09-25,0.1299148204006204
2009-09-28,0.130977835171582
2009-09-29,0.1329166871709071
2009-09-30,0.1381129167834132
2009-10-01,0.10527859032805331
2009-10-02,0.09519867549668892
2009-10-05,0.11257603680250527
2009-10-06,0.1397369074211965
2009-10-07,0.13911151977602776
2009-10-08,0.1590052699123503
2009-10-09,0.15621455303714704
2009-10-12,0.15488502250882163
2009-10-13,0.14058230472062605
2009-10-14,0.15140958302068874
2009-10-15,0.1487394957983199
2009-10-16,0.14200786460132364
2009-10-19,0.12843909217230265
2009-10-20,0.11643361484147907
2009-10-21,0.12466737189300736
2009-10-22,0.13131174263998302
2009-10-23,0.11414923191375559
2009-10-26,0.09958301077926945
2009-10-27,0.06521344350330183
2009-10-28,0.018148045072392094
2009-10-29,0.04993220120100794
2009-10-30,0.005597941402194717
2009-11-02,0.01740542002976131
2009-11-03,0.026455945351395727
2009-11-04,0.03539925272524247
2009-11-05,0.03700879727816275
2009-11-06,0.035996061532166834
2009-11-09,0.05820234033734084
2009-11-10,0.05091517530521816
2009-11-11,0.050420008000152894
2009-11-12,0.030077189246739966
2009-11-13,0.03906111715174432
2009-11-16,0.062014184397163774
2009-11-17,0.06117021276595791
2009-11-18,0.05425442502853883
2009-11-19,0.05690543085808719
2009-11-20,0.04245368433540886
2009-11-23,0.054460626144589463
2009-11-24,0.04262631284569052
2009-11-25,0.05253206538921762
2009-11-27,0.019310250952829122
2009-11-30,0.027769890747485038
2009-12-01,0.04071345482745303
2009-12-02,0.04894963269364161
2009-12-03,0.026557505541744186
2009-12-04,0.015278278565797887
2009-12-07,-0.0008055214836237834
2009-12-08,-0.021240674825685923
2009-12-09,-0.0038161666697094088
2009-12-10,-0.003665007384715979
2009-12-11,-0.00835280905696989
2009-12-14,-0.0010732346200019727
2009-12-15,-0.0077627895138711045
2009-12-16,-0.0067954285298977846
2009-12-17,-0.023767424398396297
2009-12-18,-0.023252857419604478
2009-12-21,-0.03542422462192529
2009-12-22,-0.03064006106204309
2009-12-23,-0.007738841353751802
2009-12-24,-0.0047694561125297685
2009-12-28,-0.009668909434144557
2009-12-29,-0.00615768016355922
2009-12-30,-0.009332115662591955
2009-12-31,-0.0019824600637042833
2010-01-04,0.017871374405294294
2010-01-05,0.03279311447131161
2010-01-06,0.05946470318864372
2010-01-07,0.059588377286709626
2010-01-08,0.07385933045434334
2010-01-11,0.0789616008653331
2010-01-12,0.05277510812109587
2010-01-13,0.04215077006214574
2010-01-14,0.03268146529208016
2010-01-15,0.01819175515302951
2010-01-19,0.02698676789457588
2010-01-20,0.005347336545741044
2010-01-21,-0.021294503829643707
2010-01-22,-0.030588419367650332
2010-01-25,-0.023897158485087333
2010-01-26,-0.034679257570823574
2010-01-27,-0.04171520664449402
2010-01-28,-0.060326339763068226
2010-01-29,-0.0759202963804595
2010-02-01,-0.047284182775738426
2010-02-02,-0.03468263994245724
2010-02-03,-0.047595157068853755
2010-02-04,-0.08419486168159829
2010-02-05,-0.08182060380008949
2010-02-08,-0.09973808975276133
2010-02-09,-0.07293910616220123
2010-02-10,-0.07666506656620431
2010-02-11,-0.04566351661984136
2010-02-12,-0.041481048711019985
2010-02-16,-0.01873459326211968
2010-02-17,-0.022589719546500575
2010-02-18,-0.025996818954642453
2010-02-19,-0.02666650401644366
2010-02-22,-0.028893582731001732
2010-02-23,-0.04920046944913048
2010-02-24,-0.04473027217544512
2010-02-25,-0.056434266244231535
2010-02-26,-0.03194641246940577
2010-03-01,-0.03272164492593377
2010-03-02,-0.02174634386137364
2010-03-03,-0.019523083355879267
2010-03-04,-0.022035379710215963
2010-03-05,-0.0036902414982745713
2010-03-08,0.0018552875695736493
2010-03-09,0.001825121315074174
2010-03-10,-0.004169107897252222
2010-03-11,-0.005402205283800421
2010-03-12,0.0009498316207585678
2010-03-15,-0.008069889686828757
2010-03-16,0.017808895194621366
2010-03-17,0.03345564429095682
2010-03-18,0.024279716140647833
2010-03-19,0.014894915630414118
2010-03-22,0.016849189279133592
2010-03-23,0.021831398034928062
2010-03-24,0.00895891827988815
2010-03-25,0.014684432409145742
2010-03-26,0.021449799715725915
2010-03-29,0.04340045017896488
2010-03-30,0.03403125268942819
2010-03-31,0.04125193541251959
2010-04-01,0.06159569308966795
2010-04-05,0.072943817192761
2010-04-06,0.07835194332430429
2010-04-07,0.0763392446935589
2010-04-08,0.08204192137598176
2010-04-09,0.08690539621878868
2010-04-12,0.08436391701427826
2010-04-13,0.07742129192759739
2010-04-14,0.08874213566777156
2010-04-15,0.08564814814814814
2010-04-16,0.06499843871497046
2010-04-19,0.059993267435811015
2010-04-20,0.059766246481458785
2010-04-21,0.05840585648671959
2010-04-22,0.07059477487493071
2010-04-23,0.07856842259345331
2010-04-26,0.07438469549964366
2010-04-27,0.05385775809630422
2010-04-28,0.060286552442498476
2010-04-29,0.05947184635530345
2010-04-30,0.05050187256853489
2010-05-03,0.0395260737956995
2010-05-04,0.009116760953697955
2010-05-05,0.0022079449823548813
2010-05-06,-0.015642794733511933
2010-05-07,-0.020477815699658564
2010-05-10,0.024387167304377178
2010-05-11,0.033802377797629735
2010-05-12,0.04513801643992976
2010-05-13,0.04300773434467131
2010-05-14,0.02838279498067675
2010-05-17,0.007717658837762542
2010-05-18,0.0009945389686574213
2010-05-19,-0.020822544064860393
2010-05-20,-0.05450681335166885
2010-05-21,-0.020515627696097383
2010-05-24,-0.02541022592152198
2010-05-25,-0.02797069849511935
2010-05-26,-0.025539971866263667
2010-05-27,0.017261410788381726
2010-05-28,0.0049024832143238495
2010-06-01,-0.0158987497559272
2010-06-02,0.014255319148936074
2010-06-03,0.005360695709672347
2010-06-04,-0.027645798535079535
2010-06-07,-0.03956159403182402
2010-06-08,-0.021647933445437584
2010-06-09,-0.015462458424739811
2010-06-10,0.01908599300180258
2010-06-11,0.015148305084745628
2010-06-14,0.014038305527141803
2010-06-15,0.04535766500502003
2010-06-16,0.040341882347419755
2010-06-17,0.036714936210361815
2010-06-18,0.03444339727567014
2010-06-21,0.044548898554791716
2010-06-22,0.02557797221995073
2010-06-23,0.026634537965156246
2010-06-24,0.017272234431380262
2010-06-25,0.017194380373243723
2010-06-28,0.01564392175128071
2010-06-29,-0.017418742613626526
2010-06-30,-0.01663367489520262
2010-07-01,-0.025298390526064307
2010-07-02,-0.01629627039219439
2010-07-06,-0.015642223505327624
2010-07-07,0.0016336532570964124
2010-07-08,0.011503309171131626
2010-07-09,0.01804510400308268
2010-07-12,0.015399169601093554
2010-07-13,0.031146535867566216
2010-07-14,0.029083518755365967
2010-07-15,0.030633461435129794
2010-07-16,0.01301909935167389
2010-07-19,0.0010456767982429671
2010-07-20,0.010632207409831063
2010-07-21,0.012086621762929628
2010-07-22,0.023139520618767895
2010-07-23,0.038867957592219726
2010-07-26,0.03981404150191881
2010-07-27,0.02343316613431612
2010-07-28,0.019748443831969054
2010-07-29,0.02953076559298018
2010-07-30,0.04120685127367185
2010-08-02,0.05468381002361622
2010-08-03,0.04576800316846463
2010-08-04,0.055282519556809406
2010-08-05,0.0481281248729728
2010-08-06,0.04030799202189361
2010-08-09,0.049148517145505055
2010-08-10,0.04400750147598487
2010-08-11,0.019081186193485422
2010-08-12,0.03723201166248202
2010-08-13,0.04087684917014944
2010-08-16,0.04340896360160973
2010-08-17,0.05221027134577105
2010-08-18,0.048700158341729916
2010-08-19,0.03472174332804623
2010-08-20,0.036111669009841085
2010-08-23,0.03560951573350413
2010-08-24,0.023361598407085404
2010-08-25,0.030143403987887618
2010-08-26,0.03534549190855363
2010-08-27,0.05156225950438653
2010-08-30,0.03961224513029493
2010-08-31,0.058302872507944414
2010-09-01,0.07295964405500333
2010-09-02,0.08078268845330716
2010-09-03,0.09553464055239691
2010-09-07,0.09765121268604182
2010-09-08,0.0949136357253193
2010-09-09,0.09728902492348057
2010-09-10,0.11025788734836328
2010-09-13,0.12979428367433443
2010-09-14,0.13113604488078545
2010-09-15,0.12855453197621158
2010-09-16,0.13073970053013806
2010-09-17,0.13349173896225897
2010-09-20,0.1448484547844633
2010-09-21,0.14843840163551514
2010-09-22,0.1542912246865955
2010-09-23,0.14729401996984848
2010-09-24,0.14950858947483026
2010-09-27,0.14755593187221172
2010-09-28,0.16007547210613682
2010-09-29,0.16520301739687615
2010-09-30,0.17326485866377905
2010-10-01,0.1903918293730622
2010-10-04,0.1806727152965173
2010-10-05,0.21650808753568018
2010-10-06,0.22276048159310724
2010-10-07,0.21103741434277534
2010-10-08,0.2175149630416775
2010-10-11,0.21178971381169642
2010-10-12,0.2127761668403727
2010-10-13,0.2409174189508907
2010-10-14,0.24665265134506242
2010-10-15,0.23368980701718778
2010-10-18,0.21834180108272827
2010-10-19,0.1670416085004669
2010-10-20,0.1852223837862954
2010-10-21,0.17628743944533398
2010-10-22,0.16843418590143466
2010-10-25,0.17933358292774249
2010-10-26,0.18611625650524877
2010-10-27,0.1704384206907652
2010-10-28,0.16368277756477778
2010-10-29,0.16350487674091685
2010-11-01,0.16222414539160557
2010-11-02,0.17287955560021273
2010-11-03,0.16332244517032235
2010-11-04,0.1854702352478701
2010-11-05,0.18632721036836752
2010-11-08,0.1921878587124075
2010-11-09,0.17462402862414095
2010-11-10,0.1686183103878114
2010-11-11,0.16872073301132007
2010-11-12,0.14323777727841835
2010-11-15,0.1357257280556432
2010-11-16,0.08752011199083709
2010-11-17,0.09297989990678479
2010-11-18,0.11470027965792551
2010-11-19,0.11522914071112922
2010-11-22,0.11908615454581928
2010-11-23,0.09593904349408233
2010-11-24,0.1051167227536498
2010-11-26,0.09487424107201736
2010-11-29,0.09442961536778527
2010-11-30,0.06962535570943595
2010-12-01,0.09126884258576262
2010-12-02,0.10491939246280668
2010-12-03,0.11037804825598907
2010-12-06,0.11461455460975944
2010-12-07,0.12023390417089352
2010-12-08,0.11070801191476387
2010-12-09,0.09605730223123765
2010-12-10,0.09033157079347998
2010-12-13,0.09095827444335902
2010-12-14,0.08192693556407082
2010-12-15,0.06898375236302834
2010-12-16,0.054811236178903044
2010-12-17,0.05005648268071394
2010-12-20,0.054387868337135714
2010-12-21,0.052060068360459955
2010-12-22,0.05908835576840343
2010-12-23,0.058377750891076774
2010-12-27,0.05108685907101518
2010-12-28,0.053434649220829744
2010-12-29,0.05655614487903171
2010-12-30,0.05171424414845527
2010-12-31,0.050211650876839764
2011-01-03,0.05537058482918411
2011-01-04,0.04499373916393812
2011-01-05,0.03718142371197297
2011-01-06,0.01702340468093677
2011-01-07,0.0008392782207307103
2011-01-10,-0.027707104314031894
2011-01-11,-0.013617442459121332
2011-01-12,-0.017168529283852596
2011-01-13,-0.03214221583767218
2011-01-14,-0.04745482631030584
2011-01-18,-0.027721128480605373
2011-01-19,-0.028411334224012097
2011-01-20,-0.04067799313394349
2011-01-21,-0.053047066563004064
2011-01-24,-0.04843776160218072
2011-01-25,-0.054827945028525726
2011-01-26,-0.03721113822305111
2011-01-27,-0.0026934953680641804
2011-01-28,-0.007800927032063476
2011-01-31,-0.0026464607070224577
2011-02-01,0.02341687605356091
2011-02-02,0.023608909652123256
2011-02-03,0.036028778577182896
2011-02-04,0.02328302560339557
2011-02-07,0.025342653128382686
2011-02-08,0.01500111001871196
2011-02-09,-0.018923516792043293
2011-02-10,-0.02551682277471612
2011-02-11,-0.017152495287230507
2011-02-14,-0.01852800038103819
2011-02-15,-0.013261146547378089
2011-02-16,-0.016054554542641264
2011-02-17,-0.013259633456782827
2011-02-18,-0.0025251824513690124
2011-02-22,-0.024332414804828617
2011-02-23,-0.029442912956388456
2011-02-24,-0.022907122032485905
2011-02-25,-0.023651101615225767
2011-02-28,-0.023715132683309714
2011-03-01,-0.024448043442017453
2011-03-02,-0.02102079455110506
2011-03-03,-0.01579695415349891
2011-03-04,-0.011367292225200942
2011-03-07,-0.01892326954033241
2011-03-08,-0.022529170959926126
2011-03-09,-0.0343173769812658
2011-03-10,-0.06333346634212511
2011-03-11,-0.047487383978551456
2011-03-14,-0.05741381725055483
2011-03-15,-0.06589036977653029
2011-03-16,-0.0700808300641258
2011-03-17,-0.09056382114148209
2011-03-18,-0.08417463637572675
2011-03-21,-0.06232368929766252
2011-03-22,-0.05289957567185255
2011-03-23,-0.03076138887428015
2011-03-24,-0.010507263981341719
2011-03-25,-0.03371647509578524
2011-03-28,-0.07760557372387289
2011-03-29,-0.058002393026038046
2011-03-30,-0.055710272333241995
2011-03-31,-0.03469567774184035
2011-04-01,-0.038004663148852424
2011-04-04,-0.053843126967470845
2011-04-05,-0.046924469959222725
2011-04-06,-0.04449252767413825
2011-04-07,-0.07176152029575023
2011-04-08,-0.05588275352568972
2011-04-11,-0.08216024533589017
2011-04-12,-0.11536278948393053
2011-04-13,-0.13744144712800221
2011-04-14,-0.14580271839810155
2011-04-15,-0.11695747910654397
2011-04-18,-0.1405403371462971
2011-04-19,-0.12898967378549597
2011-04-20,-0.13935366248125358
2011-04-21,-0.13146063631847893
2011-04-25,-0.14425868413057408
2011-04-26,-0.16358590110806004
2011-04-27,-0.1418699652578933
2011-04-28,-0.10261448750175417
2011-04-29,-0.07567774936061367
2011-05-02,-0.07170473916033981
2011-05-03,-0.08246923525177341
2011-05-04,-0.04108435908227992
2011-05-05,-0.05731194652148375
2011-05-06,0.005992906883429905
2011-05-09,-0.009135045631995076
2011-05-10,-0.02369378736677874
2011-05-11,-0.04617134225478625
2011-05-12,-0.009413298565840611
2011-05-13,0.004076890946430822
2011-05-16,-0.0012590069092900391
2011-05-17,0.012517172950694988
2011-05-18,0.002803579148708213
2011-05-19,0.012001731397317084
2011-05-20,-0.0017824219040813993
2011-05-23,-0.02064663850617776
2011-05-24,-0.005564607864235294
2011-05-25,0.019805593046720693
2011-05-26,0.039897583444417295
2011-05-27,0.03896138200644583
2011-05-31,0.004165509580672744
2011-06-01,-0.044897959183672786
2011-06-02,0.01896931473405883
2011-06-03,0.01425686269299331
2011-06-06,-0.12248780010844296
2011-06-07,-0.0840509172594528
2011-06-08,-0.05281353570184233
2011-06-09,-0.02853258439026063
2011-06-10,-0.039852702690594155
2011-06-13,-0.04480351069271493
2011-06-14,-0.051794959372976734
2011-06-15,-0.07107257182219617
2011-06-16,-0.0913174665457932
2011-06-17,-0.08823542701193221
2011-06-20,-0.09551220793572335
2011-06-21,-0.08366964314086789
2011-06-22,-0.09813135176483334
2011-06-23,-0.09141533654329248
2011-06-24,-0.09051633298208561
2011-06-27,-0.10630295515602306
2011-06-28,-0.10075006561347366
2011-06-29,-0.09692534970684552
2011-06-30,-0.08387075866091898
2011-07-01,-0.08048837101341544
2011-07-05,-0.05544985556056847
2011-07-06,-0.06817683731470559
2011-07-07,-0.04766243779350854
2011-07-08,-0.029889435291804767
2011-07-11,-0.055680843183127826
2011-07-12,-0.04490330577348234
2011-07-13,-0.03106517909571216
2011-07-14,-0.02950337550561999
2011-07-15,-0.0030990280321158137
2011-07-18,0.02392149132687682
2011-07-19,0.05752351317534621
2011-07-20,0.05438343598480011
2011-07-21,0.06060209607558309
2011-07-22,0.046839784419403285
2011-07-25,0.050944020273261614
2011-07-26,0.051947508611433824
2011-07-27,0.02708172795721997
2011-07-28,0.035790147390293514
2011-07-29,0.04620896463183599
2011-08-01,0.05101152321316227
2011-08-02,0.021632656840234965
2011-08-03,0.0091973824971876
2011-08-04,-0.0453306509182938
2011-08-05,-0.048026273005136844
2011-08-08,-0.10932805403516854
2011-08-09,-0.07721391362796104
2011-08-10,-0.10183539448820289
2011-08-11,-0.0595604673725052
2011-08-12,-0.04258556561595894
2011-08-15,-0.02734512816411705
2011-08-16,-0.044212491513916485
2011-08-17,-0.0270477054081234
2011-08-18,-0.038985072366365614
2011-08-19,-0.04336320956039208
2011-08-22,-0.03856767629750257
2011-08-23,-0.02029836262094764
2011-08-24,-0.008025315007910372
2011-08-25,-0.012122254223444373
2011-08-26,0.015287885965290737
2011-08-29,0.017087998160418172
2011-08-30,0.037877844311378306
2011-08-31,0.05440973420780204
2011-09-01,0.05989273515754023
2011-09-02,0.03722953261895401
2011-09-06,0.01826468715439611
2011-09-07,0.04757826032864165
2011-09-08,0.04655368745394961
2011-09-09,0.03345883185908538
2011-09-12,0.034693526170799904
2011-09-13,0.04937770045501555
2011-09-14,0.03353169296603453
2011-09-15,0.031771929071315874
2011-09-16,0.0294598394052763
2011-09-19,0.018750714040901117
2011-09-20,0.011329747007035706
2011-09-21,-0.010698516656130419
2011-09-22,-0.057368556137531446
2011-09-23,-0.09011318242343425
2011-09-26,-0.07630520178433753
2011-09-27,-0.05970149253731216
2011-09-28,-0.10000428141248441
2011-09-29,-0.09586595901658757
2011-09-30,-0.11868380051172744
2011-10-03,-0.12755540285174283
2011-10-04,-0.14483998011700294
2011-10-05,-0.11972255729794845
2011-10-06,-0.09254536913652367
2011-10-07,-0.10213776722090184
2011-10-10,-0.07358280346543145
2011-10-11,-0.061897987041700575
2011-10-12,-0.03810087137168838
2011-10-13,-0.03660080383143549
2011-10-14,-0.013153900637457694
2011-10-17,-0.022053606336610132
2011-10-18,-0.012555416426951127
2011-10-19,-0.022844188682534572
2011-10-20,-0.02625857734900372
2011-10-21,-0.0050890956283345945
2011-10-24,0.017395113404069962
2011-10-25,0.006880152805660789
2011-10-26,0.027230692692635117
2011-10-27,0.057472105895101766
2011-10-28,0.049235669723337594
2011-10-31,0.016089278378749183
2011-11-01,-0.01740855002203534
2011-11-02,0.018218583836821844
2011-11-03,0.03890702146712499
2011-11-04,0.04477356767080831
2011-11-07,0.039533964666794486
2011-11-08,0.03995538323656733
2011-11-09,0.008758178844057829
2011-11-10,0.02177075983552812
2011-11-11,0.039602949186834824
2011-11-14,0.03871889441229315
2011-11-15,0.03117669057899697
2011-11-16,0.027433164424254253
2011-11-17,0.008606386385027864
2011-11-18,-0.011064812344468211
2011-11-21,-0.01421605492346012
2011-11-22,-0.01594513127429864
2011-11-23,-0.035213148832622165
2011-11-25,-0.0375225490243738
2011-11-28,-0.01924649134759393
2011-11-29,0.001836176078084728
2011-11-30,0.05096686496046421
2011-12-01,0.04625860951201921
2011-12-02,0.04037035411821588
2011-12-05,0.04424131627056793
2011-12-06,0.03283726239079954
2011-12-07,0.037932801405461625
2011-12-08,0.020956519616221136
2011-12-09,0.03757393415159571
2011-12-12,0.02482085773220133
2011-12-13,0.0026173656092842723
2011-12-14,-0.01137749479613015
2011-12-15,-0.0029905772304308353
2011-12-16,0.004224191221925411
2011-12-19,-0.007026382076096405
2011-12-20,0.006527184322971058
2011-12-21,0.0008345688224729031
2011-12-22,0.004722602286269639
2011-12-23,0.008446963943615549
2011-12-27,0.00022526934378097607
2011-12-28,-0.013077363392188457
2011-12-29,-0.010645317380019836
2011-12-30,-0.0056272725054292705
2012-01-03,0.018435356920199597
2012-01-04,0.017269612964357917
2012-01-05,0.016779499912707996
2012-01-06,0.009786498409270594
2012-01-09,0.015018948915271446
2012-01-10,0.02535934588912192
2012-01-11,0.030278054916930808
2012-01-12,0.03874315808729767
2012-01-13,0.03631275514374632
2012-01-17,0.04826499634938397
2012-01-18,0.0693022296613548
2012-01-19,0.06837447199793178
2012-01-20,0.05835011022537695
2012-01-23,0.06378986866791791
2012-01-24,0.053764876411352525
2012-01-25,0.07582049181889228
2012-01-26,0.09103484994699595
2012-01-27,0.0918321331770049
2012-01-30,0.08339419693247474
2012-01-31,0.0878535221943253
2012-02-01,0.10831485535168084
2012-02-02,0.11456054319124909
2012-02-03,0.12587850106784404
2012-02-06,0.11518560602503602
2012-02-07,0.11148504548927396
2012-02-08,0.11036718881590102
2012-02-09,0.1040706228543411
2012-02-10,0.0944749758778376
2012-02-13,0.08872386163767887
2012-02-14,0.07472861444663415
2012-02-15,0.06931809743056605
2012-02-16,0.0822454852567045
2012-02-17,0.08709631157968745
2012-02-21,0.08465224939055904
2012-02-22,0.09673200206322297
2012-02-23,0.09478901577443577
2012-02-24,0.10074671308809369
2012-02-27,0.08611262111086271
2012-02-28,0.07537036024708943
2012-02-29,0.05833746187725275
2012-03-01,0.07537004788855062
2012-03-02,0.07763983591861146
2012-03-05,0.0674345748552263
2012-03-06,0.050597253446734713
2012-03-07,0.05032189421672406
2012-03-08,0.06684997344901777
2012-03-09,0.06722100184628688
2012-03-12,0.06311476144790062
2012-03-13,0.06845600343667213
2012-03-14,0.058783334152126
2012-03-15,0.04947591714499633
2012-03-16,0.05249259822357377
2012-03-19,0.05551317983467574
2012-03-20,0.047012650274554035
2012-03-21,0.05023171646731717
2012-03-22,0.03634850166481707
2012-03-23,0.04088304566386647
2012-03-26,0.05811812970073138
2012-03-27,0.0676892545220884
2012-03-28,0.05123151850220897
2012-03-29,0.05376180455312296
2012-03-30,0.07476193984890767
2012-04-02,0.08862345292351592
2012-04-03,0.08142975907922056
2012-04-04,0.04375910573613062
2012-04-05,0.04246314543723839
2012-04-09,0.03338781028330917
2012-04-10,0.027738167410962467
2012-04-11,0.029468786351299237
2012-04-12,0.040709070885828647
2012-04-13,0.03210308298248021
2012-04-16,0.030971201992730846
2012-04-17,0.03630689602679249
2012-04-18,0.03189288247812727
2012-04-19,0.026241218489875484
2012-04-20,0.03568692167147969
2012-04-23,0.016889505549949613
2012-04-24,0.018338917298536206
2012-04-25,0.017211444100550866
2012-04-26,0.023340874811463186
2012-04-27,0.027820212868365557
2012-04-30,0.020432737535277745
2012-05-01,0.021268864003742838
2012-05-02,0.010236670827575622
2012-05-03,-0.0022999252837337947
2012-05-04,-0.004349641008515648
2012-05-07,-0.015546918378678498
2012-05-08,-0.02970470689935978
2012-05-09,-0.032753326509723735
2012-05-10,-0.028553758206123825
2012-05-11,-0.03436673173300786
2012-05-14,-0.056229115348102154
2012-05-15,-0.0631480288208075
2012-05-16,-0.06508234190939455
2012-05-17,-0.07927077091966483
2012-05-18,-0.08067966377531333
2012-05-21,-0.07502309177932653
2012-05-22,-0.0676611144035203
2012-05-23,-0.06532752120640906
2012-05-24,-0.06471643903713109
2012-05-25,-0.0673948800134957
2012-05-29,-0.059125964010282805
2012-05-30,-0.06321681275741875
2012-05-31,-0.04808167924408635
2012-06-01,-0.06511810990294686
2012-06-04,-0.0675782176875358
2012-06-05,-0.06362506837871407
2012-06-06,-0.039951127006147
2012-06-07,-0.03609363458060555
2012-06-08,-0.03514622665556444
2012-06-11,-0.04478081551086355
2012-06-12,-0.025391854864786456
2012-06-13,-0.035164133350363835
2012-06-14,-0.03934199930978932
2012-06-15,-0.03569921080569438
2012-06-18,-0.015872745033635005
2012-06-19,-0.001190339054640055
2012-06-20,-0.003840983291722333
2012-06-21,-0.025157554952092598
2012-06-22,-0.024591144453747993
2012-06-25,-0.03725262928287576
2012-06-26,-0.03201438848920812
2012-06-27,-0.03554341861581678
2012-06-28,-0.03466717027130217
2012-06-29,-0.013954008070719226
2012-07-02,-0.015904649581184316
2012-07-03,-0.0004956511994754775
2012-07-05,-0.008839135498899253
2012-07-06,-0.01516165668412639
2012-07-09,-0.02229311753491736
2012-07-10,-0.036348684210525395
2012-07-11,-0.028370976408797932
2012-07-12,-0.03264950068788264
2012-07-13,-0.019975058334817608
2012-07-16,-0.02038738644669469
2012-07-17,-0.02174083530119053
2012-07-18,-0.016337873328039376
2012-07-19,-0.009971304655458701
2012-07-20,-0.025189313571518546
2012-07-23,-0.03640012092481126
2012-07-24,-0.045500629819655525
2012-07-25,-0.04683116860275871
2012-07-26,-0.03488889378289606
2012-07-27,-0.019142703360891522
2012-07-30,-0.02449888641425324
2012-07-31,-0.03083359157111787
2012-08-01,-0.04521746072578514
2012-08-02,-0.04334266293482525
2012-08-03,-0.03101071805161859
2012-08-06,-0.030881494714238733
2012-08-07,-0.026823101312391517
2012-08-08,-0.023691774829943446
2012-08-09,-0.02800627326222971
2012-08-10,-0.023192476085273972
2012-08-13,-0.027963109637405115
2012-08-14,-0.028890321540816277
2012-08-15,-0.03150294066266757
2012-08-16,-0.020144871054010083
2012-08-17,-0.015669094525223026
2012-08-20,-0.01201813246373895
2012-08-21,-0.008318438982435117
2012-08-22,-0.014932594992002168
2012-08-23,-0.013115268287217985
2012-08-24,-0.010830357262880952
2012-08-27,-0.009568027104181143
2012-08-28,-0.008125235286735477
2012-08-29,-0.011745876614497108
2012-08-30,-0.010046804389928554
2012-08-31,-0.009544089299322822
2012-09-04,-0.012610900157355664
2012-09-05,-0.016636091662218466
2012-09-06,-0.0038453082303950836
2012-09-07,0.021832474122730483
2012-09-10,0.02244192149140356
2012-09-11,0.020022072282238623
2012-09-12,0.043313901345291894
2012-09-13,0.07691825279859543
2012-09-14,0.10297413233971997
2012-09-17,0.0901144473591311
2012-09-18,0.08078304212670218
2012-09-19,0.08869380486738199
2012-09-20,0.07451485748938813
2012-09-21,0.07300089547052346
2012-09-24,0.07208273627811423
2012-09-25,0.06572682289235421
2012-09-26,0.056916455313876346
2012-09-27,0.06803822741228527
2012-09-28,0.06334653052719363
2012-10-01,0.07018989276175103
2012-10-02,0.06808966481930723
2012-10-03,0.06338990697859614
2012-10-04,0.07040591775591976
2012-10-05,0.06783431618348135
2012-10-08,0.06557492671530318
2012-10-09,0.05336139819369223
2012-10-10,0.05352375339224302
2012-10-11,0.053312652142964545
2012-10-12,0.04952524769208577
2012-10-15,0.04791871316306562
2012-10-16,0.05480670244223074
2012-10-17,0.05621247396152529
2012-10-18,0.0505231963494277
2012-10-19,0.04984876458341603
2012-10-22,0.054382968340146
2012-10-23,0.03610757001579401
2012-10-24,0.03259391226888653
2012-10-25,0.04118673344501711
2012-10-26,0.03632344335840232
2012-10-31,0.03864282653578055
2012-11-01,0.05374653338747537
2012-11-02,0.04233484108264829
2012-11-05,0.03396076945597426
2012-11-06,0.03902394993380787
2012-11-07,0.032308180905213923
2012-11-08,0.03900883954701184
2012-11-09,0.03565852343940623
2012-11-12,0.03214288764937656
2012-11-13,0.032284884687705295
2012-11-14,0.009946393367936901
2012-11-15,0.0016626553158207713
2012-11-16,0.004213262432735565
2012-11-19,0.018598555377889125
2012-11-20,0.01515626456111363
2012-11-21,0.018630860217784706
2012-11-23,0.02348587890410636
2012-11-26,0.016223330211841525
2012-11-27,0.006757810031389422
2012-11-28,0.006854762355615884
2012-11-29,0.01632972084834039
2012-11-30,0.010717807759291542
2012-12-03,0.004953980787609336
2012-12-04,0.006031711482438196
2012-12-05,0.0018393726067271743
2012-12-06,0.007989480934194937
2012-12-07,-0.0020972314876565035
2012-12-10,0.002562019621322964
2012-12-11,0.004815636458989747
2012-12-12,0.013420977136943124
2012-12-13,0.011649791641566987
2012-12-14,0.01504855578723685
2012-12-17,0.02008822869675897
2012-12-18,0.030530927513965356
2012-12-19,0.025738316049917387
2012-12-20,0.03041231765267538
2012-12-21,0.03171587618945049
2012-12-24,0.0268133307903462
2012-12-26,0.023018899204245713
2012-12-27,0.032294941411833644
2012-12-28,0.03306900205284591
2012-12-31,0.043998808942855794
2013-01-02,0.06258726526161174
2013-01-03,0.05152979730650187
2013-01-04,0.06337223924040902
2013-01-07,0.05960406722703104
2013-01-08,0.0552490279577873
2013-01-09,0.056793239232838744
2013-01-10,0.07582232183540194
2013-01-11,0.07142944978910748
2013-01-14,0.07700461659354518
2013-01-15,0.07663262679138594
2013-01-16,0.07493268053855728
2013-01-17,0.07474286645349348
2013-01-18,0.07137976197255425
2013-01-22,0.06507707618254699
2013-01-23,0.055286228341698385
2013-01-24,0.03989803610073306
2013-01-25,0.0318961118894725
2013-01-28,0.008473136031466044
2013-01-29,0.014740484988640778
2013-01-30,0.022532275525538825
2013-01-31,0.02886508910124097
2013-02-01,0.041116651014314165
2013-02-04,0.025935473476458526
2013-02-05,0.016353983440737796
2013-02-06,0.025024630541873316
2013-02-07,0.023416813657934243
2013-02-08,0.02622420430232819
2013-02-11,0.01293324775353133
2013-02-12,0.01797825773245587
2013-02-13,0.017679690785654012
2013-02-14,0.01492113173262144
2013-02-15,0.0017196010525568628
2013-02-19,-0.007652011300201433
2013-02-20,-0.018801316251875866
2013-02-21,-0.02360287131005412
2013-02-22,-0.02464947536050166
2013-02-25,-0.032544626644690045
2013-02-26,-0.019682164758829668
2013-02-27,-0.018000374924715068
2013-02-28,-0.014247615099122646
2013-03-01,-0.021418694635164215
2013-03-04,-0.021648712391636238
2013-03-05,-0.016507038888113557
2013-03-06,-0.013250595062769377
2013-03-07,-0.02383879862959659
2013-03-08,-0.024928400954653207
2013-03-11,-0.02885345784133897
2013-03-12,-0.03235695229158553
2013-03-13,-0.047075243249260934
2013-03-14,-0.04647565267532183
2013-03-15,-0.03883356136052629
2013-03-18,-0.044892552251986406
2013-03-19,-0.045374780646778023
2013-03-20,-0.040834441198244864
2013-03-21,-0.03496428315454936
2013-03-22,-0.03467600281996375
2013-03-25,-0.04296678860913794
2013-03-26,-0.03824271685956748
2013-03-27,-0.03339781043731371
2013-03-28,-0.024463599775028433
2013-04-01,-0.028630485181977527
2013-04-02,-0.03493664215392667
2013-04-03,-0.04593131280842244
2013-04-04,-0.044316608927327805
2013-04-05,-0.045339868809917916
2013-04-08,-0.04987549171749195
2013-04-09,-0.04017391164710149
2013-04-10,-0.04010658649904286
2013-04-11,-0.04148290625804707
2013-04-12,-0.05027167341147576
2013-04-15,-0.08229077879530855
2013-04-16,-0.0771529211708969
2013-04-17,-0.09973693611769585
2013-04-18,-0.10337808680925809
2013-04-19,-0.09476107668568812
2013-04-22,-0.09231191135960737
2013-04-23,-0.09680107041420993
2013-04-24,-0.08651697875649478
2013-04-25,-0.0724178166630236
2013-04-26,-0.08522102757782768
2013-04-29,-0.08560333835632206
2013-04-30,-0.0912594534721145
2013-05-01,-0.09412072901463164
2013-05-02,-0.08904968925976631
2013-05-03,-0.07082363656874413
2013-05-06,-0.06466982633015605
2013-05-07,-0.05765052306608087
2013-05-08,-0.04714336744342318
2013-05-09,-0.05137101664083987
2013-05-10,-0.04944178628389084
2013-05-13,-0.049279699705792046
2013-05-14,-0.05767406001660447
2013-05-15,-0.079647520968255
2013-05-16,-0.10644007155635005
2013-05-17,-0.09151041288575856
2013-05-20,-0.07948111087809617
2013-05-21,-0.07756243379208805
2013-05-22,-0.0799757610139108
2013-05-23,-0.08635876143015186
2013-05-24,-0.10242074405391444
2013-05-28,-0.10412193517107526
2013-05-29,-0.11221380010939974
2013-05-30,-0.11608017662197323
2013-05-31,-0.13192281311844867
2013-06-03,-0.1258245057348336
2013-06-04,-0.11882881615280338
2013-06-05,-0.12357156093643751
2013-06-06,-0.11822197827491776
2013-06-07,-0.11509152433987824
2013-06-10,-0.11172736384898008
2013-06-11,-0.13727953503967727
2013-06-12,-0.11602242152466291
2013-06-13,-0.09796832420473167
2013-06-14,-0.08607542422178938
2013-06-17,-0.0757618911990875
2013-06-18,-0.07030878213931113
2013-06-19,-0.08116350414725504
2013-06-20,-0.12776614525598307
2013-06-21,-0.13191986262163635
2013-06-24,-0.14613973546165415
2013-06-25,-0.13291548203670134
2013-06-26,-0.1369263068131782
2013-06-27,-0.12337526351794659
2013-06-28,-0.11224904570790417
2013-07-01,-0.10213145121579414
2013-07-02,-0.11065033608856856
2013-07-03,-0.12081945133621541
2013-07-05,-0.13415623798744214
2013-07-08,-0.14006291106662772
2013-07-09,-0.14218002671530872
2013-07-10,-0.16159234810723355
2013-07-11,-0.13014208389715765
2013-07-12,-0.12942963786299777
2013-07-15,-0.11894764530522295
2013-07-16,-0.10783542144292124
2013-07-17,-0.10602368285567076
2013-07-18,-0.10185003048960306
2013-07-19,-0.12146811807316804
2013-07-22,-0.09293071276906306
2013-07-23,-0.07643520724154262
2013-07-24,-0.09297463061053712
2013-07-25,-0.09703252235599646
2013-07-26,-0.08135654369982759
2013-07-29,-0.08422131971530722
2013-07-30,-0.08684144189563814
2013-07-31,-0.09576695493855181
2013-08-01,-0.0834225304242392
2013-08-02,-0.08539024998600075
2013-08-05,-0.07834233203418228
2013-08-06,-0.08266382284931961
2013-08-07,-0.08483213737864492
2013-08-08,-0.05625290562528973
2013-08-09,-0.022081757421894443
2013-08-12,0.013046910707608772
2013-08-13,0.016954181545606017
2013-08-14,0.022630214987043207
2013-08-15,0.025406254730721667
2013-08-16,0.017722710163112332
2013-08-19,0.009710568492505844
2013-08-20,0.014188267394271037
2013-08-21,-0.0013249420337853035
2013-08-22,0.01358717118255881
2013-08-23,0.019799108908281626
2013-08-26,0.017684632845907045
2013-08-27,-0.006216696269981337
2013-08-28,-0.00824687698496629
2013-08-29,0.003538641648965557
2013-08-30,0.007014028056113064
2013-09-03,0.009545741559262577
2013-09-04,0.018157492354740956
2013-09-05,0.015832115818834813
2013-09-06,0.0214659351875488
2013-09-09,0.030990724588351393
2013-09-10,0.03519789844244481
2013-09-11,0.03837869174188069
2013-09-12,0.016421104179531243
2013-09-13,0.012474222958752446
2013-09-16,0.015033983845670562
2013-09-17,-0.0035587188612089538
2013-09-18,0.015014790129929567
2013-09-19,0.026412066752247387
2013-09-20,0.015933378261288933
2013-09-23,0.010597910361570317
2013-09-24,-0.0014331550802132442
2013-09-25,-0.0011443299520338401
2013-09-26,-0.012950125168495363
2013-09-27,-0.020124385831575275
2013-09-30,-0.02607065377507478
2013-10-01,-0.022488892223751833
2013-10-02,-0.02517773464726425
2013-10-03,-0.028118716319471382
2013-10-04,-0.030514581691249987
2013-10-07,-0.03131483715319572
2013-10-08,-0.034503453560461694
2013-10-09,-0.028203878033228658
2013-10-10,-0.013753434341810311
2013-10-11,-0.0050643482729811895
2013-10-14,-0.0030237187995022508
2013-10-15,-0.0033597440602601836
2013-10-16,-0.0006845432278340668
2013-10-17,0.022414769388563016
2013-10-18,0.024688260665329587
2013-10-21,0.028808757862391232
2013-10-22,0.030524464342821744
2013-10-23,0.03272640153330242
2013-10-24,0.042673587474473695
2013-10-25,0.04310065495572668
2013-10-28,0.04044669619883923
2013-10-29,0.03761800324211051
2013-10-30,0.037934099422260115
2013-10-31,0.03158634463882937
2013-11-01,0.03292313537588121
2013-11-04,0.03016362342897927
2013-11-05,0.006784960442997701
2013-11-06,0.013563832584755575
2013-11-07,0.0037755295206458594
2013-11-08,-0.010880774492264211
2013-11-11,-0.015495427190445499
2013-11-12,-0.025855344983871875
2013-11-13,-0.03505458152406027
2013-11-14,-0.029515209125473563
2013-11-15,-0.03435517970401547
2013-11-18,-0.04432827686918828
2013-11-19,-0.05047926706561301
2013-11-20,-0.06061393415240557
2013-11-21,-0.06624784926821858
2013-11-22,-0.0711839166046151
2013-11-25,-0.07112696680066954
2013-11-26,-0.0631645711300961
2013-11-27,-0.05744378875027878
2013-11-29,-0.05604995513012123
2013-12-02,-0.06259827779857585
2013-12-03,-0.0825635970082067
2013-12-04,-0.07967004953550261
2013-12-05,-0.08071722358127764
2013-12-06,-0.06721711451146284
2013-12-09,-0.05746425681143641
2013-12-10,-0.02697315109934484
2013-12-11,-0.02606819582778941
2013-12-12,-0.029940411437105685
2013-12-13,-0.01961325966850669
2013-12-16,-0.008062156626896244
2013-12-17,-0.0024501965035897966
2013-12-18,0.016046376685847186
2013-12-19,-0.002560958406127467
2013-12-20,-0.0004342421659984108
2013-12-23,-0.01603662410869766
2013-12-24,-0.012865369988045772
2013-12-26,-0.01599413059427579
2013-12-27,-0.00032061906650782124
2013-12-30,0.0065680106913539316
2013-12-31,0.022137516493184295
2014-01-02,0.025943933753705073
2014-01-03,0.018531775731347455
2014-01-06,0.009855100746452239
2014-01-07,0.014070084951457895
2014-01-08,-0.0006390641501244909
2014-01-09,-0.00695267954320089
2014-01-10,0.0031836270608314177
2014-01-13,0.005582236468086421
2014-01-14,0.006973923590056108
2014-01-15,0.007336856468347364
2014-01-16,0.017141310232811513
2014-01-17,0.030874358363476517
2014-01-21,0.04544076404153863
2014-01-22,0.046088962037379444
2014-01-23,0.04744193600779756
2014-01-24,0.005531566771592722
2014-01-27,-0.003986332574030693
2014-01-28,-0.01030104911053542
2014-01-29,-0.021593374624113038
2014-01-30,-0.01450482677512488
2014-01-31,-0.010167310868935742
2014-02-03,-0.031002080273437205
2014-02-04,-0.02743007136411979
2014-02-05,-0.02967563837128917
2014-02-06,-0.025082254880455013
2014-02-07,-0.0016850725624066865
2014-02-10,0.00046141423463041953
2014-02-11,0.024815136299211282
2014-02-12,0.02928056605432139
2014-02-13,0.03211757404671678
2014-02-14,0.03948755104729407
2014-02-18,0.04271905378420615
2014-02-19,0.026760841431048288
2014-02-20,0.034320629092803534
2014-02-21,0.03550681391363519
2014-02-24,0.03917525773196018
2014-02-25,0.022663570550472523
2014-02-26,0.01377175888778015
2014-02-27,0.013796262467078435
2014-02-28,0.018310089344085068
2014-03-03,0.012345679012347066
2014-03-04,0.002431620862981765
2014-03-05,0.0009784257130289742
2014-03-06,0.006932870056191698
2014-03-07,-0.010082985301295144
2014-03-10,-0.02047419048909227
2014-03-11,-0.024133971706491453
2014-03-12,-0.028287279656978304
2014-03-13,-0.03696744568866439
2014-03-14,-0.031740272399879865
2014-03-17,-0.02666478937307304
2014-03-18,-0.04235194695442912
2014-03-19,-0.0552868976883365
2014-03-20,-0.04742244550297725
2014-03-21,-0.049487850710924985
2014-03-24,-0.052811810364506884
2014-03-25,-0.0506525369789077
2014-03-26,-0.05246913580246804
2014-03-27,-0.04136849328497105
2014-03-28,-0.0233781796394128
2014-03-31,-0.015549913369437451
2014-04-01,-0.017862496388798332
2014-04-02,-0.011088264329385145
2014-04-03,-0.008732242166904602
2014-04-04,0.0016160733784682524
2014-04-07,0.006601903576169077
2014-04-08,0.007187918180081576
2014-04-09,0.01092335084710716
2014-04-10,0.022281673991975115
2014-04-11,0.010603214816110151
2014-04-14,0.02081104098879849
2014-04-15,0.0007535671575786829
2014-04-16,0.009120250779591332
2014-04-17,0.01819363577772304
2014-04-21,0.019221417839094368
2014-04-22,0.017428955684093417
2014-04-23,0.025516483155840763
2014-04-24,0.030797517811998576
2014-04-25,0.02987132352941302
2014-04-28,0.03725393700787549
2014-04-29,0.03895521980273897
2014-04-30,0.05528386948880715
2014-05-01,0.057195662485076904
2014-05-02,0.049656862745099506
2014-05-05,0.04288294365323875
2014-05-06,0.038943044371272606
2014-05-07,0.039030743765773535
2014-05-08,0.04418946238773902
2014-05-09,0.04959635282715591
2014-05-12,0.06997907440751527
2014-05-13,0.046516152042107795
2014-05-14,0.05531855147908682
2014-05-15,0.04828855474358118
2014-05-16,0.049524179452322015
2014-05-19,0.04745186862967277
2014-05-20,0.04181624138934836
2014-05-21,0.043748821421838
2014-05-22,0.05167929435711982
2014-05-23,0.05787187780869529
2014-05-27,0.05002823567375825
2014-05-28,0.04684569457058707
2014-05-29,0.044722258022942274
2014-05-30,0.050693024678440946
2014-06-02,0.04815343041585485
2014-06-03,0.043171518261784
2014-06-04,0.02830299785867374
2014-06-05,0.036344961509863216
2014-06-06,0.03833944355968022
2014-06-09,0.04243951128642398
2014-06-10,0.03978463096729623
2014-06-11,0.03445852411883843
2014-06-12,0.03368193829320165
2014-06-13,0.034623920823202425
2014-06-16,0.03429295634236884
2014-06-17,0.031064352503892945
2014-06-18,0.03846336784361126
2014-06-19,0.05265822784810248
2014-06-20,0.04919309843883357
2014-06-23,0.0528565876408873
2014-06-24,0.04149151405239504
2014-06-25,0.03741676300275798
2014-06-26,0.045203727389002024
2014-06-27,0.04210378199215281
2014-06-30,0.04495767495824854
2014-07-01,0.05411679173266304
2014-07-02,0.05994308905164103
2014-07-03,0.07172893208302633
2014-07-07,0.07891300420656133
2014-07-08,0.07673447101789055
2014-07-09,0.08029977486044548
2014-07-10,0.06919903958628448
2014-07-11,0.06006279804742265
2014-07-14,0.05913211541116503
2014-07-15,0.04601685872267991
2014-07-16,0.04418825112382008
2014-07-17,0.04154751122011913
2014-07-18,0.03780899875511401
2014-07-21,0.03758688923842013
2014-07-22,0.03919105130907141
2014-07-23,0.04054006201911253
2014-07-24,0.03940754810388203
2014-07-25,0.04388814349269232
2014-07-28,0.04151114469210526
2014-07-29,0.031087744012880947
2014-07-30,0.029822612507101276
2014-07-31,0.023320056856138027
2014-08-01,0.028019187925256706
2014-08-04,0.02632093393951962
2014-08-05,0.015905130105567933
2014-08-06,0.014985114952594136
2014-08-07,0.011064059554938943
2014-08-08,0.019682285942652644
2014-08-11,0.02815164646444579
2014-08-12,0.03178766993487003
2014-08-13,0.030234481659011214
2014-08-14,0.03044783251452321
2014-08-15,0.026043324315723648
2014-08-18,0.03337688207563705
2014-08-19,0.024796915396717134
2014-08-20,0.021307606885065278
2014-08-21,0.0176843857276614
2014-08-22,0.019428577085665033
2014-08-25,0.014892669898111777
2014-08-26,0.01682200500113784
2014-08-27,0.012561660272269126
2014-08-28,0.013662334586578506
2014-08-29,0.011955884020530716
2014-09-02,0.009291098083650695
2014-09-03,0.016214035104986424
2014-09-04,0.003009115850961308
2014-09-05,0.013822983288632962
2014-09-08,0.012034533023799865
2014-09-09,0.0026435045317232397
2014-09-10,-0.008783366499690137
2014-09-11,-0.003311031219692784
2014-09-12,-0.008835608726937005
2014-09-15,-0.0021278781386190326
2014-09-16,0.013819997947526419
2014-09-17,-0.0018754029185944487
2014-09-18,0.0007810898155664603
2014-09-19,-0.007222788874951869
2014-09-22,-0.03045226915530097
2014-09-23,-0.03377817695469121
2014-09-24,-0.0295108212852766
2014-09-25,-0.03788618521266918
2014-09-26,-0.039790790688133404
2014-09-29,-0.04887308047470729
2014-09-30,-0.05311331133113173
2014-10-01,-0.057175156726387066
2014-10-02,-0.07253053143316279
2014-10-03,-0.07719494595470056
2014-10-06,-0.07628993716257926
2014-10-07,-0.0856881059352077
2014-10-08,-0.07118891608115419
2014-10-09,-0.073813265336376
2014-10-10,-0.07514353593347689
2014-10-13,-0.07321715339320589
2014-10-14,-0.06390137867373202
2014-10-15,-0.06240682952038157
2014-10-16,-0.06619531199466444
2014-10-17,-0.05815100430415887
2014-10-20,-0.05942944935228023
2014-10-21,-0.05319228636928752
2014-10-22,-0.05880322900098833
2014-10-23,-0.05833087053001007
2014-10-24,-0.055677901907765226
2014-10-27,-0.05784986964187766
2014-10-28,-0.04905540801544961
2014-10-29,-0.053251815517256995
2014-10-30,-0.05823137211389884
2014-10-31,-0.054363636363634615
2014-11-03,-0.04941243097833603
2014-11-04,-0.05613079294997869
2014-11-05,-0.06657201531323509
2014-11-06,-0.061282115088693856
2014-11-07,-0.040745750989145346
2014-11-10,-0.05291873194736463
2014-11-11,-0.04182142857142679
2014-11-12,-0.044766737700643544
2014-11-13,-0.05183622904999163
2014-11-14,-0.04371192385797029
2014-11-17,-0.04151257396449515
2014-11-18,-0.03169655257553594
2014-11-19,-0.042479198330712675
2014-11-20,-0.03546051714974041
2014-11-21,-0.00581638609232682
2014-11-24,-0.005372896606644195
2014-11-25,-0.0008023314198142284
2014-11-26,0.0021451221786996655
2014-11-28,-0.02068135357539236
2014-12-01,-0.017767802870901184
2014-12-02,-0.022806031656830816
2014-12-03,-0.013096819567084306
2014-12-04,-0.01818267193972667
2014-12-05,-0.02190067097259485
2014-12-08,-0.025042391509135897
2014-12-09,-0.013675374893896253
2014-12-10,-0.022510113809874333
2014-12-11,-0.031619826372099924
2014-12-12,-0.045700807135220956
2014-12-15,-0.06423790722715861
2014-12-16,-0.08970138352263524
2014-12-17,-0.06345298855087189
2014-12-18,-0.038234402989436256
2014-12-19,-0.04042866953794866
2014-12-22,-0.04461472013820933
2014-12-23,-0.042359890828876146
2014-12-24,-0.04357036252467206
2014-12-26,-0.025837551217158805
2014-12-29,-0.02777047932093768
2014-12-30,-0.025748792270529397
2014-12-31,-0.024489050310543714
2015-01-02,-0.024849595965567683
2015-01-05,-0.038649240520630235
2015-01-06,-0.029876863602343318
2015-01-07,-0.03176646771100222
2015-01-08,-0.020028673989670898
2015-01-09,-0.02390633763320027
2015-01-12,-0.026428532887279865
2015-01-13,-0.049666495638787
2015-01-14,-0.08119248932958778
2015-01-15,-0.07398618447785255
2015-01-16,-0.0665881829574595
2015-01-20,-0.06252139189959871
2015-01-21,-0.06358947574590113
2015-01-22,-0.05169483215114368
2015-01-23,-0.06204582651390966
2015-01-26,-0.046841375091485116
2015-01-27,-0.048419555944436254
2015-01-28,-0.06089099422250022
2015-01-29,-0.06728358831176473
2015-01-30,-0.070938391125419
2015-02-02,-0.058237417196679186
2015-02-03,-0.046316902805012994
2015-02-04,-0.04267993359183042
2015-02-05,-0.029955888766815764
2015-02-06,-0.04672587303604692
2015-02-09,-0.03470973808667566
2015-02-10,-0.0465702431269126
2015-02-11,-0.05504892498169289
2015-02-12,-0.03911886736909742
2015-02-13,-0.02689989546960625
2015-02-17,-0.02912940155052368
2015-02-18,-0.026713984868573015
2015-02-19,-0.033645318548430225
2015-02-20,-0.04206327925995257
2015-02-23,-0.05125365018628347
2015-02-24,-0.05187783299808746
2015-02-25,-0.04921677614956865
2015-02-26,-0.04761342155009263
2015-02-27,-0.0434902719128597
2015-03-02,-0.044607796052815396
2015-03-03,-0.042920616952028534
2015-03-04,-0.04049671127239518
2015-03-05,-0.04065091446097702
2015-03-06,-0.0639463062796356
2015-03-09,-0.07432767858671074
2015-03-10,-0.08465850589177248
2015-03-11,-0.08140201598568664
2015-03-12,-0.07441341809695501
2015-03-13,-0.07227506582244725
2015-03-16,-0.07925903256168265
2015-03-17,-0.07418335821154376
2015-03-18,-0.05904777354205315
2015-03-19,-0.06109738700810474
2015-03-20,-0.051184988213980875
2015-03-23,-0.05037276544272229
2015-03-24,-0.04635518590997856
2015-03-25,-0.053316844389479257
2015-03-26,-0.05980039267015502
2015-03-27,-0.06332314824570451
2015-03-30,-0.04831492960058903
2015-03-31,-0.05027171518373619
2015-04-01,-0.029525983807190737
2015-04-02,-0.0188789309009898
2015-04-06,-0.01165829857280043
2015-04-07,-0.011357595945991839
2015-04-08,-0.014571345779689437
2015-04-09,-0.014459286627822476
2015-04-10,-0.013768812039703815
2015-04-13,-0.01940138963121152
2015-04-14,-0.010608502262630104
2015-04-15,0.002094652091380933
2015-04-16,0.0037077153807716368
2015-04-17,-0.0008751093886717465
2015-04-20,-0.00232271435973308
2015-04-21,-0.002586027111572742
2015-04-22,0.0019253580987255159
2015-04-23,0.008408773750315124
2015-04-24,0.012746945982059499
2015-04-27,0.02392572880992061
2015-04-28,0.03377289814428264
2015-04-29,0.033230519577371664
2015-04-30,0.03587893245862728
2015-05-01,0.04650788542002138
2015-05-04,0.05197660010484895
2015-05-05,0.05753416500431929
2015-05-06,0.049756219527443024
2015-05-07,0.04784979521859434
2015-05-08,0.03754471380191027
2015-05-11,0.04346351159939754
2015-05-12,0.04609572537704354
2015-05-13,0.05697282450372665
2015-05-14,0.06054429853229748
2015-05-15,0.06424481455962572
2015-05-18,0.046115106631906766
2015-05-19,0.034565701559021944
2015-05-20,0.03226553591790382
2015-05-21,0.030566985518091228
2015-05-22,0.026135372086261377
2015-05-26,0.00959740745357296
2015-05-27,0.0025344856240672176
2015-05-28,-0.0011100557995943339
2015-05-29,-0.0028201124482711837
2015-06-01,-0.004922539769250278
2015-06-02,0.013625434143736959
2015-06-03,0.009433178191491143
2015-06-04,0.0027011303191508684
2015-06-05,-0.0017684620314745159
2015-06-08,-0.004905217205625978
2015-06-09,-0.006365689290348309
2015-06-10,-0.004489404295138111
2015-06-11,-0.00404836733606595
2015-06-12,0.0004080763635092577
2015-06-15,-0.010028721027809162
2015-06-16,-0.012555513559480258
2015-06-17,0.0009088655705216109
2015-06-18,0.008597357108742543
2015-06-19,-0.001986079761432946
2015-06-22,0.0003710575139164174
2015-06-23,0.0012596682481211818
2015-06-24,0.010738776038299092
2015-06-25,-0.0030438895972998425
2015-06-26,0.0015204438052205393
2015-06-29,-0.014897262283345425
2015-06-30,-0.021288200003517055
2015-07-01,-0.018556954900441403
2015-07-02,-0.015728874766966938
2015-07-06,-0.02376262004432228
2015-07-07,-0.03532219850336449
2015-07-08,-0.04750422416220612
2015-07-09,-0.045684236473438
2015-07-10,-0.03661242603550097
2015-07-13,-0.03288013807192236
2015-07-14,-0.031275686338975484
2015-07-15,-0.04080637676732479
2015-07-16,-0.04105644232351313
2015-07-17,-0.0523140252866785
2015-07-20,-0.07183891132117493
2015-07-21,-0.06514644548646109
2015-07-22,-0.07237668425862964
2015-07-23,-0.0841801337954553
2015-07-24,-0.08915931950825606
2015-07-27,-0.10310322764111857
2015-07-28,-0.09093445240483466
2015-07-29,-0.07592558460321708
2015-07-30,-0.08246415573120935
2015-07-31,-0.08022060666833619
2015-08-03,-0.09422752456054106
2015-08-04,-0.09941692361219256
2015-08-05,-0.10239246535796587
2015-08-06,-0.0989689478444361
2015-08-07,-0.10470036389133863
2015-08-10,-0.08580032233437773
2015-08-11,-0.09831056247759695
2015-08-12,-0.10407438323696061
2015-08-13,-0.11500843582658693
2015-08-14,-0.14558709819949
2015-08-17,-0.15973090689550906
2015-08-18,-0.16737685147963566
2015-08-19,-0.17419759449104733
2015-08-20,-0.17902258358169698
2015-08-21,-0.20564857094537292
2015-08-24,-0.24881488243255834
2015-08-25,-0.2513762164487905
2015-08-26,-0.23810189924525982
2015-08-27,-0.17796886071585694
2015-08-28,-0.14843594852050723
2015-08-31,-0.14714847970365608
2015-09-01,-0.16835980134460338
2015-09-02,-0.15605669601753092
2015-09-03,-0.1450524274119519
2015-09-04,-0.1584739449229503
2015-09-08,-0.14120402259264175
2015-09-09,-0.14400595387067272
2015-09-10,-0.1323473017468212
2015-09-11,-0.12516843341984374
2015-09-14,-0.12558886438294825
2015-09-15,-0.12391138580085703
2015-09-16,-0.11070968088535316
2015-09-17,-0.09865897154106829
2015-09-18,-0.11202128451794824
2015-09-21,-0.11084823886928452
2015-09-22,-0.12020786954205664
2015-09-23,-0.12375717902797301
2015-09-24,-0.12059089123106725
2015-09-25,-0.11643095590985053
2015-09-28,-0.13454191168794816
2015-09-29,-0.1265477630410594
2015-09-30,-0.10932331355128477
2015-10-01,-0.09953014547147487
2015-10-02,-0.09075386141419628
2015-10-05,-0.05349042249114533
2015-10-06,-0.04504600898779987
2015-10-07,-0.03083164590473364
2015-10-08,-0.024994616323305352
2015-10-09,-0.0030167107053604703
2015-10-12,-0.017004493115850283
2015-10-13,-0.01842135775986742
2015-10-14,-0.008970239739467756
2015-10-15,-0.002959636679080946
2015-10-16,-0.009150173941003592
2015-10-19,-0.018301755414663612
2015-10-20,-0.01790399753048033
2015-10-21,-0.02503371482051664
2015-10-22,-0.011553007918683189
2015-10-23,0.0005846698095779423
2015-10-26,0.0004005073092610001
2015-10-27,-0.009161417937637362
2015-10-28,-0.009035201502882284
2015-10-29,-0.011181201231723281
2015-10-30,-0.01497602637098916
2015-11-02,-0.010458821674459884
2015-11-03,2.886579864025407e-15
2015-11-04,-0.005970554311687359
2015-11-05,-0.015275479908435141
2015-11-06,-0.010496183206104348
2015-11-09,-0.01685035066945728
2015-11-10,-0.016658299484274663
2015-11-11,-0.008199094746785485
2015-11-12,-0.021776451827037024
2015-11-13,-0.03028057658373129
2015-11-16,-0.030324578506707
2015-11-17,-0.03909173701087276
2015-11-18,-0.02792667238421731
2015-11-19,-0.030791496921613648
2015-11-20,-0.02594958497494304
2015-11-23,-0.040763133556013464
2015-11-24,-0.03668400430767582
2015-11-25,-0.047752229430776394
2015-11-27,-0.05628447491029598
2015-11-30,-0.054271402968611104
2015-12-01,-0.04938271604938016
2015-12-02,-0.067239461470597
2015-12-03,-0.06517565014362048
2015-12-04,-0.04672358542039434
2015-12-07,-0.05737957136482985
2015-12-08,-0.07755406987491265
2015-12-09,-0.0666846610626951
2015-12-10,-0.06928666857155863
2015-12-11,-0.08054449127962937
2015-12-14,-0.09023861171366365
2015-12-15,-0.08470314318975336
2015-12-16,-0.0727874919336633
2015-12-17,-0.08399140227091972
2015-12-18,-0.09751416132203339
2015-12-21,-0.10137870664186233
2015-12-22,-0.09363870472850588
2015-12-23,-0.07527918185023874
2015-12-24,-0.06200285539465411
2015-12-28,-0.0770354086519568
2015-12-29,-0.08057747320109188
2015-12-30,-0.08286840676418772
2015-12-31,-0.08257488002647473
2016-01-04,-0.08659621319147703
2016-01-05,-0.08362005552523322
2016-01-06,-0.0968028419182928
2016-01-07,-0.11360762262289914
2016-01-08,-0.11830462223427729
2016-01-11,-0.12760691975011806
2016-01-12,-0.1325745701815707
2016-01-13,-0.14104539623889512
2016-01-14,-0.1342257421893961
2016-01-15,-0.14554044054869186
2016-01-19,-0.1518043762246879
2016-01-20,-0.14339455631776743
2016-01-21,-0.14013870720931743
2016-01-22,-0.11290309268139465
2016-01-25,-0.11343305834409889
2016-01-26,-0.08691099476439557
2016-01-27,-0.08026513256628065
2016-01-28,-0.06864114120391418
2016-01-29,-0.052440956764503666
2016-02-01,-0.05000378243437231
2016-02-02,-0.07747363451665157
2016-02-03,-0.04584984913920365
2016-02-04,-0.022780027447855344
2016-02-05,-0.0027076578335318846
2016-02-08,-0.00835912786148929
2016-02-09,-0.02602781754959882
2016-02-10,-0.00495176299837552
2016-02-11,0.004190111337246449
2016-02-12,0.05103359726086265
2016-02-16,0.05074654993704031
2016-02-17,0.059322614925785055
2016-02-18,0.05766147356146667
2016-02-19,0.05425990890922949
2016-02-22,0.07131458379807087
2016-02-23,0.0646531747257868
2016-02-24,0.07576277879844362
2016-02-25,0.07951170097694438
2016-02-26,0.0843513121410635
2016-02-29,0.08516280746322735
2016-03-01,0.10063723766477994
2016-03-02,0.14179507164698424
2016-03-03,0.15146979584506104
2016-03-04,0.18848654459821823
2016-03-07,0.2003931613748764
2016-03-08,0.17717003567182243
2016-03-09,0.20238377609108493
2016-03-10,0.19985304302292528
2016-03-11,0.20948796322025243
2016-03-14,0.20939270575398017
2016-03-15,0.18931583880037817
2016-03-16,0.20295172183774213
2016-03-17,0.23623786548858106
2016-03-18,0.24675614657504008
2016-03-21,0.2464411273125504
2016-03-22,0.23761248340409113
2016-03-23,0.2121810511542166
2016-03-24,0.2055530275945041
2016-03-28,0.19434663299254828
2016-03-29,0.2085100549920207
2016-03-30,0.21891106436955465
2016-03-31,0.21500503524673054
2016-04-01,0.19480943247567017
2016-04-04,0.16720310765816127
2016-04-05,0.15966486093782417
2016-04-06,0.13911859819187877
2016-04-07,0.09835461304389082
2016-04-08,0.1302368083976415
2016-04-11,0.23882311842565285
2016-04-12,0.2896980160626512
2016-04-13,0.27708566093757536
2016-04-14,0.24807933432121665
2016-04-15,0.24743061529406796
2016-04-18,0.2602359108781167
2016-04-19,0.29927294601680265
2016-04-20,0.2826647416726862
2016-04-21,0.2691515169229006
2016-04-22,0.2487326211353138
2016-04-25,0.22476311166153384
2016-04-26,0.24774320818234807
2016-04-27,0.25229494473688296
2016-04-28,0.25795958600296065
2016-04-29,0.2621747971740671
2016-05-02,0.2467848670246009
2016-05-03,0.19509019899572588
2016-05-04,0.15548450700368655
2016-05-05,0.14081486776269103
2016-05-06,0.15268084991166853
2016-05-09,0.11316714476183098
2016-05-10,0.14068555593486165
2016-05-11,0.15066004843904213
2016-05-12,0.12266991351301604
2016-05-13,0.15015860897950928
2016-05-16,0.15648150571974906
2016-05-17,0.15335654550779654
2016-05-18,0.11974074409811108
2016-05-19,0.10085500924595836
2016-05-20,0.09570135891697396
2016-05-23,0.09327112705271468
2016-05-24,0.07049717858777171
2016-05-25,0.08314251375798887
2016-05-26,0.07788944723618374
2016-05-27,0.05911234292307577
2016-05-31,0.0509836987071417
2016-06-01,0.050823406400540616
2016-06-02,0.05035819506900552
2016-06-03,0.0893753244505997
2016-06-06,0.09401267296004412
2016-06-07,0.08529395525181105
2016-06-08,0.08198976503604527
2016-06-09,0.08097832047673292
2016-06-10,0.051499225324302955
2016-06-13,0.03542815586934367
2016-06-14,0.02246145104842512
2016-06-15,0.04094882150823076
2016-06-16,0.03187368421052872
2016-06-17,0.0372689075630277
2016-06-20,0.04851595438865708
2016-06-21,0.042790814405825106
2016-06-22,0.041337831715984485
2016-06-23,0.05090509169812685
2016-06-24,0.019353384618124636
2016-06-27,0.0018353186349990835
2016-06-28,0.019983691605906406
2016-06-29,0.04176737605376668
2016-06-30,0.05411745339314633
2016-07-01,0.05569264132696672
2016-07-05,0.05750276062328985
2016-07-06,0.06802661683287892
2016-07-07,0.05657620041753919
2016-07-08,0.07620450606586049
2016-07-11,0.08998674886213309
2016-07-12,0.08531999309988181
2016-07-13,0.06716529286157336
2016-07-14,0.1040671910961517
2016-07-15,0.09105863806162229
2016-07-18,0.09692917963273517
2016-07-19,0.08955725017072869
2016-07-20,0.07096455182526795
2016-07-21,0.07832877427556628
2016-07-22,0.07905561599129962
2016-07-25,0.0641241755382358
2016-07-26,0.0799735661918397
2016-07-27,0.10857835536887461
2016-07-28,0.12038449200569801
2016-07-29,0.11958311093631724
2016-08-01,0.11833065054375802
2016-08-02,0.11956758934416856
2016-08-03,0.12371329580388202
2016-08-04,0.12655179318323606
2016-08-05,0.1113391653584388
2016-08-08,0.1185307648073628
2016-08-09,0.11097386806654796
2016-08-10,0.12079916849520966
2016-08-11,0.12561059181491996
2016-08-12,0.11822700503617423
2016-08-15,0.11857500531836784
2016-08-16,0.11857849458855285
2016-08-17,0.10972552339400488
2016-08-18,0.12091639393038012
2016-08-19,0.11308981280235786
2016-08-22,0.09178042404879672
2016-08-23,0.08159872136616642
2016-08-24,0.04731932111948067
2016-08-25,0.043157782288219204
2016-08-26,0.03686569630170711
2016-08-29,0.040826744229329526
2016-08-30,0.016107460912209826
2016-08-31,-0.016005851145582395
2016-09-01,0.00882440129587092
2016-09-02,0.033289109947092665
2016-09-06,0.05325715370980211
2016-09-07,0.048977120139019004
2016-09-08,0.047069397795546086
2016-09-09,0.016832826109772325
2016-09-12,0.01651749943702452
2016-09-13,-0.006325772031721022
2016-09-14,-0.0025786514801126037
2016-09-15,0.0006565988181241877
2016-09-16,-0.013837211117642911
2016-09-19,-0.010176344935473258
2016-09-20,-0.006648501362395809
2016-09-21,0.020577218967100297
2016-09-22,0.024652476107734245
2016-09-23,0.012531354191399391
2016-09-26,-0.004069291273686382
2016-09-27,-0.013088668658679525
2016-09-28,-0.0018898640633084884
2016-09-29,-0.008202271398231487
2016-09-30,-0.012447090896045232
2016-10-03,-0.01402242359084438
2016-10-04,-0.039191803396143476
2016-10-05,-0.04501992643334585
2016-10-06,-0.05965337795311676
2016-10-07,-0.04780452351583164
2016-10-10,-0.048230210818391295
2016-10-11,-0.05490161945185246
2016-10-12,-0.048862955240547734
2016-10-13,-0.05321913490074104
2016-10-14,-0.05198535219357914
2016-10-17,-0.04924568965517062
2016-10-18,-0.030853776803992372
2016-10-19,-0.013579721223250352
2016-10-20,-0.015635098950476767
2016-10-21,-0.016255993436064098
2016-10-24,-0.02139498151272401
2016-10-25,-0.014887700973701179
2016-10-26,-0.019733363450154084
2016-10-27,-0.025759848749510095
2016-10-28,-0.030405405405403596
2016-10-31,-0.019277381240317082
2016-11-01,-0.018408541893080277
2016-11-02,-0.0321587516050994
2016-11-03,-0.02923321529233014
2016-11-04,-0.02104757278542968
2016-11-07,-0.0034027149321247396
2016-11-08,0.006168942067839689
2016-11-09,0.011565933069868972
2016-11-10,0.017150765020526704
2016-11-11,-0.0068752951187981415
2016-11-14,-0.022469107575267544
2016-11-15,-0.00888565185724488
2016-11-16,-0.012686322216952428
2016-11-17,-0.02683915813863469
2016-11-18,-0.023886165776572765
2016-11-21,-0.01813815761938442
2016-11-22,-0.010343437727373006
2016-11-23,-0.026072607260724023
2016-11-25,-0.02049609997483648
2016-11-28,-0.01749425600889465
2016-11-29,-0.019106642457570766
2016-11-30,-0.020511286717247668
2016-12-01,-0.020192529761277944
2016-12-02,-0.008072012646326288
2016-12-05,-0.001639887100078563
2016-12-06,0.007610342070940579
2016-12-07,0.01510240165021548
2016-12-08,0.013546156396534892
2016-12-09,0.007474707065179054
2016-12-12,0.0073633516671509636
2016-12-13,0.011578155178858074
2016-12-14,-0.0008369390139894017
2016-12-15,-0.007717332940270549
2016-12-16,-0.007881851208338286
2016-12-19,-0.022334832857487386
2016-12-20,-0.015842972679438017
2016-12-21,-0.008353033053314363
2016-12-22,-0.011268944394569935
2016-12-23,-0.011417491321965234
2016-12-27,-0.005121212601669534
2016-12-28,-0.0010046159458972914
2016-12-29,0.010513456483916661
2016-12-30,0.00999666777740904
2017-01-03,0.01964393386436658
2017-01-04,0.0339551035725818
2017-01-05,0.04594132184272404
2017-01-06,0.03913346203753698
2017-01-09,0.0407927741826708
2017-01-10,0.04761227970437942
2017-01-11,0.03853252496358861
2017-01-12,0.03587938642572164
2017-01-13,0.041631029651747475
2017-01-17,0.03784829234543241
2017-01-18,0.03869714548995962
2017-01-19,0.03204118684239621
2017-01-20,0.035827654912380824
2017-01-23,0.05342913128674254
2017-01-24,0.071330145938161
2017-01-25,0.07295674204748259
2017-01-26,0.053347084192763905
2017-01-27,0.05881251073173699
2017-01-30,0.04826435455197764
2017-01-31,0.05903241045981211
2017-02-01,0.0626805150089984
2017-02-02,0.07329273597216357
2017-02-03,0.06740463461797175
2017-02-06,0.06675477133225782
2017-02-07,0.06908461086425532
2017-02-08,0.07322233891394525
2017-02-09,0.07167319737126454
2017-02-10,0.08801976079577445
2017-02-13,0.0847305496714914
2017-02-14,0.07725121881273478
2017-02-15,0.07562389457434238
2017-02-16,0.06946429300559531
2017-02-17,0.05763095395843454
2017-02-21,0.059930505034062165
2017-02-22,0.057460348093713476
2017-02-23,0.046288736644068074
2017-02-24,0.030087527352299137
2017-02-27,0.01359453183103887
2017-02-28,0.007485430955619599
2017-03-01,0.012773777907929329
2017-03-02,-0.010539433322568792
2017-03-03,-0.005348402284537479
2017-03-06,-0.025251278434136992
2017-03-07,-0.027796384807931895
2017-03-08,-0.040219378427786334
2017-03-09,-0.04764231491882298
2017-03-10,-0.04078476025412858
2017-03-13,-0.03811462605943783
2017-03-14,-0.04870673144769311
2017-03-15,-0.02755534502134016
2017-03-16,-0.009178471396617205
2017-03-17,-0.014093442697238556
2017-03-20,-0.008116131629262613
2017-03-21,-0.016600202159382293
2017-03-22,-0.013018465016955916
2017-03-23,-0.011607183199704996
2017-03-24,-0.011689100039630751
2017-03-27,-0.016187573317824056
2017-03-28,-0.007272727272725432
2017-03-29,-0.005575129118787436
2017-03-30,-0.009446842134214317
2017-03-31,-0.008446748002017501
2017-04-03,-0.007482517482515716
2017-04-04,0.001647323099964293
2017-04-05,0.00588763596447639
2017-04-06,0.0009677692917844372
2017-04-07,-0.001486195339927887
2017-04-10,-0.004791941958162238
2017-04-11,-0.005145771940582633
2017-04-12,-0.013033506182686838
2017-04-13,-0.020204538541701456
2017-04-17,-0.007678615057064464
2017-04-18,-0.016106030536633287
2017-04-19,-0.02158983796400038
2017-04-20,-0.013774255806181412
2017-04-21,-0.023338637191181788
2017-04-24,-0.026295039425090705
2017-04-25,-0.026751242414403076
2017-04-26,-0.02373430376709429
2017-04-27,-0.0362288389962766
2017-04-28,-0.027634681525312788
2017-05-01,-0.028613507258572035
2017-05-02,-0.020993743984598967
2017-05-03,-0.022420332316582137
2017-05-04,-0.03297939666689953
2017-05-05,-0.020365994670955012
2017-05-08,-0.017883740590151742
2017-05-09,-0.013800467402690031
2017-05-10,-0.0006099343690439962
2017-05-11,0.008645736653082547
2017-05-12,0.01618033117932316
2017-05-15,0.025153578789962383
2017-05-16,0.0232587529951791
2017-05-17,0.022662087036579903
2017-05-18,0.009148209087459058
2017-05-19,0.02990494229181917
2017-05-22,0.03251480593960254
2017-05-23,0.023772353108148403
2017-05-24,0.023187773811457202
2017-05-25,0.021431650480514763
2017-05-26,0.02197217094988102
2017-05-30,0.016762750794787173
2017-05-31,0.014882159662503724
2017-06-01,0.011096523021865368
2017-06-02,0.011550644940576005
2017-06-05,0.015763586722522982
2017-06-06,0.023936547144218334
2017-06-07,0.022973451327435557
2017-06-08,0.023453640795091824
2017-06-09,0.02714281389082518
2017-06-12,0.009852614169815643
2017-06-13,0.016727866177072448
2017-06-14,0.004772548782699948
2017-06-15,-0.01855917183597655
2017-06-16,-0.009747157918053584
2017-06-19,-0.006590308370042264
2017-06-20,-0.01172490522913483
2017-06-21,-0.0011023360463868759
2017-06-22,0.0034522844964259836
2017-06-23,0.009186681826873544
2017-06-26,0.012577509341354709
2017-06-27,0.005777469377905575
2017-06-28,0.008788026565180518
2017-06-29,0.0032825452041178593
2017-06-30,0.009106946308220953
2017-07-03,0.011120100095977525
2017-07-05,0.014811837411447426
2017-07-06,0.007306092094951033
2017-07-07,0.004517587939700363
2017-07-10,0.00828111573964918
2017-07-11,0.012555391432793606
2017-07-12,0.02297794117647256
2017-07-13,0.02282174340850429
2017-07-14,0.03342412978374609
2017-07-17,0.03626628699196588
2017-07-18,0.04076940416259878
2017-07-19,0.041361398030268726
2017-07-20,0.037099266415639987
2017-07-21,0.03862236410233577
2017-07-24,0.0378793550029215
2017-07-25,0.04483392902541028
2017-07-26,0.051672806930202375
2017-07-27,0.05013049638338818
2017-07-28,0.05118327185714566
2017-07-31,0.044794248884484134
2017-08-01,0.05395610434748388
2017-08-02,0.04848406937879712
2017-08-03,0.05177265053461122
2017-08-04,0.04233365049472493
2017-08-07,0.040399415057831733
2017-08-08,0.04279707899978069
2017-08-09,0.05628075551757905
2017-08-10,0.040144642392783814
2017-08-11,0.041403990391688295
2017-08-14,0.043061685337672406
2017-08-15,0.038873253224348314
2017-08-16,0.05169429367757328
2017-08-17,0.04435869883755261
2017-08-18,0.05167542562691496
2017-08-21,0.06310196919477762
2017-08-22,0.06418918918919214
2017-08-23,0.06160330988346674
2017-08-24,0.06502825626784503
2017-08-25,0.06536863488493005
2017-08-28,0.07218989902901618
2017-08-29,0.06863773214708857
2017-08-30,0.0626806332234886
2017-08-31,0.06905670192474678
2017-09-01,0.077433096458418
2017-09-05,0.08010194531239012
2017-09-06,0.0921750377236501
2017-09-07,0.08651850860164911
2017-09-08,0.07924908354971993
2017-09-11,0.08923340715867933
2017-09-12,0.08496772414842368
2017-09-13,0.07822061153434068
2017-09-14,0.07559812235009344
2017-09-15,0.07020641725368959
2017-09-18,0.06727344677483416
2017-09-19,0.06864979954033168
2017-09-20,0.06141095575578426
2017-09-21,0.06044917943773198
2017-09-22,0.059565522074283894
2017-09-25,0.06276810026483881
2017-09-26,0.05567757726921818
2017-09-27,0.05478873108611637
2017-09-28,0.06183875766380931
2017-09-29,0.06335260115607144
2017-10-02,0.076545488097437
2017-10-03,0.10057464653947057
2017-10-04,0.1020130102485548
2017-10-05,0.11633681476468549
2017-10-06,0.10295022772968077
2017-10-09,0.09692230758740017
2017-10-10,0.0891815914758578
2017-10-11,0.08996934096643949
2017-10-12,0.09672938502336326
2017-10-13,0.10027706063850039
2017-10-16,0.10655208295956253
2017-10-17,0.09604183628734475
2017-10-18,0.0945034353529064
2017-10-19,0.09078409298227852
2017-10-20,0.09287340407120159
2017-10-23,0.0982779452182132
2017-10-24,0.10226781190138046
2017-10-25,0.09712323641406262
2017-10-26,0.09072347824559968
2017-10-27,0.0854267395417303
2017-10-30,0.08198332809059683
2017-10-31,0.08066835760793034
2017-11-01,0.08344925923350033
2017-11-02,0.08787864336531648
2017-11-03,0.08599086868547356
2017-11-06,0.09029059239458714
2017-11-07,0.07096585483357787
2017-11-08,0.07172277091789225
2017-11-09,0.06396692517076907
2017-11-10,0.047112280282197494
2017-11-13,0.036593992908770634
2017-11-14,0.02750599806020393
2017-11-15,0.015322090904846153
2017-11-16,0.013186403164738847
2017-11-17,0.0240997007116055
2017-11-20,0.023284023668640907
2017-11-21,0.031331482528460075
2017-11-22,0.0358665071850961
2017-11-24,0.0384833668952258
2017-11-27,0.02813537552310663
2017-11-28,0.023389925693715563
2017-11-29,0.017872386723132516
2017-11-30,0.016693758331210784
2017-12-01,0.014882268982615354
2017-12-04,-0.005720790403080489
2017-12-05,-0.014935822637104468
2017-12-06,-0.023280224929707605
2017-12-07,-0.02717791794167057
2017-12-08,-0.024916348987030323
2017-12-11,-0.024015641574971602
2017-12-12,-0.02242327729939242
2017-12-13,-0.017514772245628918
2017-12-14,-0.05731809172390434
2017-12-15,-0.07668327881389969
2017-12-18,-0.04153940134392031
2017-12-19,-0.03330965643575312
2017-12-20,-0.02340179094067818
2017-12-21,-0.009793917069041314
2017-12-22,0.019564460796501537
2017-12-26,0.011095338798923882
2017-12-27,0.011235537036349719
2017-12-28,0.019422526662621786
2017-12-29,0.021358991067085276
2018-01-02,0.04108212305690029
2018-01-03,0.04806442056059557
2018-01-04,0.05012948575656817
2018-01-05,0.059784550558338534
2018-01-08,0.04748813104475702
2018-01-09,0.041454664726022106
2018-01-10,0.0471185746467353
2018-01-11,0.05322204492451399
2018-01-12,0.0616169336216108
2018-01-16,0.06386418755052725
2018-01-17,0.06164615466201262
2018-01-18,0.07018959257765367
2018-01-19,0.06974794362207581
2018-01-22,0.0705400263427498
2018-01-23,0.06483485690847735
2018-01-24,0.08271307987783016
2018-01-25,0.0777521606826681
2018-01-26,0.08385945315914856
2018-01-29,0.0780048669668787
2018-01-30,0.05919769315579826
2018-01-31,0.05495702699431204
2018-02-01,0.061787765796635696
2018-02-02,0.028629453078725442
2018-02-05,0.016358303249099038
2018-02-06,0.019784629143956733
2018-02-07,-0.005960729312761703
2018-02-08,-0.020562194590931893
2018-02-09,-0.019381095667184267
2018-02-12,-0.012781408859838916
2018-02-13,-0.0027431300727721597
2018-02-14,0.024247774767803376
2018-02-15,0.031164667692334058
2018-02-16,0.020573382959462316
2018-02-20,0.011892556899735007
2018-02-21,0.005035020111953559
2018-02-22,0.014729444834857386
2018-02-23,0.01618612640670558
2018-02-26,0.02491617064288043
2018-02-27,0.021131503620139602
2018-02-28,0.01503379799736515
2018-03-01,0.018912122498339956
2018-03-02,0.018930436348360447
2018-03-05,0.020923128593478113
2018-03-06,0.028553966117133456
2018-03-07,0.0191538774630704
2018-03-08,0.009032638678510008
2018-03-09,0.012779476399772394
2018-03-12,0.009482912864557047
2018-03-13,0.005774286553936081
2018-03-14,-0.0015550803921007272
2018-03-15,-0.009967896635090123
2018-03-16,-0.010553494137166108
2018-03-19,-0.014188604035920593
2018-03-20,-0.013173009738630115
2018-03-21,0.0032321639731986984
2018-03-22,-0.010827027410094336
2018-03-23,-0.007669164061115397
2018-03-26,0.001477278977850549
2018-03-27,-0.005890807983221169
2018-03-28,-0.010331373303289704
2018-03-29,0.009150490863238936
2018-04-02,0.006310879407327885
2018-04-03,0.013999600459082329
2018-04-04,0.02380672742647927
2018-04-05,0.026769293378309023
2018-04-06,0.016144932752268693
2018-04-09,0.009975589146560715
2018-04-10,0.026276892757433057
2018-04-11,0.034699834706870325
2018-04-12,0.02757912251442396
2018-04-13,0.021894218942191124
2018-04-16,0.028303396798009306
2018-04-17,0.04408344519714236
2018-04-18,0.05279270566029104
2018-04-19,0.058835910368296496
2018-04-20,0.05560403599672936
2018-04-23,0.045939409517357754
2018-04-24,0.045769343065695134
2018-04-25,0.03528784274641139
2018-04-26,0.0418046986005427
2018-04-27,0.03530396527223689
2018-04-30,0.029802974846197428
2018-05-01,0.0200105134045927
2018-05-02,0.02456373957530511
2018-05-03,0.011788071733163985
2018-05-04,0.016330773093739204
2018-05-07,0.015053654664728189
2018-05-08,0.00637098750306464
2018-05-09,0.008270308504273016
2018-05-10,0.020238954747655358
2018-05-11,0.01948150129683035
2018-05-14,0.010414649449640656
2018-05-15,-0.0031506669040612945
2018-05-16,-0.0004836993324929262
2018-05-17,0.0008163517973300838
2018-05-18,-0.005968590437875232
2018-05-21,-0.003414328579823045
2018-05-22,0.0006724481751165801
2018-05-23,-0.006656981910625137
2018-05-24,-0.0033023951055007883
2018-05-25,-0.00585093441160256
2018-05-29,-0.02134315906562667
2018-05-30,-0.015598388797273044
2018-05-31,-0.016582992198963087
2018-06-01,-0.007243830580855981
2018-06-04,-0.004239054899233596
2018-06-05,-0.0013936125448270609
2018-06-06,0.009651228303068304
2018-06-07,0.000995220626527793
2018-06-08,-0.0012301783180089787
2018-06-11,-0.003932408831725964
2018-06-12,-0.0035264600122543177
2018-06-13,-0.011589557069319967
2018-06-14,-0.020356988783432284
2018-06-15,-0.03710836690830199
2018-06-18,-0.04049457851048499
2018-06-19,-0.050003660025965235
2018-06-20,-0.0543260798334696
2018-06-21,-0.06379589632829197
2018-06-22,-0.057259611117754905
2018-06-25,-0.06503572118169354
2018-06-26,-0.06656206765958261
2018-06-27,-0.07387697484191436
2018-06-28,-0.08151529936571944
2018-06-29,-0.0717480966926628
2018-07-02,-0.08027590597149181
2018-07-03,-0.08008817046289318
2018-07-05,-0.08249092693260074
2018-07-06,-0.0719218276605601
2018-07-09,-0.05210837730664608
2018-07-10,-0.0630826053819532
2018-07-11,-0.08252307427233174
2018-07-12,-0.07381650015885755
2018-07-13,-0.0667308296668746
2018-07-16,-0.06864434790820517
2018-07-17,-0.052900438701945385
2018-07-18,-0.04623852921200866
2018-07-19,-0.055727897185906095
2018-07-20,-0.04741100772673601
2018-07-23,-0.044973093190887936
2018-07-24,-0.027974225368917915
2018-07-25,-0.012324490494809992
2018-07-26,-0.024206219443135724
2018-07-27,-0.01843533259064778
2018-07-30,-0.015786338760677032
2018-07-31,-0.008598476361190599
2018-08-01,-0.016819749486273183
2018-08-02,-0.042288207995570426
2018-08-03,-0.028717952836855187
2018-08-06,-0.03976159931150014
2018-08-07,-0.0342893496056067
2018-08-08,-0.03683007366014601
2018-08-09,-0.03034267233547605
2018-08-10,-0.04297217829510547
2018-08-13,-0.057819394415788095
2018-08-14,-0.05353120929156541
2018-08-15,-0.08076696285150653
2018-08-16,-0.08085043952416371
2018-08-17,-0.07416118481496325
2018-08-20,-0.06747236382381472
2018-08-21,-0.06686371854104989
2018-08-22,-0.06073649364624234
2018-08-23,-0.06864108917003375
2018-08-24,-0.05292453841523137
2018-08-27,-0.04299912052883781
2018-08-28,-0.04308612262114386
2018-08-29,-0.041366742596809725
2018-08-30,-0.06755764002739229
2018-08-31,-0.062153730970800014
2018-09-04,-0.08234955610136374
2018-09-05,-0.0808553877805317
2018-09-06,-0.09300628624867247
2018-09-07,-0.09146461991378274
2018-09-10,-0.09700850374569614
2018-09-11,-0.0982521757893966
2018-09-12,-0.08402416569794435
2018-09-13,-0.07927096403734368
2018-09-14,-0.07585962878019137
2018-09-17,-0.07940387277605765
2018-09-18,-0.06656078359183226
2018-09-19,-0.04965804086357928
2018-09-20,-0.032042448517004773
2018-09-21,-0.026265908475492483
2018-09-24,-0.029501368354015067
2018-09-25,-0.02443174231231282
2018-09-26,-0.024100125458612065
2018-09-27,-0.02792544011045739
2018-09-28,-0.027248697815437706
2018-10-01,-0.021909104661463674
2018-10-02,-0.017191716836203352
2018-10-03,-0.026020567154875107
2018-10-04,-0.034019470644556904
2018-10-05,-0.0326951360778831
2018-10-08,-0.03481093760180465
2018-10-09,-0.024837322924316507
2018-10-10,-0.04239736816911721
2018-10-11,-0.029346424588790554
2018-10-12,-0.030308579800382263
2018-10-15,-0.0263983899906991
2018-10-16,-0.020267405623470514
2018-10-17,-0.024708914374223623
2018-10-18,-0.03684667157429555
2018-10-19,-0.04172207227963687
2018-10-22,-0.04516494967748497
2018-10-23,-0.054861172322606566
2018-10-24,-0.06053217428177449
2018-10-25,-0.06081724276865208
2018-10-26,-0.06269390726183843
2018-10-29,-0.06358474108620737
2018-10-30,-0.05877025887643017
2018-10-31,-0.049703681853527915
2018-11-01,-0.026616463256294853
2018-11-02,-0.025971230763709663
2018-11-05,-0.019944043507741926
2018-11-06,-0.020450845109695193
2018-11-07,-0.007990199169449097
2018-11-08,-0.017733839069467128
2018-11-09,-0.026217515973897765
2018-11-12,-0.04181967835886813
2018-11-13,-0.04309068601929322
2018-11-14,-0.035929853181074334
2018-11-15,-0.014143072207206009
2018-11-16,-0.002141512216145336
2018-11-19,-0.004403626409044681
2018-11-20,-0.026835785895417463
2018-11-21,-0.01639053496632059
2018-11-23,-0.03520491803278436
2018-11-26,-0.030137211179357304
2018-11-27,-0.03052138414750849
2018-11-28,-0.013010464143505929
2018-11-29,-0.012382895410961492
2018-11-30,-0.014534484495021704
2018-12-03,0.0017076721635722603
2018-12-04,0.0014971910498216001
2018-12-06,-0.005493901769034304
2018-12-07,-0.006999697854766729
2018-12-10,-0.01571962847843489
2018-12-11,-0.010462146799569472
2018-12-12,-0.004809474344129261
2018-12-13,-0.0031800648824727995
2018-12-14,-0.013188060275199143
2018-12-17,-0.008094183535266586
2018-12-18,-0.008003404535718128
2018-12-19,-0.02156534161149215
2018-12-20,-0.01646397903167962
2018-12-21,-0.02158477965728356
2018-12-24,-0.017866323907452908
2018-12-26,-0.005857221609700369
2018-12-27,-0.007700689154209739
2018-12-28,-0.007871733529626446
2018-12-31,0.0013855771089792412
2019-01-02,0.007452168866701081
2019-01-03,0.005221847879692154
2019-01-04,0.02087904995482326
2019-01-07,0.02070625337151122
2019-01-08,0.020538122795289437
2019-01-09,0.027177070557099503
2019-01-10,0.03158200531208677
2019-01-11,0.029592100167808777
2019-01-14,0.03583841140191746
2019-01-15,0.023379736332628465
2019-01-16,0.03202522193644941
2019-01-17,0.03518604726195229
2019-01-18,0.03362936266896699
2019-01-22,0.022155150565631
2019-01-23,0.023323736035933962
2019-01-24,0.026090760481662922
2019-01-25,0.04028985507246552
2019-01-28,0.03357497138496934
2019-01-29,0.0434285504378229
2019-01-30,0.0453338469793505
2019-01-31,0.05960656098030226
2019-02-01,0.06398387030407937
2019-02-04,0.0666754922144992
2019-02-05,0.06880924265151944
2019-02-06,0.06607042837171573
2019-02-07,0.05470509291904735
2019-02-08,0.05645131971206441
2019-02-11,0.04483115656391523
2019-02-12,0.04362562273704995
2019-02-13,0.046478426395940575
2019-02-14,0.045608842059527976
2019-02-15,0.051414032772662877
2019-02-19,0.06528673196392742
2019-02-20,0.06860479260430807
2019-02-21,0.05585958595859797
2019-02-22,0.06612160874490036
2019-02-25,0.0607574146124763
2019-02-26,0.05813078081307976
2019-02-27,0.05797094966069327
2019-02-28,0.05895119478768196
2019-03-01,0.04604409568183532
2019-03-04,0.05707239111950213
2019-03-05,0.051059554662531204
2019-03-06,0.0461920213781275
2019-03-07,0.04192715954135684
2019-03-08,0.04457808915618
2019-03-11,0.04869052989094569
2019-03-12,0.05459001192211055
2019-03-13,0.05938590923516518
2019-03-14,0.05051291868555685
2019-03-15,0.06147742649772625
2019-03-18,0.05945049739460173
2019-03-19,0.0610694709559938
2019-03-20,0.062434995411442706
2019-03-21,0.06184869990796371
2019-03-22,0.04672213586907015
2019-03-25,0.04082218097891688
2019-03-26,0.046205636992275645
2019-03-27,0.038346115371792555
2019-03-28,0.03400148734888897
2019-03-29,0.039304212707184094
2019-04-01,0.04125501415381083
2019-04-02,0.04033912740505796
2019-04-03,0.04162640590577249
2019-04-04,0.04679964504803613
2019-04-05,0.03987808845436214
2019-04-08,0.048420458819106615
2019-04-09,0.04010702032874369
2019-04-10,0.03150170037587441
2019-04-11,0.015713738345610517
2019-04-12,0.023893658549033026
2019-04-15,0.016465730380039068
2019-04-16,0.01633598669359837
2019-04-17,0.010012547476941469
2019-04-18,0.00041933516316139396
2019-04-22,-0.006154367103339831
2019-04-23,-0.013314328975581602
2019-04-24,-0.025062137531067008
2019-04-25,-0.032648973883354415
2019-04-26,-0.016589519208026204
2019-04-29,-0.020258262238749603
2019-04-30,-0.01403416978560379
2019-05-01,-0.029587471416636424
2019-05-02,-0.028188802956848225
2019-05-03,-0.021751513745014495
2019-05-06,-0.02215526409074653
2019-05-07,-0.023286734538822684
2019-05-08,-0.035418408451773575
2019-05-09,-0.03991484832357506
2019-05-10,-0.052953879833149586
2019-05-13,-0.06464394451961997
2019-05-14,-0.06514030871301757
2019-05-15,-0.06688007316794209
2019-05-16,-0.06936793396274277
2019-05-17,-0.07328970194644513
2019-05-20,-0.0758783534138241
2019-05-21,-0.06594640101024152
2019-05-22,-0.07953631135083483
2019-05-23,-0.08669958300288971
2019-05-24,-0.08585703305149772
2019-05-28,-0.09006496755898918
2019-05-29,-0.08699954591797276
2019-05-30,-0.08204402110953679
2019-05-31,-0.07834982449054917
2019-06-03,-0.0675581485401544
2019-06-04,-0.06442899240035038
2019-06-05,-0.05788856203793846
2019-06-06,-0.05253135862173075
2019-06-07,-0.03322788912800989
2019-06-10,-0.03555717047976115
2019-06-11,-0.028326722898660117
2019-06-12,-0.03129443384775332
2019-06-13,-0.030546309837394703
2019-06-14,-0.030676579344145805
2019-06-17,-0.03348924228250583
2019-06-18,-0.023489845172643964
2019-06-19,-0.023289900148750653
2019-06-20,-3.056608387208559e-05
2019-06-21,0.004011483855745235
2019-06-24,0.012819223588772077
2019-06-25,0.0026386263390059117
2019-06-26,0.011524197750330867
2019-06-27,0.01291054616823728
2019-06-28,0.01358549127398656
2019-07-01,0.015139417761947271
2019-07-02,0.01968866880893594
2019-07-03,0.020963384365323412
2019-07-05,0.025345004198523702
2019-07-08,0.023858441964110577
2019-07-09,0.02121222796649902
2019-07-10,0.028067160232682964
2019-07-11,0.02787748370653409
2019-07-12,0.03319233025596868
2019-07-15,0.030658358120693396
2019-07-16,0.03654375052423098
2019-07-17,0.0404440499688703
2019-07-18,0.04528873500680275
2019-07-19,0.041968449689091525
2019-07-22,0.040517564971628284
2019-07-23,0.03460198444765461
2019-07-24,0.04199570067138558
2019-07-25,0.035461837820667474
2019-07-26,0.02658018399629558
2019-07-29,0.019976171564735745
2019-07-30,0.008391565174785676
2019-07-31,-0.011208267090618063
2019-08-01,-0.022545791997169995
2019-08-02,-0.0371787499447056
2019-08-05,-0.05656123628600218
2019-08-06,-0.053688239233302015
2019-08-07,-0.043869850852270686
2019-08-08,-0.03259464573644244
2019-08-09,-0.05063966358762617
2019-08-12,-0.06006539000466882
2019-08-13,-0.05997774315601834
2019-08-14,-0.08038212700732339
2019-08-15,-0.0770290821355124
2019-08-16,-0.07156533265494447
2019-08-19,-0.07148950233802231
2019-08-20,-0.06960361874452259
2019-08-21,-0.07184707450376837
2019-08-22,-0.07474000751785292
2019-08-23,-0.0756491020698713
2019-08-26,-0.08163100741855511
2019-08-27,-0.07303113963535779
2019-08-28,-0.06337762952601078
2019-08-29,-0.06105524708246035
2019-08-30,-0.0516518079478796
2019-09-03,-0.05265284136816373
2019-09-04,-0.042959909473001434
2019-09-05,-0.033612124261097165
2019-09-06,-0.033579037260099365
2019-09-09,-0.043634122864620206
2019-09-10,-0.04031546536542996
2019-09-11,-0.030110035627579412
2019-09-12,-0.02423955657698873
2019-09-13,-0.013157894736840037
2019-09-16,-0.016286336521160738
2019-09-17,-0.01838260171330164
2019-09-18,-0.025777593218654138
2019-09-19,-0.025137910625780413
2019-09-20,-0.023037160649597266
2019-09-23,-0.021659407626065663
2019-09-24,-0.02383347835544758
2019-09-25,-0.02048399390243727
2019-09-26,-0.009827117212439451
2019-09-27,-0.006631637318980865
2019-09-30,-0.004299226139293233
2019-10-01,-0.03356007417295648
2019-10-02,-0.037518366750931786
2019-10-03,-0.03000735788092912
2019-10-04,-0.019197239624565432
2019-10-07,-0.02533269787733139
2019-10-08,-0.025008605457005784
2019-10-09,-0.033233267286676305
2019-10-10,-0.024971680649824135
2019-10-11,-0.0022545575257945094
2019-10-14,-0.000909502220661329
2019-10-15,-0.0009339226601061679
2019-10-16,0.0028753594199291133
2019-10-17,-0.0063349549457621945
2019-10-18,0.002141059104379117
2019-10-21,-0.0005255667283690091
2019-10-22,0.00565942818814591
2019-10-23,0.01370731912075529
2019-10-24,0.01572575185249292
2019-10-25,0.02196538815645077
2019-10-28,0.02589452319376795
2019-10-29,0.029139202963975874
2019-10-30,0.026041349883269005
2019-10-31,0.03229412727740599
2019-11-01,0.05226705549168731
2019-11-04,0.04585189543582513
2019-11-05,0.035934655775963664
2019-11-06,0.03156760086233579
2019-11-07,0.03359604532947946
2019-11-08,0.014030737103143398
2019-11-11,0.010087690687641482
2019-11-12,7.4504891713012e-05
2019-11-13,-0.0030996062662299595
2019-11-14,-0.007303990211721567
2019-11-15,0.0049794961921512115
2019-11-18,0.011011373773417654
2019-11-19,0.006230905663532349
2019-11-20,0.0017538731365112081
2019-11-21,0.0004822159678410376
2019-11-22,-0.0031830312465239707
2019-11-25,-0.0014955642398079005
2019-11-26,-0.00485955875206423
2019-11-27,-0.008716290302432261
2019-11-29,-0.008353569694025231
2019-12-02,-0.005442548055802465
2019-12-03,-0.014473386078728723
2019-12-04,-0.012606771399368943
2019-12-05,-0.007048115877683503
2019-12-06,-0.006626191257865455
2019-12-09,-0.005598886695361016
2019-12-10,-0.0064405463136760766
2019-12-11,0.0034258925351617897
2019-12-12,0.007864841246724374
2019-12-13,0.015903543161477796
2019-12-16,0.01488432292509434
2019-12-17,0.01718552885126501
2019-12-18,0.025163856056093392
2019-12-19,0.03387389383594974
2019-12-20,0.054711820944809864
2019-12-23,0.05625509682234875
2019-12-24,0.060926274513415146
2019-12-26,0.07248955273284108
2019-12-27,0.06963062976179124
2019-12-30,0.06995692206058579
