Date,short_int_ratio
2011-08-12,0.009823618320610687
2011-08-15,0.009107358778625955
2011-08-16,0.009107358778625955
2011-08-17,0.009107358778625955
2011-08-18,0.009107358778625955
2011-08-19,0.009107358778625955
2011-08-22,0.009107358778625955
2011-08-23,0.009107358778625955
2011-08-24,0.009107358778625955
2011-08-25,0.009107358778625955
2011-08-26,0.009107358778625955
2011-08-29,0.009107358778625955
2011-08-30,0.009107358778625955
2011-08-31,0.007536740289413556
2011-09-01,0.007565550458715596
2011-09-02,0.007565550458715596
2011-09-05,0.007565550458715596
2011-09-06,0.007565550458715596
2011-09-07,0.007565550458715596
2011-09-08,0.007565550458715596
2011-09-09,0.007588757668711656
2011-09-12,0.007588757668711656
2011-09-13,0.007565550458715596
2011-09-14,0.007565550458715596
2011-09-15,0.012027614678899082
2011-09-16,0.012027614678899082
2011-09-19,0.012120277349768874
2011-09-20,0.012120277349768874
2011-09-21,0.012120277349768874
2011-09-22,0.012120277349768874
2011-09-23,0.012148355212355213
2011-09-26,0.01218599535243997
2011-09-27,0.01218599535243997
2011-09-28,0.01218599535243997
2011-09-29,0.01218599535243997
2011-09-30,0.007052040498442368
2011-10-03,0.007074078125
2011-10-04,0.007074078125
2011-10-05,0.007118569182389937
2011-10-06,0.007096253918495298
2011-10-07,0.007096253918495298
2011-10-10,0.007096253918495298
2011-10-11,0.007096253918495298
2011-10-12,0.007096253918495298
2011-10-13,0.007118569182389937
2011-10-14,0.007759245283018868
2011-10-17,0.007759245283018868
2011-10-18,0.007759245283018868
2011-10-19,0.007783722397476341
2011-10-20,0.007783722397476341
2011-10-21,0.007833142857142856
2011-10-24,0.007833142857142856
2011-10-25,0.007833142857142856
2011-10-26,0.007833142857142856
2011-10-27,0.007833142857142856
2011-10-28,0.007833142857142856
2011-10-31,0.007376619047619048
2011-11-01,0.007376619047619048
2011-11-02,0.007376619047619048
2011-11-03,0.007376619047619048
2011-11-04,0.007376619047619048
2011-11-07,0.007376619047619048
2011-11-08,0.007376619047619048
2011-11-09,0.007376619047619048
2011-11-10,0.007376619047619048
2011-11-11,0.007376619047619048
2011-11-14,0.007376619047619048
2011-11-15,0.00855852380952381
2011-11-16,0.00855852380952381
2011-11-17,0.00858578025477707
2011-11-18,0.00858578025477707
2011-11-21,0.00858578025477707
2011-11-22,0.008647746591820368
2011-11-23,0.008675575221238938
2011-11-24,0.008675575221238938
2011-11-25,0.008675575221238938
2011-11-28,0.008675575221238938
2011-11-29,0.008710613893376414
2011-11-30,0.008897700404858301
2011-12-01,0.008897700404858301
2011-12-02,0.008897700404858301
2011-12-05,0.008897700404858301
2011-12-06,0.008897700404858301
2011-12-07,0.008897700404858301
2011-12-08,0.008897700404858301
2011-12-09,0.00891213300892133
2011-12-12,0.00891213300892133
2011-12-13,0.00894113913751017
2011-12-14,0.009007098360655738
2011-12-15,0.007678844884488448
2011-12-16,0.007678844884488448
2011-12-19,0.0077946063651591286
2011-12-20,0.007820806722689075
2011-12-21,0.007820806722689075
2011-12-22,0.007820806722689075
2011-12-23,0.007853805907172997
2011-12-26,0.007853805907172997
2011-12-27,0.007853805907172997
2011-12-28,0.007873739424703891
2011-12-29,0.007873739424703891
2011-12-30,0.007517434154630416
2012-01-02,0.007517434154630416
2012-01-03,0.007517434154630416
2012-01-04,0.007562410256410257
2012-01-05,0.007562410256410257
2012-01-06,0.0075818508997429306
2012-01-09,0.0075818508997429306
2012-01-10,0.0075818508997429306
2012-01-11,0.0075818508997429306
2012-01-12,0.0075818508997429306
2012-01-13,0.007636700680272109
2012-01-16,0.007636700680272109
2012-01-17,0.007636700680272109
2012-01-18,0.007636700680272109
2012-01-19,0.007636700680272109
2012-01-20,0.007636700680272109
2012-01-23,0.007636700680272109
2012-01-24,0.007636700680272109
2012-01-25,0.007636700680272109
2012-01-26,0.007636700680272109
2012-01-27,0.007636700680272109
2012-01-30,0.007636700680272109
2012-01-31,0.012486768707482993
2012-02-01,0.012486768707482993
2012-02-02,0.012486768707482993
2012-02-03,0.012486768707482993
2012-02-06,0.012486768707482993
2012-02-07,0.012486768707482993
2012-02-08,0.012486768707482993
2012-02-09,0.012486768707482993
2012-02-10,0.012486768707482993
2012-02-13,0.012486768707482993
2012-02-14,0.012486768707482993
2012-02-15,0.016628044217687075
2012-02-16,0.016628044217687075
2012-02-17,0.016628044217687075
2012-02-20,0.016628044217687075
2012-02-21,0.016628044217687075
2012-02-22,0.016628044217687075
2012-02-23,0.016349983277591976
2012-02-24,0.016349983277591976
2012-02-27,0.016349983277591976
2012-02-28,0.016349983277591976
2012-02-29,0.025425954962468723
2012-03-01,0.025425954962468723
2012-03-02,0.025425954962468723
2012-03-05,0.025425954962468723
2012-03-06,0.025425954962468723
2012-03-07,0.025425954962468723
2012-03-08,0.025425954962468723
2012-03-09,0.025425954962468723
2012-03-12,0.025425954962468723
2012-03-13,0.025425954962468723
2012-03-14,0.025425954962468723
2012-03-15,0.0097757964970809
2012-03-16,0.0097757964970809
2012-03-19,0.0097757964970809
2012-03-20,0.0097757964970809
2012-03-21,0.0097757964970809
2012-03-22,0.0097757964970809
2012-03-23,0.0097757964970809
2012-03-26,0.0097757964970809
2012-03-27,0.0097757964970809
2012-03-28,0.0097757964970809
2012-03-29,0.0097757964970809
2012-03-30,0.009532646566164154
2012-04-02,0.009532646566164154
2012-04-03,0.009532646566164154
2012-04-04,0.009532646566164154
2012-04-05,0.009532646566164154
2012-04-06,0.009532646566164154
2012-04-09,0.009532646566164154
2012-04-10,0.009532646566164154
2012-04-11,0.009532646566164154
2012-04-12,0.009532646566164154
2012-04-13,0.009468040201005024
2012-04-16,0.009468040201005024
2012-04-17,0.009468040201005024
2012-04-18,0.009468040201005024
2012-04-19,0.009468040201005024
2012-04-20,0.009468040201005024
2012-04-23,0.009468040201005024
2012-04-24,0.009468040201005024
2012-04-25,0.009468040201005024
2012-04-26,0.009468040201005024
2012-04-27,0.009468040201005024
2012-04-30,0.014670485762144053
2012-05-01,0.014670485762144053
2012-05-02,0.014794391891891892
2012-05-03,0.014794391891891892
2012-05-04,0.014794391891891892
2012-05-07,0.014794391891891892
2012-05-08,0.014794391891891892
2012-05-09,0.014794391891891892
2012-05-10,0.014794391891891892
2012-05-11,0.014794391891891892
2012-05-14,0.014794391891891892
2012-05-15,0.016043699324324322
2012-05-16,0.016043699324324322
2012-05-17,0.016043699324324322
2012-05-18,0.016043699324324322
2012-05-21,0.016043699324324322
2012-05-22,0.016043699324324322
2012-05-23,0.016043699324324322
2012-05-24,0.016043699324324322
2012-05-25,0.016043699324324322
2012-05-28,0.016043699324324322
2012-05-29,0.016043699324324322
2012-05-30,0.016043699324324322
2012-05-31,0.009689491525423729
2012-06-01,0.009763962425277542
2012-06-04,0.009763962425277542
2012-06-05,0.009856551724137932
2012-06-06,0.009856551724137932
2012-06-07,0.009856551724137932
2012-06-08,0.009856551724137932
2012-06-11,0.009856551724137932
2012-06-12,0.009865056082830026
2012-06-13,0.009950913838120105
2012-06-14,0.010047100175746924
2012-06-15,0.013919912126537785
2012-06-18,0.013919912126537785
2012-06-19,0.013919912126537785
2012-06-20,0.014018460176991149
2012-06-21,0.014018460176991149
2012-06-22,0.014018460176991149
2012-06-25,0.014018460176991149
2012-06-26,0.014018460176991149
2012-06-27,0.014018460176991149
2012-06-28,0.014055776397515526
2012-06-29,0.017844071428571428
2012-07-02,0.017844071428571428
2012-07-03,0.017844071428571428
2012-07-04,0.017844071428571428
2012-07-05,0.017844071428571428
2012-07-06,0.017844071428571428
2012-07-09,0.017844071428571428
2012-07-10,0.017844071428571428
2012-07-11,0.017844071428571428
2012-07-12,0.017844071428571428
2012-07-13,0.02168689285714286
2012-07-16,0.02168689285714286
2012-07-17,0.021609715302491103
2012-07-18,0.021571332149200713
2012-07-19,0.021552191659272406
2012-07-20,0.021514012400354294
2012-07-23,0.021514012400354294
2012-07-24,0.021514012400354294
2012-07-25,0.021514012400354294
2012-07-26,0.021514012400354294
2012-07-27,0.021514012400354294
2012-07-30,0.021514012400354294
2012-07-31,0.032402758007117435
2012-08-01,0.032402758007117435
2012-08-02,0.032402758007117435
2012-08-03,0.031947982456140354
2012-08-06,0.03172534843205575
2012-08-07,0.03172534843205575
2012-08-08,0.03172534843205575
2012-08-09,0.03172534843205575
2012-08-10,0.0315877710320902
2012-08-13,0.0315877710320902
2012-08-14,0.03142424503882657
2012-08-15,0.03065948231233822
2012-08-16,0.030606666666666667
2012-08-17,0.030606666666666667
2012-08-20,0.030606666666666667
2012-08-21,0.030606666666666667
2012-08-22,0.030606666666666667
2012-08-23,0.030606666666666667
2012-08-24,0.030606666666666667
2012-08-27,0.030606666666666667
2012-08-28,0.030606666666666667
2012-08-29,0.030606666666666667
2012-08-30,0.030765662337662338
2012-08-31,0.020973385281385284
2012-09-03,0.020973385281385284
2012-09-04,0.020973385281385284
2012-09-05,0.021101271777003484
2012-09-06,0.021101271777003484
2012-09-07,0.021101271777003484
2012-09-10,0.021009765828274067
2012-09-11,0.020864995693367788
2012-09-12,0.020722207014542342
2012-09-13,0.02065154305200341
2012-09-14,0.031107996589940325
2012-09-17,0.030975959252971138
2012-09-18,0.030975959252971138
2012-09-19,0.030975959252971138
2012-09-20,0.030975959252971138
2012-09-21,0.030975959252971138
2012-09-24,0.030975959252971138
2012-09-25,0.030975959252971138
2012-09-26,0.030975959252971138
2012-09-27,0.030975959252971138
2012-09-28,0.01584779286926995
2012-10-01,0.01584779286926995
2012-10-02,0.01584779286926995
2012-10-03,0.01584779286926995
2012-10-04,0.01584779286926995
2012-10-05,0.01617738301559792
2012-10-08,0.01617738301559792
2012-10-09,0.01617738301559792
2012-10-10,0.016290314136125656
2012-10-11,0.016290314136125656
2012-10-12,0.016290314136125656
2012-10-15,0.008680034904013962
2012-10-16,0.008733380158033361
2012-10-17,0.008733380158033361
2012-10-18,0.00875644366197183
2012-10-19,0.008764158590308371
2012-10-22,0.008764158590308371
2012-10-23,0.008764158590308371
2012-10-24,0.008764158590308371
2012-10-25,0.008764158590308371
2012-10-26,0.008764158590308371
2012-10-29,0.008764158590308371
2012-10-30,0.008764158590308371
2012-10-31,0.016782625550660794
2012-11-01,0.016782625550660794
2012-11-02,0.01682710247349823
2012-11-05,0.01682710247349823
2012-11-06,0.016767852112676056
2012-11-07,0.016767852112676056
2012-11-08,0.016767852112676056
2012-11-09,0.016767852112676056
2012-11-12,0.016767852112676056
2012-11-13,0.016767852112676056
2012-11-14,0.016767852112676056
2012-11-15,0.02740941901408451
2012-11-16,0.02740941901408451
2012-11-19,0.02740941901408451
2012-11-20,0.02740941901408451
2012-11-21,0.02740941901408451
2012-11-22,0.02740941901408451
2012-11-23,0.02740941901408451
2012-11-26,0.02740941901408451
2012-11-27,0.02740941901408451
2012-11-28,0.02765284191829485
2012-11-29,0.02765284191829485
2012-11-30,0.026885133214920073
2012-12-03,0.026885133214920073
2012-12-04,0.026885133214920073
2012-12-05,0.026885133214920073
2012-12-06,0.026885133214920073
2012-12-07,0.026601634446397186
2012-12-10,0.026601634446397186
2012-12-11,0.026601634446397186
2012-12-12,0.027396072398190044
2012-12-13,0.027396072398190044
2012-12-14,0.021143515695067266
2012-12-17,0.021143515695067266
2012-12-18,0.021143515695067266
2012-12-19,0.02106793565683646
2012-12-20,0.02106793565683646
2012-12-21,0.02106793565683646
2012-12-24,0.02106793565683646
2012-12-25,0.02106793565683646
2012-12-26,0.020974217081850533
2012-12-27,0.020974217081850533
2012-12-28,0.020974217081850533
2012-12-31,0.01107346975088968
2013-01-01,0.01107346975088968
2013-01-02,0.01107346975088968
2013-01-03,0.011034202127659576
2013-01-04,0.010908483786152497
2013-01-07,0.010908483786152497
2013-01-08,0.010794952298352126
2013-01-09,0.0107390681622088
2013-01-10,0.0107390681622088
2013-01-11,0.0107390681622088
2013-01-14,0.0107390681622088
2013-01-15,0.009610353753235547
2013-01-16,0.009610353753235547
2013-01-17,0.009610353753235547
2013-01-18,0.009610353753235547
2013-01-21,0.009610353753235547
2013-01-22,0.009610353753235547
2013-01-23,0.00952
2013-01-24,0.00952
2013-01-25,0.00952
2013-01-28,0.00952
2013-01-29,0.00952
2013-01-30,0.00952
2013-01-31,0.01201831345826235
2013-02-01,0.01201831345826235
2013-02-04,0.01201831345826235
2013-02-05,0.01201831345826235
2013-02-06,0.01201831345826235
2013-02-07,0.01201831345826235
2013-02-08,0.01201831345826235
2013-02-11,0.01201831345826235
2013-02-12,0.01201831345826235
2013-02-13,0.01201831345826235
2013-02-14,0.01201831345826235
2013-02-15,0.01398412265758092
2013-02-18,0.01398412265758092
2013-02-19,0.01398412265758092
2013-02-20,0.01398412265758092
2013-02-21,0.01398412265758092
2013-02-22,0.01398412265758092
2013-02-25,0.01398412265758092
2013-02-26,0.01398412265758092
2013-02-27,0.01398412265758092
2013-02-28,0.011268723221936588
2013-03-01,0.011268723221936588
2013-03-04,0.011249443969204447
2013-03-05,0.011249443969204447
2013-03-06,0.011249443969204447
2013-03-07,0.011201533219761499
2013-03-08,0.011201533219761499
2013-03-11,0.011201533219761499
2013-03-12,0.011201533219761499
2013-03-13,0.011201533219761499
2013-03-14,0.011201533219761499
2013-03-15,0.007936933560477002
2013-03-18,0.007936933560477002
2013-03-19,0.007936933560477002
2013-03-20,0.007998248927038628
2013-03-21,0.007998248927038628
2013-03-22,0.007998248927038628
2013-03-25,0.007998248927038628
2013-03-26,0.007998248927038628
2013-03-27,0.007998248927038628
2013-03-28,0.01192877162629758
2013-03-29,0.01192877162629758
2013-04-01,0.011959809193408501
2013-04-02,0.011959809193408501
2013-04-03,0.01191846153846154
2013-04-04,0.01191846153846154
2013-04-05,0.01191846153846154
2013-04-08,0.01191846153846154
2013-04-09,0.01191846153846154
2013-04-10,0.01191846153846154
2013-04-11,0.011939099567099567
2013-04-12,0.011980590790616856
2013-04-15,0.01568724587315378
2013-04-16,0.01568724587315378
2013-04-17,0.01568724587315378
2013-04-18,0.015728240418118468
2013-04-19,0.015852519754170322
2013-04-22,0.015852519754170322
2013-04-23,0.01583861403508772
2013-04-24,0.01583861403508772
2013-04-25,0.01583861403508772
2013-04-26,0.01583861403508772
2013-04-29,0.01583861403508772
2013-04-30,0.018127666370896182
2013-05-01,0.018127666370896182
2013-05-02,0.018127666370896182
2013-05-03,0.018127666370896182
2013-05-06,0.018127666370896182
2013-05-07,0.018127666370896182
2013-05-08,0.018127666370896182
2013-05-09,0.018127666370896182
2013-05-10,0.018127666370896182
2013-05-13,0.01807953982300885
2013-05-14,0.01807953982300885
2013-05-15,0.028648283185840707
2013-05-16,0.028648283185840707
2013-05-17,0.028648283185840707
2013-05-20,0.028648283185840707
2013-05-21,0.028648283185840707
2013-05-22,0.02885254901960784
2013-05-23,0.02885254901960784
2013-05-24,0.02885254901960784
2013-05-27,0.02885254901960784
2013-05-28,0.02885254901960784
2013-05-29,0.02885254901960784
2013-05-30,0.0290597486535009
2013-05-31,0.023096864864864862
2013-06-03,0.023222391304347823
2013-06-04,0.023222391304347823
2013-06-05,0.023285667574931883
2013-06-06,0.02334928961748634
2013-06-07,0.023456102470265326
2013-06-10,0.023456102470265326
2013-06-11,0.023607292817679558
2013-06-12,0.023607292817679558
2013-06-13,0.02369456561922366
2013-06-14,0.02711933456561922
2013-06-17,0.027194735866543095
2013-06-18,0.027194735866543095
2013-06-19,0.027321340782122904
2013-06-20,0.02742347663551402
2013-06-21,0.02818743515850144
2013-06-24,0.02846083414161009
2013-06-25,0.028543891050583657
2013-06-26,0.02851615160349854
2013-06-27,0.02851615160349854
2013-06-28,0.029181360544217685
2013-07-01,0.02946773307163886
2013-07-02,0.029818887785501486
2013-07-03,0.02990798804780876
2013-07-04,0.02990798804780876
2013-07-05,0.03026977822580645
2013-07-08,0.03026977822580645
2013-07-09,0.03026977822580645
2013-07-10,0.030392327935222674
2013-07-11,0.030392327935222674
2013-07-12,0.030392327935222674
2013-07-15,0.029200101214574902
2013-07-16,0.029200101214574902
2013-07-17,0.02922968591691996
2013-07-18,0.02922968591691996
2013-07-19,0.02922968591691996
2013-07-22,0.02922968591691996
2013-07-23,0.02922968591691996
2013-07-24,0.02922968591691996
2013-07-25,0.02922968591691996
2013-07-26,0.0291117053481332
2013-07-29,0.0291117053481332
2013-07-30,0.0291117053481332
2013-07-31,0.02665687436159346
2013-08-01,0.026575437881873727
2013-08-02,0.026575437881873727
2013-08-05,0.026575437881873727
2013-08-06,0.026575437881873727
2013-08-07,0.026575437881873727
2013-08-08,0.026575437881873727
2013-08-09,0.026575437881873727
2013-08-12,0.026684130879345604
2013-08-13,0.026684130879345604
2013-08-14,0.02690420618556701
2013-08-15,0.03423878350515464
2013-08-16,0.03423878350515464
2013-08-19,0.03445188796680498
2013-08-20,0.03445188796680498
2013-08-21,0.03474018828451883
2013-08-22,0.03474018828451883
2013-08-23,0.03474018828451883
2013-08-26,0.034813018867924525
2013-08-27,0.03499643835616439
2013-08-28,0.035293963868225295
2013-08-29,0.036021279826464206
2013-08-30,0.035592959295929594
2013-09-02,0.035592959295929594
2013-09-03,0.035750276243093924
2013-09-04,0.035750276243093924
2013-09-05,0.035750276243093924
2013-09-06,0.035750276243093924
2013-09-09,0.035750276243093924
2013-09-10,0.035750276243093924
2013-09-11,0.035750276243093924
2013-09-12,0.035750276243093924
2013-09-13,0.03824733701657459
2013-09-16,0.03824733701657459
2013-09-17,0.03824733701657459
2013-09-18,0.03824733701657459
2013-09-19,0.03824733701657459
2013-09-20,0.03824733701657459
2013-09-23,0.03824733701657459
2013-09-24,0.03824733701657459
2013-09-25,0.03824733701657459
2013-09-26,0.03824733701657459
2013-09-27,0.03824733701657459
2013-09-30,0.025825072302558396
2013-10-01,0.025825072302558396
2013-10-02,0.025825072302558396
2013-10-03,0.025825072302558396
2013-10-04,0.025825072302558396
2013-10-07,0.025825072302558396
2013-10-08,0.025825072302558396
2013-10-09,0.025825072302558396
2013-10-10,0.025825072302558396
2013-10-11,0.025825072302558396
2013-10-14,0.025825072302558396
2013-10-15,0.029143159065628477
2013-10-16,0.029143159065628477
2013-10-17,0.029143159065628477
2013-10-18,0.029537429537767754
2013-10-21,0.029537429537767754
2013-10-22,0.029404826038159373
2013-10-23,0.029404826038159373
2013-10-24,0.029404826038159373
2013-10-25,0.029404826038159373
2013-10-28,0.029404826038159373
2013-10-29,0.029404826038159373
2013-10-30,0.02930615212527964
2013-10-31,0.035901521252796414
2013-11-01,0.035901521252796414
2013-11-04,0.035901521252796414
2013-11-05,0.03578144927536232
2013-11-06,0.03578144927536232
2013-11-07,0.03578144927536232
2013-11-08,0.03578144927536232
2013-11-11,0.03578144927536232
2013-11-12,0.03578144927536232
2013-11-13,0.03578144927536232
2013-11-14,0.03570184649610678
2013-11-15,0.026143804226918796
2013-11-18,0.026143804226918796
2013-11-19,0.026143804226918796
2013-11-20,0.026143804226918796
2013-11-21,0.026143804226918796
2013-11-22,0.026143804226918796
2013-11-25,0.026143804226918796
2013-11-26,0.026143804226918796
2013-11-27,0.026143804226918796
2013-11-28,0.026143804226918796
2013-11-29,0.023674582392776526
2013-12-02,0.023674582392776526
2013-12-03,0.023674582392776526
2013-12-04,0.023674582392776526
2013-12-05,0.023674582392776526
2013-12-06,0.02370133333333333
2013-12-09,0.02370133333333333
2013-12-10,0.02370133333333333
2013-12-11,0.023781950113378685
2013-12-12,0.023781950113378685
2013-12-13,0.022092290249433107
2013-12-16,0.022092290249433107
2013-12-17,0.022092290249433107
2013-12-18,0.0221425
2013-12-19,0.0221425
2013-12-20,0.022218244013683008
2013-12-23,0.022218244013683008
2013-12-24,0.022320045819014894
2013-12-25,0.022320045819014894
2013-12-26,0.022320045819014894
2013-12-27,0.022500461893764437
2013-12-30,0.022500461893764437
2013-12-31,0.021511385681293304
2014-01-01,0.021511385681293304
2014-01-02,0.021511385681293304
2014-01-03,0.021511385681293304
2014-01-06,0.021511385681293304
2014-01-07,0.021511385681293304
2014-01-08,0.021511385681293304
2014-01-09,0.021511385681293304
2014-01-10,0.021511385681293304
2014-01-13,0.021511385681293304
2014-01-14,0.021561180555555556
2014-01-15,0.02938884259259259
2014-01-16,0.02938884259259259
2014-01-17,0.029559906868451686
2014-01-20,0.029559906868451686
2014-01-21,0.029559906868451686
2014-01-22,0.029525534883720932
2014-01-23,0.029732974238875876
2014-01-24,0.029732974238875876
2014-01-27,0.029943349056603775
2014-01-28,0.030928087697929357
2014-01-29,0.030928087697929357
2014-01-30,0.031779674593241554
2014-01-31,0.05076978723404255
2014-02-03,0.051348177215189875
2014-02-04,0.05200648717948718
2014-02-05,0.05200648717948718
2014-02-06,0.05200648717948718
2014-02-07,0.05200648717948718
2014-02-10,0.05234201290322581
2014-02-11,0.05234201290322581
2014-02-12,0.05234201290322581
2014-02-13,0.05234201290322581
2014-02-14,0.060095354838709675
2014-02-17,0.060095354838709675
2014-02-18,0.060095354838709675
2014-02-19,0.060095354838709675
2014-02-20,0.060095354838709675
2014-02-21,0.060095354838709675
2014-02-24,0.060095354838709675
2014-02-25,0.060095354838709675
2014-02-26,0.06025084087968952
2014-02-27,0.06025084087968952
2014-02-28,0.06976085381630014
2014-03-03,0.06976085381630014
2014-03-04,0.06976085381630014
2014-03-05,0.06976085381630014
2014-03-06,0.06976085381630014
2014-03-07,0.06976085381630014
2014-03-10,0.06976085381630014
2014-03-11,0.06976085381630014
2014-03-12,0.06976085381630014
2014-03-13,0.0699418158236057
2014-03-14,0.07995640156453715
2014-03-17,0.08079915678524373
2014-03-18,0.08079915678524373
2014-03-19,0.08122723178807947
2014-03-20,0.08122723178807947
2014-03-21,0.08122723178807947
2014-03-24,0.08122723178807947
2014-03-25,0.08122723178807947
2014-03-26,0.08122723178807947
2014-03-27,0.08122723178807947
2014-03-28,0.08122723178807947
2014-03-31,0.08358002706359945
2014-04-01,0.08358002706359945
2014-04-02,0.08358002706359945
2014-04-03,0.08358002706359945
2014-04-04,0.08358002706359945
2014-04-07,0.08358002706359945
2014-04-08,0.08358002706359945
2014-04-09,0.08358002706359945
2014-04-10,0.08358002706359945
2014-04-11,0.08313006729475102
2014-04-14,0.08202608233731741
2014-04-15,0.11470188579017264
2014-04-16,0.11470188579017264
2014-04-17,0.11470188579017264
2014-04-18,0.11470188579017264
2014-04-21,0.11470188579017264
2014-04-22,0.11470188579017264
2014-04-23,0.11470188579017264
2014-04-24,0.11424671957671959
2014-04-25,0.11424671957671959
2014-04-28,0.11424671957671959
2014-04-29,0.11424671957671959
2014-04-30,0.07908642857142859
2014-05-01,0.07908642857142859
2014-05-02,0.07908642857142859
2014-05-05,0.07908642857142859
2014-05-06,0.07908642857142859
2014-05-07,0.07982555407209613
2014-05-08,0.07982555407209613
2014-05-09,0.07982555407209613
2014-05-12,0.07982555407209613
2014-05-13,0.07961296937416777
2014-05-14,0.07961296937416777
2014-05-15,0.06939656458055926
2014-05-16,0.06939656458055926
2014-05-19,0.06939656458055926
2014-05-20,0.06939656458055926
2014-05-21,0.06939656458055926
2014-05-22,0.06939656458055926
2014-05-23,0.06939656458055926
2014-05-26,0.06939656458055926
2014-05-27,0.06939656458055926
2014-05-28,0.06939656458055926
2014-05-29,0.06939656458055926
2014-05-30,0.05956260985352864
2014-06-02,0.05956260985352864
2014-06-03,0.05956260985352864
2014-06-04,0.05956260985352864
2014-06-05,0.05956260985352864
2014-06-06,0.05956260985352864
2014-06-09,0.05956260985352864
2014-06-10,0.05940440903054449
2014-06-11,0.05940440903054449
2014-06-12,0.05940440903054449
2014-06-13,0.02810002656042497
2014-06-16,0.02810002656042497
2014-06-17,0.028250093457943923
2014-06-18,0.028250093457943923
2014-06-19,0.028250093457943923
2014-06-20,0.028250093457943923
2014-06-23,0.028250093457943923
2014-06-24,0.028788190476190478
2014-06-25,0.028788190476190478
2014-06-26,0.028788190476190478
2014-06-27,0.028788190476190478
2014-06-30,0.028045034013605443
2014-07-01,0.028045034013605443
2014-07-02,0.02812155525238745
2014-07-03,0.02812155525238745
2014-07-04,0.02812155525238745
2014-07-07,0.02812155525238745
2014-07-08,0.02823712328767123
2014-07-09,0.02823712328767123
2014-07-10,0.02823712328767123
2014-07-11,0.02823712328767123
2014-07-14,0.02823712328767123
2014-07-15,0.02786758904109589
2014-07-16,0.02786758904109589
2014-07-17,0.02786758904109589
2014-07-18,0.02786758904109589
2014-07-21,0.02786758904109589
2014-07-22,0.02786758904109589
2014-07-23,0.02786758904109589
2014-07-24,0.02786758904109589
2014-07-25,0.02786758904109589
2014-07-28,0.02786758904109589
2014-07-29,0.02786758904109589
2014-07-30,0.02786758904109589
2014-07-31,0.024254194444444446
2014-08-01,0.024254194444444446
2014-08-04,0.024254194444444446
2014-08-05,0.024254194444444446
2014-08-06,0.024254194444444446
2014-08-07,0.02435567642956764
2014-08-08,0.02435567642956764
2014-08-11,0.024526713483146067
2014-08-12,0.02470016973125884
2014-08-13,0.02470016973125884
2014-08-14,0.024770241134751774
2014-08-15,0.03166246808510638
2014-08-18,0.03166246808510638
2014-08-19,0.03166246808510638
2014-08-20,0.03166246808510638
2014-08-21,0.03166246808510638
2014-08-22,0.03166246808510638
2014-08-25,0.03166246808510638
2014-08-26,0.03166246808510638
2014-08-27,0.03166246808510638
2014-08-28,0.03166246808510638
2014-08-29,0.02603412765957447
2014-09-01,0.02603412765957447
2014-09-02,0.02603412765957447
2014-09-03,0.02603412765957447
2014-09-04,0.02603412765957447
2014-09-05,0.02603412765957447
2014-09-08,0.02603412765957447
2014-09-09,0.02603412765957447
2014-09-10,0.02603412765957447
2014-09-11,0.02603412765957447
2014-09-12,0.02603412765957447
2014-09-15,0.027886723404255322
2014-09-16,0.027926335227272725
2014-09-17,0.027926335227272725
2014-09-18,0.027926335227272725
2014-09-19,0.028126094420600857
2014-09-22,0.028126094420600857
2014-09-23,0.028126094420600857
2014-09-24,0.028126094420600857
2014-09-25,0.028126094420600857
2014-09-26,0.028126094420600857
2014-09-29,0.028126094420600857
2014-09-30,0.019565722460658082
2014-10-01,0.019678330935251797
2014-10-02,0.019678330935251797
2014-10-03,0.019678330935251797
2014-10-06,0.019678330935251797
2014-10-07,0.019820927536231884
2014-10-08,0.01996560583941606
2014-10-09,0.01996560583941606
2014-10-10,0.01996560583941606
2014-10-13,0.01996560583941606
2014-10-14,0.01996560583941606
2014-10-15,0.03362849635036496
2014-10-16,0.03362849635036496
2014-10-17,0.03362849635036496
2014-10-20,0.03362849635036496
2014-10-21,0.03362849635036496
2014-10-22,0.03362849635036496
2014-10-23,0.03362849635036496
2014-10-24,0.03362849635036496
2014-10-27,0.03362849635036496
2014-10-28,0.03362849635036496
2014-10-29,0.03362849635036496
2014-10-30,0.03362849635036496
2014-10-31,0.026277781065088757
2014-11-03,0.026277781065088757
2014-11-04,0.026277781065088757
2014-11-05,0.026277781065088757
2014-11-06,0.026277781065088757
2014-11-07,0.026277781065088757
2014-11-10,0.026277781065088757
2014-11-11,0.026277781065088757
2014-11-12,0.026277781065088757
2014-11-13,0.026277781065088757
2014-11-14,0.0277503550295858
2014-11-17,0.0277503550295858
2014-11-18,0.0277503550295858
2014-11-19,0.0277503550295858
2014-11-20,0.0277503550295858
2014-11-21,0.0277503550295858
2014-11-24,0.0277503550295858
2014-11-25,0.0277503550295858
2014-11-26,0.0277503550295858
2014-11-27,0.0277503550295858
2014-11-28,0.029964608433734937
2014-12-01,0.029964608433734937
2014-12-02,0.029964608433734937
2014-12-03,0.029964608433734937
2014-12-04,0.03028386605783866
2014-12-05,0.03028386605783866
2014-12-08,0.03028386605783866
2014-12-09,0.03056298003072197
2014-12-10,0.03056298003072197
2014-12-11,0.03056298003072197
2014-12-12,0.03056298003072197
2014-12-15,0.034190540958268935
2014-12-16,0.03429655813953489
2014-12-17,0.03445682242990654
2014-12-18,0.03461859154929577
2014-12-19,0.03461859154929577
2014-12-22,0.03478188679245283
2014-12-23,0.03478188679245283
2014-12-24,0.03478188679245283
2014-12-25,0.03478188679245283
2014-12-26,0.03478188679245283
2014-12-29,0.03478188679245283
2014-12-30,0.03478188679245283
2014-12-31,0.025602861635220124
2015-01-01,0.025602861635220124
2015-01-02,0.025724202211690365
2015-01-05,0.025724202211690365
2015-01-06,0.025724202211690365
2015-01-07,0.025805736925515056
2015-01-08,0.025805736925515056
2015-01-09,0.025929012738853504
2015-01-12,0.025929012738853504
2015-01-13,0.025929012738853504
2015-01-14,0.025929012738853504
2015-01-15,0.028652611464968156
2015-01-16,0.028652611464968156
2015-01-19,0.028652611464968156
2015-01-20,0.028652611464968156
2015-01-21,0.028652611464968156
2015-01-22,0.028652611464968156
2015-01-23,0.028471265822784808
2015-01-26,0.028471265822784808
2015-01-27,0.028471265822784808
2015-01-28,0.028471265822784808
2015-01-29,0.028471265822784808
2015-01-30,0.02320558587479936
2015-02-02,0.02320558587479936
2015-02-03,0.02320558587479936
2015-02-04,0.02320558587479936
2015-02-05,0.02320558587479936
2015-02-06,0.02320558587479936
2015-02-09,0.02320558587479936
2015-02-10,0.02320558587479936
2015-02-11,0.02320558587479936
2015-02-12,0.02320558587479936
2015-02-13,0.031221354838709678
2015-02-16,0.031221354838709678
2015-02-17,0.031221354838709678
2015-02-18,0.031221354838709678
2015-02-19,0.031221354838709678
2015-02-20,0.031221354838709678
2015-02-23,0.03087279106858054
2015-02-24,0.03087279106858054
2015-02-25,0.03087279106858054
2015-02-26,0.03087279106858054
2015-02-27,0.02200755980861244
2015-03-02,0.02200755980861244
2015-03-03,0.02200755980861244
2015-03-04,0.02200755980861244
2015-03-05,0.02200755980861244
2015-03-06,0.02200755980861244
2015-03-09,0.02200755980861244
2015-03-10,0.02200755980861244
2015-03-11,0.02200755980861244
2015-03-12,0.02200755980861244
2015-03-13,0.016049314194577353
2015-03-16,0.016049314194577353
2015-03-17,0.016049314194577353
2015-03-18,0.015972888888888887
2015-03-19,0.015972888888888887
2015-03-20,0.015972888888888887
2015-03-23,0.015972888888888887
2015-03-24,0.015972888888888887
2015-03-25,0.015972888888888887
2015-03-26,0.015972888888888887
2015-03-27,0.015972888888888887
2015-03-30,0.015972888888888887
2015-03-31,0.008673809523809523
2015-04-01,0.008673809523809523
2015-04-02,0.008673809523809523
2015-04-03,0.008673809523809523
2015-04-06,0.008673809523809523
2015-04-07,0.008673809523809523
2015-04-08,0.008701433121019108
2015-04-09,0.008701433121019108
2015-04-10,0.008701433121019108
2015-04-13,0.008701433121019108
2015-04-14,0.008701433121019108
2015-04-15,0.014738343949044587
2015-04-16,0.014738343949044587
2015-04-17,0.014738343949044587
2015-04-20,0.014738343949044587
2015-04-21,0.014738343949044587
2015-04-22,0.014738343949044587
2015-04-23,0.014738343949044587
2015-04-24,0.014738343949044587
2015-04-27,0.014738343949044587
2015-04-28,0.014738343949044587
2015-04-29,0.014738343949044587
2015-04-30,0.018864164037854892
2015-05-01,0.018864164037854892
2015-05-04,0.018864164037854892
2015-05-05,0.018864164037854892
2015-05-06,0.018864164037854892
2015-05-07,0.018864164037854892
2015-05-08,0.018864164037854892
2015-05-11,0.018716557120500785
2015-05-12,0.018716557120500785
2015-05-13,0.018716557120500785
2015-05-14,0.018716557120500785
2015-05-15,0.008503411580594679
2015-05-18,0.008503411580594679
2015-05-19,0.008503411580594679
2015-05-20,0.008503411580594679
2015-05-21,0.008503411580594679
2015-05-22,0.008503411580594679
2015-05-25,0.008503411580594679
2015-05-26,0.008503411580594679
2015-05-27,0.008503411580594679
2015-05-28,0.008503411580594679
2015-05-29,0.013909953051643192
2015-06-01,0.013909953051643192
2015-06-02,0.013931755485893418
2015-06-03,0.014064018987341772
2015-06-04,0.014064018987341772
2015-06-05,0.014064018987341772
2015-06-08,0.014064018987341772
2015-06-09,0.014153598726114651
2015-06-10,0.014153598726114651
2015-06-11,0.014153598726114651
2015-06-12,0.014153598726114651
2015-06-15,0.008201624203821657
2015-06-16,0.008201624203821657
2015-06-17,0.008201624203821657
2015-06-18,0.008201624203821657
2015-06-19,0.008201624203821657
2015-06-22,0.008201624203821657
2015-06-23,0.008201624203821657
2015-06-24,0.008201624203821657
2015-06-25,0.008201624203821657
2015-06-26,0.008201624203821657
2015-06-29,0.008201624203821657
2015-06-30,0.005678121019108281
2015-07-01,0.005678121019108281
2015-07-02,0.005678121019108281
2015-07-03,0.005678121019108281
2015-07-06,0.005678121019108281
2015-07-07,0.005678121019108281
2015-07-08,0.005678121019108281
2015-07-09,0.005678121019108281
2015-07-10,0.005705376
2015-07-13,0.005705376
2015-07-14,0.005705376
2015-07-15,0.01560496
2015-07-16,0.01560496
2015-07-17,0.01560496
2015-07-20,0.01560496
2015-07-21,0.01560496
2015-07-22,0.01560496
2015-07-23,0.01560496
2015-07-24,0.01560496
2015-07-27,0.01560496
2015-07-28,0.01560496
2015-07-29,0.01560496
2015-07-30,0.01560496
2015-07-31,0.015906688
2015-08-03,0.015906688
2015-08-04,0.015906688
2015-08-05,0.015906688
2015-08-06,0.015906688
2015-08-07,0.015906688
2015-08-10,0.015906688
2015-08-11,0.015906688
2015-08-12,0.015906688
2015-08-13,0.015906688
2015-08-14,0.028168448
2015-08-17,0.028168448
2015-08-18,0.028168448
2015-08-19,0.028168448
2015-08-20,0.028487508090614885
2015-08-21,0.02858
2015-08-24,0.02858
2015-08-25,0.02858
2015-08-26,0.02858
2015-08-27,0.02886111475409836
2015-08-28,0.02886111475409836
2015-08-31,0.037468362369337975
2015-09-01,0.03773129824561404
2015-09-02,0.038065203539823005
2015-09-03,0.038065203539823005
2015-09-04,0.038065203539823005
2015-09-07,0.038065203539823005
2015-09-08,0.038065203539823005
2015-09-09,0.038065203539823005
2015-09-10,0.038065203539823005
2015-09-11,0.038065203539823005
2015-09-14,0.038065203539823005
2015-09-15,0.044639185840707966
2015-09-16,0.044639185840707966
2015-09-17,0.04456031802120141
2015-09-18,0.04471833333333334
2015-09-21,0.04471833333333334
2015-09-22,0.04503775
2015-09-23,0.04503775
2015-09-24,0.04503775
2015-09-25,0.04536176258992805
2015-09-28,0.04585661818181818
2015-09-29,0.046023978102189785
2015-09-30,0.04651542124542125
2015-10-01,0.04651542124542125
2015-10-02,0.04651542124542125
2015-10-05,0.04651542124542125
2015-10-06,0.04651542124542125
2015-10-07,0.04651542124542125
2015-10-08,0.04651542124542125
2015-10-09,0.04651542124542125
2015-10-12,0.04651542124542125
2015-10-13,0.04651542124542125
2015-10-14,0.04651542124542125
2015-10-15,0.02786212454212454
2015-10-16,0.02786212454212454
2015-10-19,0.02786212454212454
2015-10-20,0.02786212454212454
2015-10-21,0.02786212454212454
2015-10-22,0.02786212454212454
2015-10-23,0.02786212454212454
2015-10-26,0.02786212454212454
2015-10-27,0.02786212454212454
2015-10-28,0.02786212454212454
2015-10-29,0.02786212454212454
2015-10-30,0.013403563636363637
2015-11-02,0.013211397849462366
2015-11-03,0.013211397849462366
2015-11-04,0.013211397849462366
2015-11-05,0.013211397849462366
2015-11-06,0.013211397849462366
2015-11-09,0.013211397849462366
2015-11-10,0.013330849909584087
2015-11-11,0.013452481751824818
2015-11-12,0.013452481751824818
2015-11-13,0.026656167883211682
2015-11-16,0.026656167883211682
2015-11-17,0.026656167883211682
2015-11-18,0.026656167883211682
2015-11-19,0.026656167883211682
2015-11-20,0.026656167883211682
2015-11-23,0.026656167883211682
2015-11-24,0.026656167883211682
2015-11-25,0.026656167883211682
2015-11-26,0.026656167883211682
2015-11-27,0.026656167883211682
2015-11-30,0.028491240875912413
2015-12-01,0.028491240875912413
2015-12-02,0.028491240875912413
2015-12-03,0.02864807339449541
2015-12-04,0.02864807339449541
2015-12-07,0.02864807339449541
2015-12-08,0.02864807339449541
2015-12-09,0.02864807339449541
2015-12-10,0.02864807339449541
2015-12-11,0.02885988909426987
2015-12-14,0.02885988909426987
2015-12-15,0.02865921933085502
2015-12-16,0.02865921933085502
2015-12-17,0.02865921933085502
2015-12-18,0.02865921933085502
2015-12-21,0.02865921933085502
2015-12-22,0.02865921933085502
2015-12-23,0.028873895131086146
2015-12-24,0.028873895131086146
2015-12-25,0.028873895131086146
2015-12-28,0.028873895131086146
2015-12-29,0.029146805293005673
2015-12-30,0.029146805293005673
2015-12-31,0.01408344827586207
2016-01-01,0.01408344827586207
2016-01-04,0.014192200772200772
2016-01-05,0.014192200772200772
2016-01-06,0.014192200772200772
2016-01-07,0.014192200772200772
2016-01-08,0.014192200772200772
2016-01-11,0.014192200772200772
2016-01-12,0.014192200772200772
2016-01-13,0.014192200772200772
2016-01-14,0.014192200772200772
2016-01-15,0.031404942084942086
2016-01-18,0.031404942084942086
2016-01-19,0.031404942084942086
2016-01-20,0.031404942084942086
2016-01-21,0.031404942084942086
2016-01-22,0.031404942084942086
2016-01-25,0.03164933852140078
2016-01-26,0.03164933852140078
2016-01-27,0.03164933852140078
2016-01-28,0.03164933852140078
2016-01-29,0.0119463671875
2016-02-01,0.0119463671875
2016-02-02,0.012111960396039604
2016-02-03,0.012111960396039604
2016-02-04,0.012111960396039604
2016-02-05,0.012111960396039604
2016-02-08,0.012111960396039604
2016-02-09,0.012111960396039604
2016-02-10,0.012331733870967742
2016-02-11,0.012331733870967742
2016-02-12,0.03691257142857143
2016-02-15,0.03691257142857143
2016-02-16,0.03691257142857143
2016-02-17,0.03691257142857143
2016-02-18,0.03691257142857143
2016-02-19,0.03691257142857143
2016-02-22,0.03729311340206186
2016-02-23,0.03729311340206186
2016-02-24,0.03729311340206186
2016-02-25,0.03729311340206186
2016-02-26,0.037839246861924684
2016-02-29,0.05810598326359833
2016-03-01,0.05810598326359833
2016-03-02,0.05810598326359833
2016-03-03,0.05810598326359833
2016-03-04,0.05810598326359833
2016-03-07,0.05810598326359833
2016-03-08,0.05810598326359833
2016-03-09,0.05810598326359833
2016-03-10,0.05810598326359833
2016-03-11,0.05810598326359833
2016-03-14,0.05810598326359833
2016-03-15,0.03314799163179916
2016-03-16,0.03314799163179916
2016-03-17,0.03287290456431535
2016-03-18,0.03287290456431535
2016-03-21,0.03287290456431535
2016-03-22,0.032270346232179226
2016-03-23,0.032270346232179226
2016-03-24,0.03200957575757576
2016-03-25,0.03200957575757576
2016-03-28,0.03200957575757576
2016-03-29,0.03200957575757576
2016-03-30,0.03200957575757576
2016-03-31,0.042163676767676773
2016-04-01,0.042163676767676773
2016-04-04,0.04157573705179283
2016-04-05,0.04157573705179283
2016-04-06,0.041165719921104536
2016-04-07,0.041165719921104536
2016-04-08,0.0407637109375
2016-04-11,0.0407637109375
2016-04-12,0.0407637109375
2016-04-13,0.0407637109375
2016-04-14,0.03967874524714829
2016-04-15,0.05302782608695652
2016-04-18,0.05302782608695652
2016-04-19,0.051755940959409594
2016-04-20,0.051755940959409594
2016-04-21,0.0516606261510129
2016-04-22,0.0516606261510129
2016-04-25,0.0516606261510129
2016-04-26,0.0516606261510129
2016-04-27,0.0516606261510129
2016-04-28,0.0516606261510129
2016-04-29,0.032484419889502764
2016-05-02,0.032484419889502764
2016-05-03,0.032484419889502764
2016-05-04,0.032484419889502764
2016-05-05,0.032484419889502764
2016-05-06,0.032484419889502764
2016-05-09,0.032484419889502764
2016-05-10,0.032484419889502764
2016-05-11,0.032484419889502764
2016-05-12,0.032484419889502764
2016-05-13,0.03409209647495362
2016-05-16,0.03409209647495362
2016-05-17,0.03409209647495362
2016-05-18,0.03409209647495362
2016-05-19,0.03409209647495362
2016-05-20,0.03447587242026267
2016-05-23,0.03447587242026267
2016-05-24,0.03447587242026267
2016-05-25,0.03447587242026267
2016-05-26,0.03447587242026267
2016-05-27,0.03447587242026267
2016-05-30,0.03447587242026267
2016-05-31,0.025251144465290806
2016-06-01,0.025251144465290806
2016-06-02,0.025251144465290806
2016-06-03,0.025251144465290806
2016-06-06,0.025251144465290806
2016-06-07,0.025251144465290806
2016-06-08,0.025251144465290806
2016-06-09,0.025251144465290806
2016-06-10,0.025251144465290806
2016-06-13,0.025251144465290806
2016-06-14,0.025394075471698113
2016-06-15,0.025094155597722958
2016-06-16,0.02553015444015444
2016-06-17,0.02553015444015444
2016-06-20,0.02553015444015444
2016-06-21,0.02553015444015444
2016-06-22,0.02553015444015444
2016-06-23,0.02553015444015444
2016-06-24,0.02553015444015444
2016-06-27,0.025678873786407767
2016-06-28,0.025678873786407767
2016-06-29,0.025678873786407767
2016-06-30,0.03298943689320388
2016-07-01,0.03298943689320388
2016-07-04,0.03298943689320388
2016-07-05,0.03298943689320388
2016-07-06,0.03298943689320388
2016-07-07,0.03298943689320388
2016-07-08,0.03298943689320388
2016-07-11,0.03298943689320388
2016-07-12,0.03298943689320388
2016-07-13,0.03298943689320388
2016-07-14,0.03298943689320388
2016-07-15,0.027519339805825244
2016-07-18,0.027519339805825244
2016-07-19,0.027519339805825244
2016-07-20,0.027519339805825244
2016-07-21,0.027519339805825244
2016-07-22,0.027519339805825244
2016-07-25,0.027519339805825244
2016-07-26,0.027519339805825244
2016-07-27,0.027519339805825244
2016-07-28,0.027519339805825244
2016-07-29,0.038978285714285715
2016-08-01,0.039505019305019304
2016-08-02,0.039505019305019304
2016-08-03,0.039505019305019304
2016-08-04,0.039505019305019304
2016-08-05,0.039505019305019304
2016-08-08,0.039505019305019304
2016-08-09,0.039505019305019304
2016-08-10,0.03861056603773585
2016-08-11,0.03861056603773585
2016-08-12,0.03861056603773585
2016-08-15,0.025840716981132075
2016-08-16,0.025840716981132075
2016-08-17,0.025840716981132075
2016-08-18,0.025840716981132075
2016-08-19,0.025840716981132075
2016-08-22,0.025840716981132075
2016-08-23,0.025840716981132075
2016-08-24,0.025840716981132075
2016-08-25,0.025840716981132075
2016-08-26,0.025840716981132075
2016-08-29,0.025840716981132075
2016-08-30,0.025840716981132075
2016-08-31,0.026285132075471698
2016-09-01,0.026285132075471698
2016-09-02,0.026285132075471698
2016-09-05,0.026285132075471698
2016-09-06,0.026285132075471698
2016-09-07,0.026285132075471698
2016-09-08,0.026285132075471698
2016-09-09,0.026285132075471698
2016-09-12,0.026285132075471698
2016-09-13,0.026285132075471698
2016-09-14,0.026285132075471698
2016-09-15,0.03953872897196262
2016-09-16,0.03953872897196262
2016-09-19,0.03953872897196262
2016-09-20,0.03953872897196262
2016-09-21,0.03953872897196262
2016-09-22,0.03953872897196262
2016-09-23,0.03953872897196262
2016-09-26,0.03953872897196262
2016-09-27,0.03924530612244898
2016-09-28,0.03924530612244898
2016-09-29,0.03924530612244898
2016-09-30,0.024548200371057514
2016-10-03,0.024548200371057514
2016-10-04,0.024548200371057514
2016-10-05,0.024548200371057514
2016-10-06,0.024548200371057514
2016-10-07,0.024548200371057514
2016-10-10,0.024548200371057514
2016-10-11,0.024548200371057514
2016-10-12,0.024548200371057514
2016-10-13,0.024548200371057514
2016-10-14,0.014898552875695734
2016-10-17,0.014898552875695734
2016-10-18,0.014898552875695734
2016-10-19,0.014898552875695734
2016-10-20,0.014898552875695734
2016-10-21,0.014898552875695734
2016-10-24,0.014898552875695734
2016-10-25,0.014898552875695734
2016-10-26,0.014898552875695734
2016-10-27,0.014898552875695734
2016-10-28,0.015009943925233644
2016-10-31,0.017353943925233647
2016-11-01,0.017353943925233647
2016-11-02,0.017353943925233647
2016-11-03,0.017353943925233647
2016-11-04,0.017353943925233647
2016-11-07,0.017353943925233647
2016-11-08,0.017353943925233647
2016-11-09,0.017353943925233647
2016-11-10,0.017353943925233647
2016-11-11,0.017353943925233647
2016-11-14,0.017353943925233647
2016-11-15,0.019539102803738318
2016-11-16,0.019539102803738318
2016-11-17,0.019539102803738318
2016-11-18,0.019539102803738318
2016-11-21,0.019539102803738318
2016-11-22,0.019539102803738318
2016-11-23,0.019539102803738318
2016-11-24,0.019539102803738318
2016-11-25,0.019539102803738318
2016-11-28,0.019539102803738318
2016-11-29,0.019539102803738318
2016-11-30,0.02068915254237288
2016-12-01,0.02068915254237288
2016-12-02,0.02068915254237288
2016-12-05,0.02068915254237288
2016-12-06,0.02068915254237288
2016-12-07,0.02068915254237288
2016-12-08,0.02068915254237288
2016-12-09,0.02080670454545455
2016-12-12,0.02080670454545455
2016-12-13,0.02080670454545455
2016-12-14,0.02080670454545455
2016-12-15,0.05225950757575758
2016-12-16,0.05225950757575758
2016-12-19,0.05225950757575758
2016-12-20,0.05225950757575758
2016-12-21,0.05225950757575758
2016-12-22,0.05225950757575758
2016-12-23,0.05255813333333333
2016-12-26,0.05255813333333333
2016-12-27,0.05296165067178503
2016-12-28,0.05337141199226306
2016-12-29,0.05399808219178082
2016-12-30,0.03148630136986301
2017-01-02,0.03148630136986301
2017-01-03,0.03148630136986301
2017-01-04,0.03148630136986301
2017-01-05,0.03148630136986301
2017-01-06,0.03148630136986301
2017-01-09,0.03148630136986301
2017-01-10,0.03148630136986301
2017-01-11,0.03148630136986301
2017-01-12,0.03148630136986301
2017-01-13,0.02145809900990099
2017-01-16,0.02145809900990099
2017-01-17,0.02145809900990099
2017-01-18,0.02145809900990099
2017-01-19,0.02145809900990099
2017-01-20,0.02145809900990099
2017-01-23,0.02145809900990099
2017-01-24,0.02145809900990099
2017-01-25,0.02145809900990099
2017-01-26,0.02145809900990099
2017-01-27,0.02145809900990099
2017-01-30,0.02145809900990099
2017-01-31,0.015559128712871287
2017-02-01,0.015559128712871287
2017-02-02,0.015873454545454545
2017-02-03,0.015873454545454545
2017-02-06,0.015873454545454545
2017-02-07,0.015873454545454545
2017-02-08,0.015873454545454545
2017-02-09,0.015873454545454545
2017-02-10,0.015873454545454545
2017-02-13,0.015873454545454545
2017-02-14,0.015873454545454545
2017-02-15,0.018916767676767678
2017-02-16,0.018916767676767678
2017-02-17,0.018916767676767678
2017-02-20,0.018916767676767678
2017-02-21,0.018916767676767678
2017-02-22,0.019148875255623723
2017-02-23,0.019148875255623723
2017-02-24,0.019148875255623723
2017-02-27,0.019148875255623723
2017-02-28,0.015569856850715748
2017-03-01,0.015569856850715748
2017-03-02,0.015795975103734438
2017-03-03,0.015795975103734438
2017-03-06,0.015795975103734438
2017-03-07,0.015795975103734438
2017-03-08,0.015795975103734438
2017-03-09,0.015795975103734438
2017-03-10,0.015795975103734438
2017-03-13,0.015795975103734438
2017-03-14,0.015795975103734438
2017-03-15,0.020536182572614105
2017-03-16,0.020795042016806722
2017-03-17,0.020795042016806722
2017-03-20,0.021332844827586208
2017-03-21,0.021332844827586208
2017-03-22,0.021332844827586208
2017-03-23,0.021332844827586208
2017-03-24,0.021332844827586208
2017-03-27,0.021332844827586208
2017-03-28,0.021332844827586208
2017-03-29,0.021332844827586208
2017-03-30,0.021332844827586208
2017-03-31,0.026001681034482763
2017-04-03,0.026001681034482763
2017-04-04,0.026001681034482763
2017-04-05,0.026001681034482763
2017-04-06,0.026001681034482763
2017-04-07,0.026001681034482763
2017-04-10,0.026001681034482763
2017-04-11,0.026001681034482763
2017-04-12,0.026001681034482763
2017-04-13,0.03838150862068966
2017-04-14,0.03838150862068966
2017-04-17,0.03838150862068966
2017-04-18,0.03838150862068966
2017-04-19,0.03838150862068966
2017-04-20,0.03838150862068966
2017-04-21,0.03838150862068966
2017-04-24,0.03838150862068966
2017-04-25,0.039226916299559475
2017-04-26,0.039226916299559475
2017-04-27,0.039226916299559475
2017-04-28,0.047720881057268724
2017-05-01,0.047720881057268724
2017-05-02,0.047720881057268724
2017-05-03,0.047720881057268724
2017-05-04,0.047720881057268724
2017-05-05,0.047720881057268724
2017-05-08,0.047720881057268724
2017-05-09,0.047720881057268724
2017-05-10,0.047720881057268724
2017-05-11,0.047720881057268724
2017-05-12,0.047720881057268724
2017-05-15,0.056556480686695276
2017-05-16,0.056556480686695276
2017-05-17,0.056556480686695276
2017-05-18,0.056556480686695276
2017-05-19,0.056556480686695276
2017-05-22,0.05536831932773109
2017-05-23,0.054906916666666666
2017-05-24,0.05445314049586777
2017-05-25,0.05445314049586777
2017-05-26,0.053567723577235764
2017-05-29,0.053567723577235764
2017-05-30,0.052605429141716564
2017-05-31,0.04515337325349301
2017-06-01,0.04515337325349301
2017-06-02,0.04515337325349301
2017-06-05,0.044884603174603174
2017-06-06,0.044884603174603174
2017-06-07,0.044884603174603174
2017-06-08,0.044884603174603174
2017-06-09,0.044884603174603174
2017-06-12,0.044884603174603174
2017-06-13,0.044884603174603174
2017-06-14,0.044884603174603174
2017-06-15,0.0491527380952381
2017-06-16,0.0491527380952381
2017-06-19,0.0491527380952381
2017-06-20,0.04866990176817289
2017-06-21,0.04866990176817289
2017-06-22,0.04866990176817289
2017-06-23,0.04866990176817289
2017-06-26,0.049645250501002006
2017-06-27,0.049645250501002006
2017-06-28,0.049645250501002006
2017-06-29,0.049645250501002006
2017-06-30,0.039258957915831665
2017-07-03,0.039258957915831665
2017-07-04,0.039258957915831665
2017-07-05,0.039258957915831665
2017-07-06,0.039258957915831665
2017-07-07,0.039258957915831665
2017-07-10,0.039258957915831665
2017-07-11,0.039258957915831665
2017-07-12,0.039258957915831665
2017-07-13,0.039258957915831665
2017-07-14,0.023860681362725452
2017-07-17,0.023860681362725452
2017-07-18,0.023860681362725452
2017-07-19,0.02395670020120724
2017-07-20,0.024348629856850715
2017-07-21,0.024348629856850715
2017-07-24,0.024348629856850715
2017-07-25,0.024348629856850715
2017-07-26,0.024348629856850715
2017-07-27,0.024348629856850715
2017-07-28,0.024348629856850715
2017-07-31,0.02609631901840491
2017-08-01,0.02609631901840491
2017-08-02,0.02609631901840491
2017-08-03,0.02609631901840491
2017-08-04,0.02609631901840491
2017-08-07,0.02609631901840491
2017-08-08,0.02609631901840491
2017-08-09,0.02609631901840491
2017-08-10,0.02609631901840491
2017-08-11,0.02609631901840491
2017-08-14,0.02609631901840491
2017-08-15,0.02881406952965235
2017-08-16,0.02881406952965235
2017-08-17,0.0289919341563786
2017-08-18,0.0289919341563786
2017-08-21,0.0289919341563786
2017-08-22,0.0289919341563786
2017-08-23,0.0289919341563786
2017-08-24,0.0289919341563786
2017-08-25,0.0289919341563786
2017-08-28,0.0289919341563786
2017-08-29,0.0289919341563786
2017-08-30,0.0289919341563786
2017-08-31,0.024222427983539095
2017-09-01,0.024222427983539095
2017-09-04,0.024222427983539095
2017-09-05,0.024222427983539095
2017-09-06,0.024222427983539095
2017-09-07,0.024222427983539095
2017-09-08,0.024222427983539095
2017-09-11,0.024222427983539095
2017-09-12,0.024222427983539095
2017-09-13,0.024222427983539095
2017-09-14,0.024222427983539095
2017-09-15,0.031175390946502055
2017-09-18,0.031175390946502055
2017-09-19,0.031175390946502055
2017-09-20,0.031175390946502055
2017-09-21,0.031175390946502055
2017-09-22,0.031175390946502055
2017-09-25,0.031175390946502055
2017-09-26,0.031175390946502055
2017-09-27,0.03183033613445378
2017-09-28,0.03203221987315011
2017-09-29,0.020792093023255815
2017-10-02,0.020792093023255815
2017-10-03,0.020792093023255815
2017-10-04,0.020792093023255815
2017-10-05,0.020792093023255815
2017-10-06,0.020792093023255815
2017-10-09,0.020792093023255815
2017-10-10,0.020792093023255815
2017-10-11,0.020792093023255815
2017-10-12,0.020792093023255815
2017-10-13,0.022537928118393235
2017-10-16,0.022537928118393235
2017-10-17,0.022537928118393235
2017-10-18,0.022537928118393235
2017-10-19,0.022537928118393235
2017-10-20,0.022537928118393235
2017-10-23,0.022537928118393235
2017-10-24,0.022537928118393235
2017-10-25,0.022537928118393235
2017-10-26,0.022537928118393235
2017-10-27,0.022537928118393235
2017-10-30,0.022537928118393235
2017-10-31,0.04058828752642706
2017-11-01,0.04058828752642706
2017-11-02,0.04058828752642706
2017-11-03,0.04058828752642706
2017-11-06,0.040417389473684215
2017-11-07,0.040417389473684215
2017-11-08,0.040417389473684215
2017-11-09,0.039996375
2017-11-10,0.039996375
2017-11-13,0.039996375
2017-11-14,0.039996375
2017-11-15,0.038725833333333334
2017-11-16,0.038725833333333334
2017-11-17,0.038725833333333334
2017-11-20,0.038725833333333334
2017-11-21,0.038725833333333334
2017-11-22,0.038725833333333334
2017-11-23,0.038725833333333334
2017-11-24,0.038725833333333334
2017-11-27,0.038725833333333334
2017-11-28,0.038725833333333334
2017-11-29,0.038725833333333334
2017-11-30,0.055821416666666665
2017-12-01,0.055821416666666665
2017-12-04,0.0553600826446281
2017-12-05,0.0553600826446281
2017-12-06,0.05490631147540984
2017-12-07,0.05490631147540984
2017-12-08,0.05490631147540984
2017-12-11,0.05490631147540984
2017-12-12,0.05490631147540984
2017-12-13,0.05380377510040161
2017-12-14,0.052953122529644264
2017-12-15,0.058579644268774704
2017-12-18,0.058579644268774704
2017-12-19,0.05722258687258688
2017-12-20,0.05722258687258688
2017-12-21,0.05689309021113244
2017-12-22,0.05733326885880077
2017-12-25,0.05733326885880077
2017-12-26,0.05733326885880077
2017-12-27,0.05733326885880077
2017-12-28,0.05733326885880077
2017-12-29,0.02530990328820116
2018-01-01,0.02530990328820116
2018-01-02,0.02530990328820116
2018-01-03,0.02530990328820116
2018-01-04,0.025019541108986618
2018-01-05,0.02492422857142857
2018-01-08,0.02492422857142857
2018-01-09,0.024689094339622644
2018-01-10,0.024689094339622644
2018-01-11,0.024689094339622644
2018-01-12,0.033645056603773586
2018-01-15,0.033645056603773586
2018-01-16,0.033645056603773586
2018-01-17,0.033645056603773586
2018-01-18,0.033645056603773586
2018-01-19,0.033645056603773586
2018-01-22,0.033645056603773586
2018-01-23,0.033645056603773586
2018-01-24,0.033645056603773586
2018-01-25,0.033645056603773586
2018-01-26,0.033645056603773586
2018-01-29,0.033645056603773586
2018-01-30,0.033645056603773586
2018-01-31,0.02840766037735849
2018-02-01,0.02840766037735849
2018-02-02,0.02840766037735849
2018-02-05,0.028623688212927753
2018-02-06,0.028623688212927753
2018-02-07,0.02884302681992337
2018-02-08,0.02884302681992337
2018-02-09,0.02884302681992337
2018-02-12,0.02884302681992337
2018-02-13,0.029065752895752896
2018-02-14,0.029065752895752896
2018-02-15,0.019721814671814674
2018-02-16,0.019721814671814674
2018-02-19,0.019721814671814674
2018-02-20,0.019721814671814674
2018-02-21,0.019721814671814674
2018-02-22,0.019721814671814674
2018-02-23,0.019721814671814674
2018-02-26,0.019721814671814674
2018-02-27,0.019721814671814674
2018-02-28,0.03199837837837838
2018-03-01,0.03199837837837838
2018-03-02,0.03199837837837838
2018-03-05,0.03187530769230769
2018-03-06,0.03187530769230769
2018-03-07,0.03187530769230769
2018-03-08,0.032122403100775195
2018-03-09,0.032122403100775195
2018-03-12,0.032122403100775195
2018-03-13,0.032122403100775195
2018-03-14,0.03199837837837838
2018-03-15,0.035462162162162164
2018-03-16,0.035190421455938696
2018-03-19,0.035190421455938696
2018-03-20,0.03498933333333334
2018-03-21,0.03498933333333334
2018-03-22,0.03498933333333334
2018-03-23,0.034856546489563565
2018-03-26,0.034856546489563565
2018-03-27,0.03498933333333334
2018-03-28,0.03498933333333334
2018-03-29,0.0191574011299435
2018-03-30,0.0191574011299435
2018-04-02,0.0191574011299435
2018-04-03,0.0191574011299435
2018-04-04,0.0191574011299435
2018-04-05,0.0179410582010582
2018-04-06,0.01721248730964467
2018-04-09,0.01721248730964467
2018-04-10,0.01721248730964467
2018-04-11,0.01721248730964467
2018-04-12,0.01721248730964467
2018-04-13,0.026624162436548224
2018-04-16,0.026624162436548224
2018-04-17,0.026624162436548224
2018-04-18,0.026624162436548224
2018-04-19,0.026624162436548224
2018-04-20,0.026445176470588236
2018-04-23,0.026445176470588236
2018-04-24,0.026445176470588236
2018-04-25,0.026445176470588236
2018-04-26,0.02626858096828047
2018-04-27,0.02626858096828047
2018-04-30,0.026609983305509184
2018-05-01,0.026609983305509184
2018-05-02,0.025626012861736335
2018-05-03,0.025421658692185007
2018-05-04,0.024944256651017214
2018-05-07,0.024944256651017214
2018-05-08,0.024944256651017214
2018-05-09,0.024944256651017214
2018-05-10,0.024944256651017214
2018-05-11,0.024944256651017214
2018-05-14,0.024944256651017214
2018-05-15,0.024167129032258063
2018-05-16,0.024167129032258063
2018-05-17,0.024167129032258063
2018-05-18,0.024766314049586777
2018-05-21,0.024766314049586777
2018-05-22,0.024766314049586777
2018-05-23,0.024766314049586777
2018-05-24,0.0249727
2018-05-25,0.0249727
2018-05-28,0.0249727
2018-05-29,0.025224949494949495
2018-05-30,0.025224949494949495
2018-05-31,0.015878367346938777
2018-06-01,0.015878367346938777
2018-06-04,0.015255686274509803
2018-06-05,0.015255686274509803
2018-06-06,0.015255686274509803
2018-06-07,0.015255686274509803
2018-06-08,0.015255686274509803
2018-06-11,0.015255686274509803
2018-06-12,0.015255686274509803
2018-06-13,0.015255686274509803
2018-06-14,0.015255686274509803
2018-06-15,0.016092385620915032
2018-06-18,0.016092385620915032
2018-06-19,0.01580825040128411
2018-06-20,0.01580825040128411
2018-06-21,0.01580825040128411
2018-06-22,0.01580825040128411
2018-06-25,0.016013886178861788
2018-06-26,0.016118723404255318
2018-06-27,0.016305529801324502
2018-06-28,0.016305529801324502
2018-06-29,0.0142028714524207
2018-07-02,0.0142028714524207
2018-07-03,0.0152191771019678
2018-07-04,0.0152191771019678
2018-07-05,0.015440145190562613
2018-07-06,0.015440145190562613
2018-07-09,0.015440145190562613
2018-07-10,0.015440145190562613
2018-07-11,0.015440145190562613
2018-07-12,0.015440145190562613
2018-07-13,0.019183420074349443
2018-07-16,0.019771417624521073
2018-07-17,0.019771417624521073
2018-07-18,0.019771417624521073
2018-07-19,0.019771417624521073
2018-07-20,0.019771417624521073
2018-07-23,0.019771417624521073
2018-07-24,0.019771417624521073
2018-07-25,0.019924092664092667
2018-07-26,0.019924092664092667
2018-07-27,0.019924092664092667
2018-07-30,0.020118284600389863
2018-07-31,0.017415867446393764
2018-08-01,0.017415867446393764
2018-08-02,0.017415867446393764
2018-08-03,0.017762107355864813
2018-08-06,0.017762107355864813
2018-08-07,0.017762107355864813
2018-08-08,0.017762107355864813
2018-08-09,0.017940441767068275
2018-08-10,0.01812239350912779
2018-08-13,0.01812239350912779
2018-08-14,0.01812239350912779
2018-08-15,0.0234059670781893
2018-08-16,0.0234059670781893
2018-08-17,0.0234059670781893
2018-08-20,0.0234059670781893
2018-08-21,0.0234059670781893
2018-08-22,0.0234059670781893
2018-08-23,0.0234059670781893
2018-08-24,0.0234059670781893
2018-08-27,0.0234059670781893
2018-08-28,0.0234059670781893
2018-08-29,0.0234059670781893
2018-08-30,0.0234059670781893
2018-08-31,0.022091481481481483
2018-09-03,0.022091481481481483
2018-09-04,0.022091481481481483
2018-09-05,0.022091481481481483
2018-09-06,0.022091481481481483
2018-09-07,0.022091481481481483
2018-09-10,0.022091481481481483
2018-09-11,0.022091481481481483
2018-09-12,0.022091481481481483
2018-09-13,0.022091481481481483
2018-09-14,0.015821440329218107
2018-09-17,0.015821440329218107
2018-09-18,0.015821440329218107
2018-09-19,0.015821440329218107
2018-09-20,0.015821440329218107
2018-09-21,0.015821440329218107
2018-09-24,0.015821440329218107
2018-09-25,0.015821440329218107
2018-09-26,0.015821440329218107
2018-09-27,0.015821440329218107
2018-09-28,0.016243539094650206
2018-10-01,0.016243539094650206
2018-10-02,0.016243539094650206
2018-10-03,0.01644658333333333
2018-10-04,0.01676084925690021
2018-10-05,0.01676084925690021
2018-10-08,0.01676084925690021
2018-10-09,0.01676084925690021
2018-10-10,0.01742684326710817
2018-10-11,0.01742684326710817
2018-10-12,0.01742684326710817
2018-10-15,0.02453320088300221
2018-10-16,0.023900086021505375
2018-10-17,0.023900086021505375
2018-10-18,0.02453320088300221
2018-10-19,0.02453320088300221
2018-10-22,0.02453320088300221
2018-10-23,0.02453320088300221
2018-10-24,0.02453320088300221
2018-10-25,0.02453320088300221
2018-10-26,0.02453320088300221
2018-10-29,0.02453320088300221
2018-10-30,0.02453320088300221
2018-10-31,0.025789315673289185
2018-11-01,0.025452200435729846
2018-11-02,0.02573251101321586
2018-11-05,0.02573251101321586
2018-11-06,0.02573251101321586
2018-11-07,0.02517793103448276
2018-11-08,0.02517793103448276
2018-11-09,0.02517793103448276
2018-11-12,0.02517793103448276
2018-11-13,0.02517793103448276
2018-11-14,0.02517793103448276
2018-11-15,0.013589784482758622
2018-11-16,0.013589784482758622
2018-11-19,0.013767816593886465
2018-11-20,0.013767816593886465
2018-11-21,0.013767816593886465
2018-11-22,0.013767816593886465
2018-11-23,0.013767816593886465
2018-11-26,0.013767816593886465
2018-11-27,0.013767816593886465
2018-11-28,0.01367822125813449
2018-11-29,0.01367822125813449
2018-11-30,0.019500303687635574
2018-12-03,0.019500303687635574
2018-12-04,0.019500303687635574
2018-12-05,0.019500303687635574
2018-12-06,0.019500303687635574
2018-12-07,0.019500303687635574
2018-12-10,0.019500303687635574
2018-12-11,0.019500303687635574
2018-12-12,0.019670984682713347
2018-12-13,0.019670984682713347
2018-12-14,0.018886083150984685
2018-12-17,0.018886083150984685
2018-12-18,0.019095
2018-12-19,0.019095
2018-12-20,0.019095
2018-12-21,0.019095
2018-12-24,0.019095
2018-12-25,0.019095
2018-12-26,0.019095
2018-12-27,0.019095
2018-12-28,0.019095
2018-12-31,0.009932389380530973
2019-01-01,0.009932389380530973
2019-01-02,0.009932389380530973
2019-01-03,0.009932389380530973
2019-01-04,0.009932389380530973
2019-01-07,0.009932389380530973
2019-01-08,0.009932389380530973
2019-01-09,0.009932389380530973
2019-01-10,0.009932389380530973
2019-01-11,0.009932389380530973
2019-01-14,0.009932389380530973
2019-01-15,0.011208362831858406
2019-01-16,0.011208362831858406
2019-01-17,0.011208362831858406
2019-01-18,0.011208362831858406
2019-01-21,0.011208362831858406
2019-01-22,0.011208362831858406
2019-01-23,0.011208362831858406
2019-01-24,0.011208362831858406
2019-01-25,0.011208362831858406
2019-01-28,0.011208362831858406
2019-01-29,0.011208362831858406
2019-01-30,0.011208362831858406
2019-01-31,0.009121194690265486
2019-02-01,0.009121194690265486
2019-02-04,0.009121194690265486
2019-02-05,0.009121194690265486
2019-02-06,0.009121194690265486
2019-02-07,0.009121194690265486
2019-02-08,0.009121194690265486
2019-02-11,0.009121194690265486
2019-02-12,0.009121194690265486
2019-02-13,0.009121194690265486
2019-02-14,0.009121194690265486
2019-02-15,0.01731933628318584
2019-02-18,0.01731933628318584
2019-02-19,0.01731933628318584
2019-02-20,0.01731933628318584
2019-02-21,0.01731933628318584
2019-02-22,0.01731933628318584
2019-02-25,0.01731933628318584
2019-02-26,0.01731933628318584
2019-02-27,0.01731933628318584
2019-02-28,0.014246283185840706
2019-03-01,0.014246283185840706
2019-03-04,0.014246283185840706
2019-03-05,0.014246283185840706
2019-03-06,0.014090415754923414
2019-03-07,0.014090415754923414
2019-03-08,0.014090415754923414
2019-03-11,0.014090415754923414
2019-03-12,0.014090415754923414
2019-03-13,0.014090415754923414
2019-03-14,0.01390781857451404
2019-03-15,0.024172181425485963
2019-03-18,0.024172181425485963
2019-03-19,0.024172181425485963
2019-03-20,0.024172181425485963
2019-03-21,0.024172181425485963
2019-03-22,0.024172181425485963
2019-03-25,0.024172181425485963
2019-03-26,0.024172181425485963
2019-03-27,0.024172181425485963
2019-03-28,0.024172181425485963
2019-03-29,0.011386047516198705
2019-04-01,0.011386047516198705
2019-04-02,0.011386047516198705
2019-04-03,0.011386047516198705
2019-04-04,0.011240383795309167
2019-04-05,0.011240383795309167
2019-04-08,0.011240383795309167
2019-04-09,0.011240383795309167
2019-04-10,0.011240383795309167
2019-04-11,0.011240383795309167
2019-04-12,0.011240383795309167
2019-04-15,0.030034159663865547
2019-04-16,0.030034159663865547
2019-04-17,0.030034159663865547
2019-04-18,0.02953772727272727
2019-04-19,0.02953772727272727
2019-04-22,0.02953772727272727
2019-04-23,0.02953772727272727
2019-04-24,0.02953772727272727
2019-04-25,0.02953772727272727
2019-04-26,0.02953772727272727
2019-04-29,0.02953772727272727
2019-04-30,0.011738388429752068
2019-05-01,0.011738388429752068
2019-05-02,0.011738388429752068
2019-05-03,0.011738388429752068
2019-05-06,0.011738388429752068
2019-05-07,0.011738388429752068
2019-05-08,0.011738388429752068
2019-05-09,0.011738388429752068
2019-05-10,0.011738388429752068
2019-05-13,0.011738388429752068
2019-05-14,0.011594653061224489
2019-05-15,0.05476946938775511
2019-05-16,0.05476946938775511
2019-05-17,0.05476946938775511
2019-05-20,0.054325991902834006
2019-05-21,0.054325991902834006
2019-05-22,0.054325991902834006
2019-05-23,0.054325991902834006
2019-05-24,0.054325991902834006
2019-05-27,0.054325991902834006
2019-05-28,0.054325991902834006
2019-05-29,0.054325991902834006
2019-05-30,0.054325991902834006
2019-05-31,0.013888987854251012
2019-06-03,0.013888987854251012
2019-06-04,0.013888987854251012
2019-06-05,0.013888987854251012
2019-06-06,0.013888987854251012
2019-06-07,0.013888987854251012
2019-06-10,0.013888987854251012
2019-06-11,0.013888987854251012
2019-06-12,0.013888987854251012
2019-06-13,0.013888987854251012
2019-06-14,0.023392995951417004
2019-06-17,0.023392995951417004
2019-06-18,0.023392995951417004
2019-06-19,0.023392995951417004
2019-06-20,0.023392995951417004
2019-06-21,0.023392995951417004
2019-06-24,0.023392995951417004
2019-06-25,0.023392995951417004
2019-06-26,0.023392995951417004
2019-06-27,0.023392995951417004
2019-06-28,0.024507004048582994
2019-07-01,0.024507004048582994
2019-07-02,0.024507004048582994
2019-07-03,0.024507004048582994
2019-07-04,0.024507004048582994
2019-07-05,0.024507004048582994
2019-07-08,0.024507004048582994
2019-07-09,0.024507004048582994
2019-07-10,0.024507004048582994
2019-07-11,0.024507004048582994
2019-07-12,0.024507004048582994
2019-07-15,0.02162935222672065
2019-07-16,0.02162935222672065
2019-07-17,0.02162935222672065
2019-07-18,0.02162935222672065
2019-07-19,0.02162935222672065
2019-07-22,0.02162935222672065
2019-07-23,0.02162935222672065
2019-07-24,0.02162935222672065
2019-07-25,0.02162935222672065
2019-07-26,0.02162935222672065
2019-07-29,0.02162935222672065
2019-07-30,0.02162935222672065
2019-07-31,0.0215878936605317
2019-08-01,0.0215878936605317
2019-08-02,0.0215878936605317
2019-08-05,0.0215878936605317
2019-08-06,0.0215878936605317
2019-08-07,0.0215878936605317
2019-08-08,0.0215878936605317
2019-08-09,0.0215878936605317
2019-08-12,0.0215878936605317
2019-08-13,0.021810909090909093
2019-08-14,0.02190141078838174
2019-08-15,0.026334439834024895
2019-08-16,0.0266104821802935
2019-08-19,0.0266104821802935
2019-08-20,0.026949469214437367
2019-08-21,0.026949469214437367
2019-08-22,0.026949469214437367
2019-08-23,0.02712222222222222
2019-08-26,0.02712222222222222
2019-08-27,0.02820711111111111
2019-08-28,0.02820711111111111
2019-08-29,0.02820711111111111
2019-08-30,0.04016786666666667
2019-09-02,0.04016786666666667
2019-09-03,0.04016786666666667
2019-09-04,0.04016786666666667
2019-09-05,0.04016786666666667
2019-09-06,0.04016786666666667
2019-09-09,0.04016786666666667
2019-09-10,0.04016786666666667
2019-09-11,0.04016786666666667
2019-09-12,0.04016786666666667
2019-09-13,0.03831431111111112
2019-09-16,0.03831431111111112
2019-09-17,0.03891972911963883
2019-09-18,0.03891972911963883
2019-09-19,0.03891972911963883
2019-09-20,0.03891972911963883
2019-09-23,0.03891972911963883
2019-09-24,0.039274350797266516
2019-09-25,0.039274350797266516
2019-09-26,0.039274350797266516
2019-09-27,0.039274350797266516
2019-09-30,0.024692209567198177
2019-10-01,0.024692209567198177
2019-10-02,0.024692209567198177
2019-10-03,0.024692209567198177
2019-10-04,0.024692209567198177
2019-10-07,0.024692209567198177
2019-10-08,0.024692209567198177
2019-10-09,0.024692209567198177
2019-10-10,0.024692209567198177
2019-10-11,0.024692209567198177
2019-10-14,0.024692209567198177
2019-10-15,0.03511854214123007
2019-10-16,0.03511854214123007
2019-10-17,0.03511854214123007
2019-10-18,0.03511854214123007
2019-10-21,0.03511854214123007
2019-10-22,0.03511854214123007
2019-10-23,0.03511854214123007
2019-10-24,0.03511854214123007
2019-10-25,0.03511854214123007
2019-10-28,0.03511854214123007
2019-10-29,0.03511854214123007
2019-10-30,0.03511854214123007
2019-10-31,0.023784054669703875
2019-11-01,0.023784054669703875
2019-11-04,0.023784054669703875
2019-11-05,0.023784054669703875
2019-11-06,0.023784054669703875
2019-11-07,0.023784054669703875
2019-11-08,0.023784054669703875
2019-11-11,0.023784054669703875
2019-11-12,0.023784054669703875
2019-11-13,0.023784054669703875
2019-11-14,0.023784054669703875
2019-11-15,0.03118364464692483
2019-11-18,0.03118364464692483
2019-11-19,0.03118364464692483
2019-11-20,0.03118364464692483
2019-11-21,0.03118364464692483
2019-11-22,0.03118364464692483
2019-11-25,0.03118364464692483
2019-11-26,0.03118364464692483
2019-11-27,0.03118364464692483
2019-11-28,0.03118364464692483
2019-11-29,0.05342751708428246
2019-12-02,0.05342751708428246
2019-12-03,0.05342751708428246
2019-12-04,0.05342751708428246
2019-12-05,0.05342751708428246
2019-12-06,0.05342751708428246
2019-12-09,0.05342751708428246
2019-12-10,0.05342751708428246
2019-12-11,0.05342751708428246
2019-12-12,0.05342751708428246
2019-12-13,0.057143781321184514
2019-12-16,0.05574693333333333
2019-12-17,0.05574693333333333
2019-12-18,0.054773187772925766
2019-12-19,0.054773187772925766
2019-12-20,0.054773187772925766
2019-12-23,0.054773187772925766
2019-12-24,0.053948645161290325
2019-12-25,0.053948645161290325
2019-12-26,0.053948645161290325
2019-12-27,0.053948645161290325
2019-12-30,0.053948645161290325
2019-12-31,0.03479363440860215
2020-01-01,0.03479363440860215
2020-01-02,0.03479363440860215
2020-01-03,0.03479363440860215
2020-01-06,0.03479363440860215
2020-01-07,0.03479363440860215
2020-01-08,0.03479363440860215
2020-01-09,0.03442348936170213
2020-01-10,0.03442348936170213
2020-01-13,0.03442348936170213
2020-01-14,0.03442348936170213
2020-01-15,0.033081744680851066
2020-01-16,0.033081744680851066
2020-01-17,0.033081744680851066
2020-01-20,0.033081744680851066
2020-01-21,0.033081744680851066
2020-01-22,0.033081744680851066
2020-01-23,0.033081744680851066
2020-01-24,0.033081744680851066
2020-01-27,0.033081744680851066
2020-01-28,0.033081744680851066
2020-01-29,0.033081744680851066
2020-01-30,0.033081744680851066
2020-01-31,0.02175340425531915
2020-02-03,0.02175340425531915
2020-02-04,0.02175340425531915
2020-02-05,0.02175340425531915
2020-02-06,0.02175340425531915
2020-02-07,0.02175340425531915
2020-02-10,0.02175340425531915
2020-02-11,0.02175340425531915
2020-02-12,0.02175340425531915
2020-02-13,0.02175340425531915
2020-02-14,0.038547957446808515
2020-02-17,0.038547957446808515
2020-02-18,0.038547957446808515
2020-02-19,0.038547957446808515
2020-02-20,0.038547957446808515
2020-02-21,0.038547957446808515
2020-02-24,0.03887884120171674
2020-02-25,0.03887884120171674
2020-02-26,0.03887884120171674
2020-02-27,0.03887884120171674
2020-02-28,0.03326186956521739
2020-03-02,0.03400102222222222
2020-03-03,0.03400102222222222
2020-03-04,0.03400102222222222
2020-03-05,0.03400102222222222
2020-03-06,0.03400102222222222
2020-03-09,0.03400102222222222
2020-03-10,0.03400102222222222
2020-03-11,0.03400102222222222
2020-03-12,0.03400102222222222
2020-03-13,0.03400102222222222
2020-03-16,0.03400102222222222
