Date,f_rtn
2010-05-07,0.037388098999473485
2010-05-10,-0.03493449781659386
2010-05-11,-0.027872860635696828
2010-05-12,-0.029828850855745714
2010-05-13,-0.03180722891566268
2010-05-14,0.017964071856287456
2010-05-17,0.0228514654744163
2010-05-18,0.020197044334975267
2010-05-19,0.09511568123393332
2010-05-20,0.15958605664488013
2010-05-21,0.1379123850730124
2010-05-24,0.16116611661166114
2010-05-25,0.2132947976878612
2010-05-26,0.13856691253951525
2010-05-27,0.1105943152454778
2010-05-28,0.058975685463010796
2010-06-01,0.09311950336264885
2010-06-02,0.06339468302658502
2010-06-03,0.046804227478610905
2010-06-04,0.09859154929577452
2010-06-07,0.11576227390180871
2010-06-08,0.09289340101522847
2010-06-09,0.08949220713926609
2010-06-10,0.09356136820925554
2010-06-11,0.10131048387096775
2010-06-14,0.07864609258337496
2010-06-15,0.06764705882352962
2010-06-16,0.04031083050024287
2010-06-17,0.049734427812650805
2010-06-18,0.04507042253521121
2010-06-21,0.022076092062001118
2010-06-22,0.05655893536121681
2010-06-23,0.05826622453813357
2010-06-24,0.06288708909004281
2010-06-25,0.028690421101342123
2010-06-28,0.02978129362494175
2010-06-29,0.10552027357107963
2010-06-30,0.07524846190250822
2010-07-01,0.09038461538461529
2010-07-02,0.05528846153846145
2010-07-06,0.042735042735042805
2010-07-07,0.062065771190365826
2010-07-08,0.03390617742684632
2010-07-09,0.04199353945546824
2010-07-12,0.025298988040478365
2010-07-13,-0.006864988558352492
2010-07-14,0.007844946931241159
2010-07-15,0.008264462809917328
2010-07-16,0.03361344537815114
2010-07-19,0.03127874885004611
2010-07-20,0.0040431266846361336
2010-07-21,0.01930147058823528
2010-07-22,0.014844804318488558
2010-07-23,0.00895255147717089
2010-07-26,0.005826983415508913
2010-07-27,0.024741340530814337
2010-07-28,0.021690013556258547
2010-07-29,-0.0035351303579318483
2010-07-30,-0.027728873239436624
2010-08-02,-0.02821869488536155
2010-08-03,0.04646924829157184
2010-08-04,0.032786885245901676
2010-08-05,0.002180549498473683
2010-08-06,0.03998203054806804
2010-08-09,0.0310008857395927
2010-08-10,0.055630327501121624
2010-08-11,0.08617511520737331
2010-08-12,0.10576923076923062
2010-08-13,0.09790528233151186
2010-08-16,0.11517615176151774
2010-08-17,0.09143621766280097
2010-08-18,0.09932885906040267
2010-08-19,0.12353471596032461
2010-08-20,0.08865248226950362
2010-08-23,0.08296362023070092
2010-08-24,0.08199643493761144
2010-08-25,0.10798946444249324
2010-08-26,0.11676249447147291
2010-08-27,0.12328159645232795
2010-08-30,0.14667270258035292
2010-08-31,0.15199637023593482
2010-09-01,0.12538093164997832
2010-09-02,0.14021164021164023
2010-09-03,0.14490861618798956
2010-09-07,0.12656587473002157
2010-09-08,0.1112542955326461
2010-09-09,0.09604759881002956
2010-09-10,0.08400509121764954
2010-09-13,0.06583850931677016
2010-09-14,0.08212360016590625
2010-09-15,0.05265289590927491
2010-09-16,0.05598692276256645
2010-09-17,0.05046805046805036
2010-09-20,0.01284109149277679
2010-09-21,0.051710097719869674
2010-09-22,0.04752150757886109
2010-09-23,0.06548599670510713
2010-09-24,0.03922345483359746
2010-09-27,0.04079207920792083
2010-09-28,0.027635215159889537
2010-09-29,0.030003947887879967
2010-09-30,0.0334777471445451
2010-10-01,0.00657640232108303
2010-10-04,0.007347254447022555
2010-10-05,-0.016723679209425968
2010-10-06,0.0076687116564417845
2010-10-07,0.017008117510630028
2010-10-08,0.02869329197363335
2010-10-11,0.040704500978473446
2010-10-12,0.048174048174048245
2010-10-13,0.01839785358374857
2010-10-14,-0.003462870334744128
2010-10-15,-0.0003869969040248833
2010-10-18,-0.006199147617202638
2010-10-19,0.017432646592709933
2010-10-20,0.01703445605884646
2010-10-21,0.036761830269847584
2010-10-22,0.022033243138770864
2010-10-25,-0.01868089973313003
2010-10-26,-0.0053272450532724225
2010-10-27,-0.026123703419131727
2010-10-28,-0.03257953238788813
2010-10-29,-0.07278963414634143
2010-11-01,-0.023443504996156772
2010-11-02,0.0026871401151631336
2010-11-03,0.0019327406262079627
2010-11-04,-0.00951293759512939
2010-11-05,-0.013683010262257711
2010-11-08,-0.014323407463249227
2010-11-09,-0.023693117713426082
2010-11-10,-0.045959970348406265
2010-11-11,-0.041776439593526504
2010-11-12,-0.026254826254826225
2010-11-15,-0.03445605884630265
2010-11-16,-0.05458089668615984
2010-11-17,-0.050233644859813076
2010-11-18,-0.0685192234488009
2010-11-19,-0.054319124858543955
2010-11-22,-0.05937972768532529
2010-11-23,-0.04312354312354305
2010-11-24,-0.058148431522570765
2010-11-26,-0.010650887573964596
2010-11-29,0.009112519809825637
2010-11-30,0.04767776407727098
2010-12-01,0.0023612750885477762
2010-12-02,-0.014931087289433376
2010-12-03,-0.0015432098765433278
2010-12-06,0.008835958509412212
2010-12-07,-0.015028901734104094
2010-12-08,-0.05391969407265773
2010-12-09,-0.09861325115562414
2010-12-10,-0.09867909867909863
2010-12-13,-0.053809897879026014
2010-12-14,-0.049563838223632084
2010-12-15,-0.037289494787489996
2010-12-16,-0.02020618556701026
2010-12-17,-0.04059040590405916
2010-12-20,-0.09317531671434398
2010-12-21,-0.12724371759074593
2010-12-22,-0.11258544431041417
2010-12-23,-0.07308160779537154
2010-12-27,-0.04508529650690496
2010-12-28,-0.06100478468899517
2010-12-29,-0.10404397330192383
2010-12-30,-0.10945468811298542
2010-12-31,-0.08559089124460151
2011-01-03,-0.09366498251068789
2011-01-04,-0.10200927357032463
2011-01-05,-0.0955826351865956
2011-01-06,-0.06690140845070414
2011-01-07,-0.039611964430072644
2011-01-10,-0.014102564102564052
2011-01-11,-0.01896551724137918
2011-01-12,-0.04358655043586557
2011-01-13,-0.03337505214851888
2011-01-14,-0.038317367763431975
2011-01-18,-0.017676767676767735
2011-01-19,0.002564102564102555
2011-01-20,0.0833708877872914
2011-01-21,0.06992687385740415
2011-01-24,0.07566832804712265
2011-01-25,0.037669732807709355
2011-01-26,0.0161633347511696
2011-01-27,0.020806794055201694
2011-01-28,0.04425942156003493
2011-01-31,0.0696035242290749
2011-02-01,0.055817947617003094
2011-02-02,0.05574614065180117
2011-02-03,0.061962134251291046
2011-02-04,0.059368421052631515
2011-02-07,0.057023060796645764
2011-02-08,0.04587542087542085
2011-02-09,0.07889033376679677
2011-02-10,0.09753954305799639
2011-02-11,0.07248263888888906
2011-02-14,0.038411739318083615
2011-02-15,0.0537029016890429
2011-02-16,0.04455869751499564
2011-02-17,0.05882352941176472
2011-02-18,0.020382695507487503
2011-02-22,0.07219137120888508
2011-02-23,0.08003369839932617
2011-02-24,0.07724778387505271
2011-02-25,0.058601925491837514
2011-02-28,0.0594841930116472
2011-03-01,0.09106168694922379
2011-03-02,0.07619439868204281
2011-03-03,0.08336722244814965
2011-03-04,0.07148659626320053
2011-03-07,0.06482982171799034
2011-03-08,0.05763116057233697
2011-03-09,0.05553351844506138
2011-03-10,0.07243460764587506
2011-03-11,0.06789875451988747
2011-03-14,0.050840672538030374
2011-03-15,0.07527316875758805
2011-03-16,0.09933499584372396
2011-03-17,0.09987669543773126
2011-03-18,0.07711238720262514
2011-03-21,0.07528180354267322
2011-03-22,0.11863024867509164
2011-03-23,0.09521912350597606
2011-03-24,0.06162246489859591
2011-03-25,0.06543887147335425
2011-03-28,0.07987346777382354
2011-03-29,0.07538280329799774
2011-03-30,0.03846153846153855
2011-03-31,0.059701492537313605
2011-04-01,0.02552552552552556
2011-04-04,0.03260045489006824
2011-04-05,0.03729071537290718
2011-04-06,0.03194287861706124
2011-04-07,0.02668169860954528
2011-04-08,0.04277673545966221
2011-04-11,0.045522949586155104
2011-04-12,0.06095238095238109
2011-04-13,0.029732781332329594
2011-04-14,0.033270321361058564
2011-04-15,0.02391629297458886
2011-04-18,0.06511805026656492
2011-04-19,0.05278921752152743
2011-04-20,0.01931486880466471
2011-04-21,-0.018552200800290963
2011-04-25,-0.005878030859661987
2011-04-26,0.0018389113644721178
2011-04-27,0.0036616623947272053
2011-04-28,0.006936838262139311
2011-04-29,0.029259259259259318
2011-05-02,-0.012278801011195384
2011-05-03,0.006222547584187277
2011-05-04,0.013215859030837107
2011-05-05,0.011005135730007165
2011-05-06,0.00655498907501828
2011-05-09,0.005856515373352966
2011-05-10,-0.007916516732637602
2011-05-11,-0.023029866858582215
2011-05-12,-0.03339317773788153
2011-05-13,-0.004385964912280715
2011-05-16,-0.011342846688620511
2011-05-17,-0.025547445255474477
2011-05-18,-0.04183053271362169
2011-05-19,-0.04480796586059754
2011-05-20,-0.025026814444047196
2011-05-23,0.012231282431430568
2011-05-24,0.016260162601626105
2011-05-25,0.0025697503671071598
2011-05-26,-0.0018241517694272957
2011-05-27,0.004713560551124152
2011-05-31,0.005757466714645609
2011-06-01,0.03034734917733073
2011-06-02,0.049108766824299765
2011-06-03,0.030797101449275388
2011-06-06,0.025399129172714252
2011-06-07,0.04124457308248908
2011-06-08,0.05458515283842802
2011-06-09,0.03663402248821179
2011-06-10,0.04898710865561706
2011-06-13,0.06760772659732539
2011-06-14,0.051027900146843
2011-06-15,0.07846039970392304
2011-06-16,0.08951310861423223
2011-06-17,0.08880597014925362
2011-06-20,0.09456440804169763
2011-06-21,0.09314264759809321
2011-06-22,0.08604906627608933
2011-06-23,0.07672727272727276
2011-06-24,0.09959721713658021
2011-06-27,0.10051169590643272
2011-06-28,0.08228076506676274
2011-06-29,0.0776386404293381
2011-06-30,0.0819730305180979
2011-07-01,0.043689320388349495
2011-07-05,0.06256590509666093
2011-07-06,0.015215852795470663
2011-07-07,-0.038220986796386414
2011-07-08,-0.10662525879917184
2011-07-11,-0.04618614415675282
2011-07-12,-0.05407303370786509
2011-07-13,-0.002435629784272697
2011-07-14,-0.00698567935731742
2011-07-15,-0.0006863417982154729
2011-07-18,-0.00618769336541769
2011-07-19,-0.008224811514736086
2011-07-20,-0.030612244897959107
2011-07-21,-0.07279436430727937
2011-07-22,-0.07282535401213752
2011-07-25,-0.03883823032759193
2011-07-26,-0.060939060939060985
2011-07-27,-0.09797409498505483
2011-07-28,-0.07235745248416137
2011-07-29,-0.05378486055776899
2011-08-01,-0.06657920629714653
2011-08-02,-0.038870431893687774
2011-08-03,-0.0479655970889844
2011-08-04,-0.0006971070059254014
2011-08-05,0.026734104046242768
2011-08-08,0.1317110853611434
2011-08-09,0.0498899486426998
2011-08-10,0.05270972531551599
2011-08-11,-0.02441576560865022
2011-08-12,-0.02638058389025677
2011-08-15,-0.09924450549450547
2011-08-16,-0.09131788308543753
2011-08-17,-0.07187284035936425
2011-08-18,-0.10771929824561399
2011-08-19,-0.09153400868306805
2011-08-22,-0.14327272727272733
2011-08-23,-0.2712579058327478
2011-08-24,-0.21666666666666667
2011-08-25,-0.17268041237113407
2011-08-26,-0.14306254493170378
2011-08-29,-0.17789473684210533
2011-08-30,-0.15354884047786366
2011-08-31,-0.21361908053923262
2011-09-01,-0.2675469075747048
2011-09-02,-0.24415765608650153
2011-09-06,-0.2065446868402534
2011-09-07,-0.19522184300341305
2011-09-08,-0.19252271139063593
2011-09-09,-0.1558533145275035
2011-09-12,-0.1344297461565963
2011-09-13,-0.07586705202312138
2011-09-14,-0.02020587113991612
2011-09-15,-0.011039208222306751
2011-09-16,-0.06068503350707366
2011-09-19,0.01690916240660645
2011-09-20,0.029868578255675127
2011-09-21,0.07003395585738548
2011-09-22,0.2468659594985536
2011-09-23,0.21276595744680837
2011-09-26,0.16154873164218975
2011-09-27,0.11577181208053688
2011-09-28,0.19803670507895865
2011-09-29,0.13864674138646738
2011-09-30,0.15428571428571436
2011-10-03,0.19971537001897532
2011-10-04,0.2118135671435164
2011-10-05,0.1756097560975609
2011-10-06,0.11535199321458878
2011-10-07,0.15794028559065354
2011-10-10,0.1319966583124479
2011-10-11,0.10863279636513834
2011-10-12,0.03010164190774045
2011-10-13,0.041245136186770504
2011-10-14,0.013086989992301845
2011-10-17,0.05430043598890211
2011-10-18,0.011987625676720848
2011-10-19,-0.020494972931167865
2011-10-20,0.005553351844506116
2011-10-21,-0.051817478731631894
2011-10-24,-0.07316162747293775
2011-10-25,-0.07739463601532581
2011-10-26,-0.0898496240601504
2011-10-27,-0.1282508015675099
2011-10-28,-0.09405760116660589
2011-10-31,0.0007616146230007281
2011-11-01,0.026492684855674353
2011-11-02,-0.02170601675552175
2011-11-03,-0.014711429649189034
2011-11-04,-0.018631178707224416
2011-11-07,-0.030269058295964157
2011-11-08,-0.06715867158671585
2011-11-09,-0.032786885245901565
2011-11-10,-0.03491461100569271
2011-11-11,-0.04745889387145008
2011-11-14,-0.05243161094224924
2011-11-15,-0.06015037593984962
2011-11-16,-0.029423003439052464
2011-11-17,-0.01065929727595738
2011-11-18,0.024063116370808713
2011-11-21,0.05995106035889064
2011-11-22,0.05396697543294415
2011-11-23,0.08098006644518274
2011-11-25,0.06897976042957454
2011-11-28,0.035553739272578655
2011-11-29,0.04828973843058337
2011-11-30,-0.0121765601217656
2011-12-01,0.02311248073959926
2011-12-02,0.03503308680420392
2011-12-05,0.019142419601837712
2011-12-06,0.015497869043006762
2011-12-07,0.01734104046242768
2011-12-08,0.06606012658227844
2011-12-09,0.026194144838212585
2011-12-12,0.046401887534408104
2011-12-13,0.03570027461749703
2011-12-14,0.06896551724137923
2011-12-15,0.10919999999999996
2011-12-16,0.10157480314960643
2011-12-19,0.10654429369513174
2011-12-20,0.07665639445300454
2011-12-21,0.06733358984224713
2011-12-22,0.05311425296140615
2011-12-23,0.05455243949289268
2011-12-27,0.06143740340030912
2011-12-28,0.0682715074980269
2011-12-29,0.03262955854126681
2011-12-30,0.05662557781201838
2012-01-03,0.04216867469879526
2012-01-04,0.0511470477623166
2012-01-05,0.027798647633358264
2012-01-06,0.033193437619229105
2012-01-09,0.038257575757575824
2012-01-10,0.010018552875695752
2012-01-11,-0.012012012012012074
2012-01-12,0.004133784291619591
2012-01-13,0.010227272727272751
2012-01-17,-0.00937734433608406
2012-01-18,-0.04002884962134867
2012-01-19,-0.0346676197283774
2012-01-20,-0.03317706455102787
2012-01-23,-0.04078711985688732
2012-01-24,-0.042898341744772805
2012-01-25,-0.0656748911465892
2012-01-26,-0.06994535519125678
2012-01-27,-0.05278485620677098
2012-01-30,-0.022534170668636833
2012-01-31,-0.020817843866170915
2012-02-01,-0.03353991979584392
2012-02-02,-0.047687861271676346
2012-02-03,-0.07692307692307687
2012-02-06,-0.047880116959064245
2012-02-07,-0.025110782865583436
2012-02-08,-0.03575337468077344
2012-02-09,-0.03453343130051423
2012-02-10,0.018617021276595702
2012-02-13,0.007485029940119903
2012-02-14,0.011248593925759165
2012-02-15,0.01855357819007941
2012-02-16,0.013148009015777617
2012-02-17,-0.01962236208811552
2012-02-21,-0.0029839612085041933
2012-02-22,-0.01305483028720622
2012-02-23,0.007156308851224091
2012-02-24,0.0512621359223302
2012-02-27,0.05287896592244401
2012-02-28,0.031129900076863892
2012-02-29,0.020030234315948414
2012-03-01,0.0406226271829917
2012-03-02,0.05997736703130885
2012-03-05,0.06866464339908962
2012-03-06,0.0662790697674418
2012-03-07,0.06833013435700575
2012-03-08,0.04431818181818192
2012-03-09,0.01853953840332956
2012-03-12,0.03196347031963476
2012-03-13,0.0343155538977995
2012-03-14,0.014487369985141108
2012-03-15,0.00889877641824266
2012-03-16,0.028252788104089266
2012-03-19,0.019280682239525282
2012-03-20,0.0309667673716012
2012-03-21,0.034418256640478706
2012-03-22,0.03325774754346189
2012-03-23,0.023186237845923774
2012-03-26,0.010712966383450206
2012-03-27,0.02604166666666674
2012-03-28,0.028326500186358627
2012-03-29,0.01519081141163392
2012-03-30,0.006931776723823502
2012-04-02,-0.014946619217081958
2012-04-03,-0.025914093006744743
2012-04-04,-0.005816066884769211
2012-04-05,-0.014372978799856218
2012-04-09,-0.010155966630395419
2012-04-10,-0.004457652303120341
2012-04-11,-0.008480825958702032
2012-04-12,-0.03461954561846381
2012-04-13,-0.04210911753936286
2012-04-16,-0.04593899301727311
2012-04-17,-0.07483731019522777
2012-04-18,-0.07748272098945064
2012-04-19,-0.080952380952381
2012-04-20,-0.07233273056057865
2012-04-23,-0.05632772494513527
2012-04-24,-0.0628654970760234
2012-04-25,-0.07858187134502914
2012-04-26,-0.13995649021029732
2012-04-27,-0.12105835447625946
2012-04-30,-0.11934306569343067
2012-05-01,-0.1387681159420291
2012-05-02,-0.1600433526011561
2012-05-03,-0.1639941690962099
2012-05-04,-0.1462522851919561
2012-05-07,-0.10134888807874598
2012-05-08,-0.10076951264199341
2012-05-09,-0.09067164179104481
2012-05-10,-0.10598735589438457
2012-05-11,-0.0900261486738887
2012-05-14,-0.07492354740061169
2012-05-15,-0.07473035439137143
2012-05-16,-0.05588120359515436
2012-05-17,-0.04219242902208198
2012-05-18,-0.015544041450777257
2012-05-21,-0.0292397660818714
2012-05-22,-0.06395348837209314
2012-05-23,-0.039391575663026535
2012-05-24,-0.040856802856009566
2012-05-25,0.03204047217537953
2012-05-29,0.02597938144329892
2012-05-30,0.020306672192291764
2012-05-31,0.07782919646613395
2012-06-01,0.09677419354838701
2012-06-04,0.14603312990409756
2012-06-05,0.11563169164882225
2012-06-06,0.04300202839756606
2012-06-07,0.03585982070089666
2012-06-08,0.029544521953221103
2012-06-11,0.05865224625623955
2012-06-12,0.03530377668308704
2012-06-13,0.05743801652892566
2012-06-14,0.07202331390507921
2012-06-15,0.08733443708609268
2012-06-18,0.07986825854261026
2012-06-19,0.06558704453441311
2012-06-20,0.03694779116465874
2012-06-21,0.04844720496894417
2012-06-22,0.023954526999593995
2012-06-25,0.047973531844499595
2012-06-26,0.054738562091503296
2012-06-27,0.06631832797427673
2012-06-28,0.07270511779041433
2012-06-29,0.03903200624512104
2012-07-02,0.0388235294117647
2012-07-03,-0.011791555724610103
2012-07-05,0.0249520153550864
2012-07-06,0.03033838973162184
2012-07-09,0.04209284028324145
2012-07-10,0.055799123156636155
2012-07-11,0.045186640471512884
2012-07-12,0.061855670103092786
2012-07-13,0.026182102383743633
2012-07-16,0.023689320388349477
2012-07-17,0.011039208222306751
2012-07-18,0.02668699961875709
2012-07-19,0.01937689969604861
2012-07-20,0.03718048024786991
2012-07-23,0.055292259083728146
2012-07-24,0.05630452022204602
2012-07-25,0.04459352801894245
2012-07-26,0.02285050348567008
2012-07-27,-0.012438748586505954
2012-07-30,-0.01476713366149185
2012-07-31,-0.0371900826446282
2012-08-01,-0.059645149112872775
2012-08-02,-0.02386451116243271
2012-08-03,-0.04756554307116101
2012-08-06,-0.040015100037749995
2012-08-07,-0.021140052850132096
2012-08-08,-0.008305020762551907
2012-08-09,-0.020300751879699375
2012-08-10,-0.025018670649738728
2012-08-13,-0.0030464584920031346
2012-08-14,0.017450682852807375
2012-08-15,0.016942771084337505
2012-08-16,0.002227998514667595
2012-08-17,-0.003727171077152369
2012-08-20,-0.003360716952949927
2012-08-21,-0.004491017964071808
2012-08-22,0.0018768768768768762
2012-08-23,-0.001511144692104227
2012-08-24,-0.006815600151457768
2012-08-27,-0.010687022900763288
2012-08-28,0.028055342044581044
2012-08-29,0.04252828716348023
2012-08-30,0.07707747892412686
2012-08-31,0.05757097791798116
2012-09-04,0.055446323240267326
2012-09-05,0.07117577664176156
2012-09-06,0.05939066718087149
2012-09-07,0.03920822230681398
2012-09-10,0.04643131235610132
2012-09-11,0.03561853695901962
2012-09-12,0.0359052711993888
2012-09-13,0.014914243102162494
2012-09-14,0.012587930396149583
2012-09-17,0.027047054464616638
2012-09-18,0.03778526000748217
2012-09-19,0.03521918321468709
2012-09-20,0.023684210526315752
2012-09-21,0.03559385537654558
2012-09-24,0.031782065834279116
2012-09-25,0.04041174227983224
2012-09-26,0.05902777777777768
2012-09-27,0.023177570093458
2012-09-28,0.020583832335329344
2012-10-01,0.030190085724934868
2012-10-02,0.026099925428784365
2012-10-03,0.022727272727272707
2012-10-04,0.014317180616740144
2012-10-05,-0.007644703312704726
2012-10-08,-0.00586080586080584
2012-10-09,0.0066006600660066805
2012-10-10,0.01664201183431957
2012-10-11,0.020280235988200612
2012-10-12,-0.0036737692872886862
2012-10-15,-0.004021937842778933
2012-10-16,-0.01406926406926412
2012-10-17,-0.0036049026676279183
2012-10-18,-0.005066956207021356
2012-10-19,0.005875872199779586
2012-10-22,-0.0010853835021708003
2012-10-23,0.019435276861019535
2012-10-24,-0.0010993037742762501
2012-10-25,-0.012021857923497192
2012-10-26,-0.012422360248447228
2012-10-31,-0.01723505683901716
2012-11-01,-0.02206946454413894
2012-11-02,-0.029796511627906974
2012-11-05,-0.030965391621129212
2012-11-06,-0.028592110025334794
2012-11-07,-0.018341892883345534
2012-11-08,-0.007000736919675843
2012-11-09,-0.015300546448087315
2012-11-12,-0.010549290651145848
2012-11-13,-0.018792916516082503
2012-11-14,-0.004056047197640078
2012-11-15,0.0011013215859030367
2012-11-16,-0.002195389681668436
2012-11-19,-0.02785817655571632
2012-11-20,-0.0251000363768642
2012-11-21,-0.02409638554216864
2012-11-23,-0.03658094893154651
2012-11-26,-0.045323741007194274
2012-11-27,-0.026045487894350683
2012-11-28,-0.012536873156342221
2012-11-29,0.004069552349241556
2012-11-30,0.02425373134328357
2012-12-03,0.017758046614872347
2012-12-04,0.03370786516853941
2012-12-05,0.03045112781954873
2012-12-06,0.017511177347242946
2012-12-07,0.012705530642750373
2012-12-10,-0.009647495361781
2012-12-11,-0.018867924528301994
2012-12-12,-0.00955882352941173
2012-12-13,0.0022099447513812542
2012-12-14,0.0162902628656052
2012-12-17,0.004033736707004021
2012-12-18,0.018701870187018743
2012-12-19,0.029772981019724698
2012-12-20,0.025373134328358304
2012-12-21,0.0209502431724653
2012-12-24,0.03308270676691727
2012-12-26,0.021477015825169588
2012-12-27,0.03465160075329554
2012-12-28,0.027259148618371976
2012-12-31,0.016949152542372836
2013-01-02,0.02768670309653931
2013-01-03,0.01235914213013456
2013-01-04,0.018478260869565055
2013-01-07,0.02553812477198103
2013-01-08,0.02819480043939948
2013-01-09,0.04981549815498143
2013-01-10,0.07343574372424122
2013-01-11,0.09502262443438902
2013-01-14,0.07832219747587232
2013-01-15,0.07166482910694594
2013-01-16,0.06593806921675793
2013-01-17,0.06793279766252747
2013-01-18,0.043196544276457916
2013-01-22,0.04156125767979746
2013-01-23,0.06113537117903922
2013-01-24,0.07035544155368267
2013-01-25,0.0724163027656477
2013-01-28,0.11840649206934706
2013-01-29,0.11357844921732796
2013-01-30,0.11995637949836402
2013-01-31,0.09963768115942018
2013-02-01,0.07940446650124056
2013-02-04,0.10700179533213627
2013-02-05,0.09925293489861264
2013-02-06,0.11241551049448595
2013-02-07,0.10363247863247871
2013-02-08,0.07978910369068548
2013-02-11,0.06422338568935437
2013-02-12,0.04166666666666674
2013-02-13,0.04750430292598962
2013-02-14,0.0380658436213992
2013-02-15,0.034859876965140035
2013-02-19,0.048563611491108105
2013-02-20,0.03864734299516903
2013-02-21,0.03296321998612073
2013-02-22,0.018861454046639192
2013-02-25,0.047586442998972966
2013-02-26,0.053274516457414434
2013-02-27,0.03034300791556732
2013-02-28,0.008826413860738791
2013-03-01,0.006815968841285436
2013-03-04,0.016474464579901094
2013-03-05,0.003612479474548458
2013-03-06,-0.009082062925721668
2013-03-07,-0.015533980582524198
2013-03-08,-0.018548129197313634
2013-03-11,-0.009035172636334243
2013-03-12,0.0035807291666667407
2013-03-13,0.002951787471302092
2013-03-14,-0.006942148760330613
2013-03-15,0.02136049950706531
2013-03-18,0.026098447307565165
2013-03-19,0.029062087186261465
2013-03-20,0.02022178734507496
2013-03-21,0.045514950166112955
2013-03-22,0.06483036614040971
2013-03-25,0.06866374957926613
2013-03-26,0.030065359477124076
2013-03-27,0.0006443298969072142
2013-03-28,0.01472471190781044
2013-04-01,0.03370058327932601
2013-04-02,0.01966473243068978
2013-04-03,0.024311183144246407
2013-04-04,0.01996073298429324
2013-04-05,0.02487725040916522
2013-04-08,0.04273504273504258
2013-04-09,0.03747148908439235
2013-04-10,0.03223705633344176
2013-04-11,0.03211157963023026
2013-04-12,0.02975801177240034
2013-04-15,0.05925432756324911
2013-04-16,0.0205920205920207
2013-04-17,0.014166130070830674
2013-04-18,0.025353016688061558
2013-04-19,0.03676470588235281
2013-04-22,0.02319669526533219
2013-04-23,0.012302839116719477
2013-04-24,-0.0015748031496063408
2013-04-25,-0.004441624365482233
2013-04-26,0.02092723760463633
2013-04-29,-0.004100946372239678
2013-04-30,-0.02131661442006272
2013-05-01,-0.04141637685741384
2013-05-02,-0.03354430379746842
2013-05-03,-0.034327879371190306
2013-05-06,-0.061641648035771324
2013-05-07,-0.06179066834804536
2013-05-08,-0.08448492462311563
2013-05-09,-0.12082018927444793
2013-05-10,-0.1580766813324953
2013-05-13,-0.13940933629723717
2013-05-14,-0.11502199874292895
2013-05-15,-0.10844892812105922
2013-05-16,-0.09047619047619049
2013-05-17,-0.08732394366197183
2013-05-20,-0.1455442491520197
2013-05-21,-0.20248447204968956
2013-05-22,-0.175444063571206
2013-05-23,-0.18738170347003147
2013-05-24,-0.16666666666666674
2013-05-28,-0.12519709870703255
2013-05-29,-0.09407665505226481
2013-05-30,-0.09320948110185778
2013-05-31,-0.07058047493403696
2013-06-03,-0.09495743287491809
2013-06-04,-0.09867109634551507
2013-06-05,-0.09189925119128661
2013-06-06,-0.11760752688172038
2013-06-07,-0.10120068610634647
2013-06-10,-0.05884463580911381
2013-06-11,0.03994027622247098
2013-06-12,0.013284132841328455
2013-06-13,-0.02059659090909094
2013-06-14,-0.024045261669023987
2013-06-17,-0.030017452006980805
2013-06-18,-0.05967078189300401
2013-06-19,-0.012269938650306789
2013-06-20,0.07048286604361365
2013-06-21,0.04081632653061207
2013-06-24,0.048136645962732816
2013-06-25,0.03326959847036326
2013-06-26,-0.02883922134102368
2013-06-27,-0.07902097902097904
2013-06-28,-0.07594489579653829
2013-07-01,-0.06564939673527326
2013-07-02,-0.02387843704775683
2013-07-03,-0.0014743826022852735
2013-07-05,-0.0018740629685157772
2013-07-08,0.0022848438690021844
2013-07-09,-0.017938931297709848
2013-07-10,-0.0015249714067860909
2013-07-11,-0.05814788226848533
2013-07-12,-0.031318281136198056
2013-07-15,-0.0322697606961565
2013-07-16,-0.018478260869565277
2013-07-17,-0.048938467074487235
2013-07-18,-0.07366885485047425
2013-07-19,-0.14103032517354763
2013-07-22,-0.17751909785376496
2013-07-23,-0.2145969498910676
2013-07-24,-0.182962962962963
2013-07-25,-0.18430792005921537
2013-07-26,-0.22197475872308836
2013-07-29,-0.2710706150341686
2013-07-30,-0.23891437308868502
2013-07-31,-0.22863653627041403
2013-08-01,-0.22498146775389183
2013-08-02,-0.25249169435215946
2013-08-05,-0.23432219301539614
2013-08-06,-0.2272036474164134
2013-08-07,-0.18810726778080056
2013-08-08,-0.15960290187094306
2013-08-09,-0.1261432926829268
2013-08-12,-0.1556390977443609
2013-08-13,-0.17234919445485208
2013-08-14,-0.16352897748246586
2013-08-15,-0.10631857737419592
2013-08-16,-0.09291338582677167
2013-08-19,0.07273500638026364
2013-08-20,0.12295444493586904
2013-08-21,0.11003236245954695
2013-08-22,0.07887579329102468
2013-08-23,0.040381125226860215
2013-08-26,0.061068702290076216
2013-08-27,0.18437499999999996
2013-08-28,0.11300853842290315
2013-08-29,0.055145248645987355
2013-08-30,0.07747489239598293
2013-09-03,0.12888888888888883
2013-09-04,0.09367336929867576
2013-09-05,0.11848574237954779
2013-09-06,0.07371948300622311
2013-09-09,0.009541117673784516
2013-09-10,0.002180549498473683
2013-09-11,0.05966162065894931
2013-09-12,0.07062019013128107
2013-09-13,0.08164165931156231
2013-09-16,0.00592718035563089
2013-09-17,0.03689236111111116
2013-09-18,-0.03806502775574927
2013-09-19,-0.04017329657345414
2013-09-20,0.0074968763015410556
2013-09-23,0.009243697478991564
2013-09-24,0.02921936327954655
2013-09-25,0.0822841726618706
2013-09-26,0.09322779243623569
2013-09-27,0.11868231046931399
2013-09-30,0.13999066728884735
2013-10-01,0.06347092765201956
2013-10-02,0.020559930008748895
2013-10-03,0.01883408071748871
2013-10-04,0.011428571428571566
2013-10-07,0.00802496656263929
2013-10-08,0.027002700270027047
2013-10-09,-0.02088772845953002
2013-10-10,-0.04495798319327737
2013-10-11,-0.058350951374207205
2013-10-14,-0.11138310893512848
2013-10-15,-0.08207070707070718
2013-10-16,-0.06278777731268315
2013-10-17,-0.08037922506183026
2013-10-18,-0.0894542470250308
2013-10-21,-0.08970649028524191
2013-10-22,-0.10990840965861781
2013-10-23,-0.08432203389830517
2013-10-24,-0.10843373493975905
2013-10-25,-0.14320193081255028
2013-10-28,-0.14925373134328357
2013-10-29,-0.1354891526811297
2013-10-30,-0.12395659432387318
2013-10-31,-0.10030004286326621
2013-11-01,-0.08450704225352101
2013-11-04,-0.10517166449369841
2013-11-05,-0.10482087571870857
2013-11-06,-0.09728308501314631
2013-11-07,-0.08222222222222231
2013-11-08,-0.07479102507699076
2013-11-11,-0.08307139649753026
2013-11-12,-0.0693296602387512
2013-11-13,-0.08482347546996782
2013-11-14,-0.1040643144260831
2013-11-15,-0.10129986553115189
2013-11-18,-0.07931500675980174
2013-11-19,-0.08219800181653036
2013-11-20,-0.07343311506080452
2013-11-21,-0.08144377602961583
2013-11-22,-0.06523765144454807
2013-11-25,-0.0652582159624413
2013-11-26,-0.04125177809388336
2013-11-27,-0.029829545454545525
2013-11-29,-0.008575512148642161
2013-12-02,-0.036207717960933694
2013-12-03,-0.03509615384615383
2013-12-04,-0.03691112190383694
2013-12-05,-0.02371541501976271
2013-12-06,-0.034466019417475735
2013-12-09,-0.03438256658595629
2013-12-10,-0.009985734664764712
2013-12-11,0.03623898139079329
2013-12-12,0.05130735076467685
2013-12-13,0.08817635270541069
2013-12-16,0.060319042871385786
2013-12-17,0.06284289276807975
2013-12-18,0.043563387175721946
2013-12-19,0.08362196932211763
2013-12-20,0.08480565371024729
2013-12-23,0.039294710327455684
2013-12-24,0.012462612163509412
2013-12-26,0.03666499246609756
2013-12-27,0.015331355093966437
2013-12-30,0.033186920448999624
2013-12-31,0.015857760691975198
2014-01-02,0.006426099851705391
2014-01-03,0.06278026905829592
2014-01-06,0.06959152798789736
2014-01-07,0.10273279352226705
2014-01-08,0.10708898944193046
2014-01-09,0.07071213640922758
2014-01-10,0.0629202689721422
2014-01-13,0.04300567107750464
2014-01-14,0.05302674800563123
2014-01-15,0.06123388581952116
2014-01-16,0.07334273624823684
2014-01-17,0.0760206475832943
2014-01-21,0.09333958724202618
2014-01-22,0.07853881278538832
2014-01-23,0.10004653327128898
2014-01-24,0.11536597188560371
2014-01-27,0.12259970457902525
2014-01-28,0.13468992248062017
2014-01-29,0.13443740867023868
2014-01-30,0.09400094473311271
2014-01-31,0.1173131504257332
2014-02-03,0.17829076620825135
2014-02-04,0.14345991561181437
2014-02-05,0.13484205563413476
2014-02-06,0.10876548875631031
2014-02-07,0.09355131698455943
2014-02-10,0.13536299765807946
2014-02-11,0.0894713059195662
2014-02-12,0.1581332125056638
2014-02-13,0.15730837789661312
2014-02-14,0.12537960954446858
2014-02-18,0.10687691633815155
2014-02-19,0.0776275621456608
2014-02-20,0.05662805662805659
2014-02-21,0.04868755292125315
2014-02-24,0.04653130287648044
2014-02-25,0.06866579747935675
2014-02-26,0.08421052631578929
2014-02-27,0.06874466268146873
2014-02-28,0.08158007728638905
2014-03-03,0.12737478411053527
2014-03-04,0.09864521591871278
2014-03-05,0.0771154647769905
2014-03-06,0.057400574005739946
2014-03-07,0.07519734108849185
2014-03-10,0.0964403973509933
2014-03-11,0.07641196013289053
2014-03-12,0.031353135313531455
2014-03-13,0.03857320613853177
2014-03-14,-0.007824726134585291
2014-03-17,-0.025798998844820842
2014-03-18,-0.008866615265998523
2014-03-19,0.02216066481994461
2014-03-20,0.03399433427762033
2014-03-21,0.026390580592773105
2014-03-24,0.002422285022204207
2014-03-25,0.010105092966855356
2014-03-26,0.021146807645384236
2014-03-27,-0.005663430420712046
2014-03-28,0.003595685177786745
2014-03-31,0.0011909487892018955
2014-04-01,-0.029873611643048692
2014-04-02,-0.02736030828516378
2014-04-03,-0.02438080495356032
2014-04-04,-0.02442807289647142
2014-04-07,-0.021638330757341562
2014-04-08,-0.047187617969044915
2014-04-09,-0.016975308641975384
2014-04-10,0.034399999999999986
2014-04-11,0.03194888178913735
2014-04-14,0.045741324921135584
2014-04-15,0.03754940711462451
2014-04-16,0.048230260598988606
2014-04-17,0.0309717382888115
2014-04-21,-0.003522504892367939
2014-04-22,0.013053797468354444
2014-04-23,0.05316149818767624
2014-04-24,0.03601440576230508
2014-04-25,0.02907208283552376
2014-04-28,0.04922701383238404
2014-04-29,0.032245222929936146
2014-04-30,-0.009516256938937317
2014-05-01,-0.01579155151993683
2014-05-02,0.0031695721077655836
2014-05-05,-0.015866719555731934
2014-05-06,-0.007551669316375298
2014-05-07,-0.002764612954186396
2014-05-08,-0.011093502377178988
2014-05-09,-0.010596546310831956
2014-05-12,-0.030162412993039456
2014-05-13,-0.04024767801857587
2014-05-14,-0.06485671191553544
2014-05-15,-0.06780952380952388
2014-05-16,-0.09128014842300558
2014-05-19,-0.07622981599699574
2014-05-20,-0.03927729772191668
2014-05-21,-0.05193283873486909
2014-05-22,-0.0772466539196941
2014-05-23,-0.07106991116261108
2014-05-27,-0.07430340557275539
2014-05-28,-0.07405971306708026
2014-05-29,-0.08175858079444664
2014-05-30,-0.027221777421937543
2014-06-02,-0.013638186923385476
2014-06-03,-0.02211690363349128
2014-06-04,-0.006045949214026569
2014-06-05,0.028834601521826375
2014-06-06,0.029306930693069333
2014-06-09,0.08333333333333326
2014-06-10,0.05553351844506138
2014-06-11,0.05143540669856472
2014-06-12,0.057258064516128915
2014-06-13,0.0532258064516129
2014-06-16,0.08500204331834915
2014-06-17,0.060841159657002875
2014-06-18,0.08130081300813008
2014-06-19,0.10915780866721159
2014-06-20,0.11449752883031294
2014-06-23,0.11811023622047245
2014-06-24,0.11891891891891881
2014-06-25,0.11245819397993295
2014-06-26,0.12939698492462304
2014-06-27,0.12515749685006305
2014-06-30,0.08724279835390947
2014-07-01,0.03944692964619767
2014-07-02,0.04038772213247177
2014-07-03,0.0758313057583131
2014-07-07,0.01790579992214858
2014-07-08,-0.0126971912273951
2014-07-09,-0.04696745562130178
2014-07-10,-0.01916572717023668
2014-07-11,0.014789533560864543
2014-07-14,0.020976353928298996
2014-07-15,0.02833078101071962
2014-07-16,0.01016949152542379
2014-07-17,0.021939953810623525
2014-07-18,0.010150375939849576
2014-07-21,-0.007371913011426479
2014-07-22,-0.003695491500369519
2014-07-23,-0.004077094143810189
2014-07-24,-0.013377926421404673
2014-07-25,0.005636978579481422
2014-07-28,-0.011865035224323361
2014-07-29,0.000746547219111493
2014-07-30,0.009084027252081794
2014-07-31,0.03638497652582151
2014-08-01,0.03377329192546563
2014-08-04,0.006407840180927105
2014-08-05,0.01759082217973229
2014-08-06,0.04988308651597828
2014-08-07,0.04190919674039595
2014-08-08,0.009195402298850519
2014-08-11,-0.026905829596412634
2014-08-12,-0.0373552484124019
2014-08-13,-0.04690990320178701
2014-08-14,-0.05145413870246085
2014-08-15,-0.020715630885122405
2014-08-18,-0.044287309266840436
2014-08-19,-0.033419977720014815
2014-08-20,-0.03523738872403559
2014-08-21,-0.03982136211388165
2014-08-22,-0.02900188323917141
2014-08-25,-0.020553064275037447
2014-08-26,-0.031894934333958624
2014-08-27,-0.057441253263707526
2014-08-28,-0.06339084771192804
2014-08-29,-0.053227633069082736
2014-09-02,-0.07097258730754785
2014-09-03,-0.08202247191011225
2014-09-04,-0.0977076287110108
2014-09-05,-0.09799554565701563
2014-09-08,-0.09720670391061459
2014-09-09,-0.06985573272589218
2014-09-10,-0.08256528417818731
2014-09-11,-0.08265424912689168
2014-09-12,-0.07539062499999993
2014-09-15,-0.05817610062893086
2014-09-16,-0.07692307692307687
2014-09-17,-0.06503115264797499
2014-09-18,-0.04264310411064154
2014-09-19,-0.029988465974625234
2014-09-22,-0.013953488372092981
2014-09-23,-0.019782777346780467
2014-09-24,-0.020602823349866406
2014-09-25,-0.012015503875969058
2014-09-26,-0.0087059754649782
2014-09-29,-0.0028033640368442247
2014-09-30,0.001993620414673103
2014-10-01,0.022231204527081605
2014-10-02,0.0363117095063239
2014-10-03,0.04914618908787993
2014-10-06,0.03580246913580254
2014-10-07,0.030528052805280703
2014-10-08,0.00897959183673458
2014-10-09,0.03683549602344072
2014-10-10,0.03680203045685282
2014-10-13,0.0502746092099704
2014-10-14,0.035893155258764686
2014-10-15,0.035833333333333384
2014-10-16,0.0441482715535193
2014-10-17,0.012038523274478186
2014-10-20,0.02021403091557672
2014-10-21,0.00864779874213828
2014-10-22,0.0019786307874951614
2014-10-23,0.01090767432800921
2014-10-24,0.007846214201647772
2014-10-27,0.014770459081836274
2014-10-28,0.032128514056224855
2014-10-29,0.008356545961002881
2014-10-30,0.00632661130881762
2014-10-31,0.0047244094488190225
2014-11-03,0.010718539102818614
2014-11-04,0.015891934843067057
2014-11-05,0.016413130504403517
2014-11-06,0.009304207119741115
2014-11-07,0.007670569236980285
2014-11-10,0.017951856385148846
2014-11-11,-0.0012067578439259874
2014-11-12,-0.01692183722804197
2014-11-13,-0.0663716814159292
2014-11-14,-0.07857997606701228
2014-11-17,-0.048770816812053974
2014-11-18,-0.040015540015539974
2014-11-19,-0.03156664068589243
2014-11-20,-0.019352290679304995
2014-11-21,-0.045857418111753256
2014-11-24,-0.021798365122615904
2014-11-25,-0.003540519276160614
2014-11-26,-0.02217898832684828
2014-11-28,-0.003551696921862635
2014-12-01,-0.0035363457760314576
2014-12-02,-0.030172413793103425
2014-12-03,-0.046739984289080994
2014-12-04,-0.051231912397340595
2014-12-05,-0.029933044505710993
2014-12-08,-0.01082164328657309
2014-12-09,-0.014022435897435903
2014-12-10,-0.018837675350701355
2014-12-11,-0.00644381796214244
2014-12-12,-0.0004098360655736544
2014-12-15,0.056872037914691864
2014-12-16,0.06969696969696959
2014-12-17,0.027094622759483267
2014-12-18,0.02590044516390133
2014-12-19,0.051106639839034296
2014-12-22,0.043898509867096314
2014-12-23,0.03432956381260088
2014-12-24,0.007560684440907295
2014-12-26,-0.0051322542439794505
2014-12-29,0.007560684440907295
2014-12-30,-0.026138613861386162
2014-12-31,-0.018533123028391163
2015-01-02,0.026666666666666616
2015-01-05,0.04820766378244756
2015-01-06,0.04245671887881275
2015-01-07,0.021518473406414884
2015-01-08,0.02633711507293346
2015-01-09,0.01787891101178385
2015-01-12,0.015522875816993409
2015-01-13,0.032428050263477726
2015-01-14,0.05002050020500204
2015-01-15,0.03668976763147169
2015-01-16,0.03156616754350461
2015-01-20,0.03287337662337664
2015-01-21,0.01380670611439827
2015-01-22,-0.025267993874425687
2015-01-23,-0.010802469135802517
2015-01-26,0.003904724716907504
2015-01-27,0.018167456556082096
2015-01-28,0.011507936507936467
2015-01-29,0.017772511848341166
2015-01-30,0.04148027653517694
2015-02-02,0.013660104459622291
2015-02-03,-0.008658008658008587
2015-02-04,-0.014150943396226578
2015-02-05,-0.013444049031237637
2015-02-06,-0.026629570747217834
2015-02-09,-0.03158310303987355
2015-02-10,-0.019560878243513047
2015-02-11,-0.019710378117457683
2015-02-12,-0.026305457400863652
2015-02-13,-0.03358063256540411
2015-02-17,-0.005505308690523014
2015-02-18,-0.01883091408395432
2015-02-19,-0.007858546168958758
2015-02-20,-0.01906614785992211
2015-02-23,-0.0015710919088766095
2015-02-24,-0.03315132605304216
2015-02-25,-0.043173862310385
2015-02-26,-0.03297129557796752
2015-02-27,0.0011769321302472768
2015-03-02,-0.005044625533566105
2015-03-03,0.0011714174150723178
2015-03-04,0.012286959968291766
2015-03-05,0.026200873362445476
2015-03-06,0.027113237639553533
2015-03-09,0.03006012024048088
2015-03-10,0.05594120048999596
2015-03-11,0.049327354260089606
2015-03-12,0.023615635179153216
2015-03-13,0.03693065244152649
2015-03-16,0.028225806451612767
2015-03-17,0.03313131313131312
2015-03-18,0.007908264136022192
2015-03-19,0.007197121151539365
2015-03-20,0.0075247524752475314
2015-03-23,0.01705672352241172
2015-03-24,0.00472069236821393
2015-03-25,0.022589753933037526
2015-03-26,-0.008536585365853666
2015-03-27,-0.0340954673084638
2015-03-30,-0.07797805642633227
2015-03-31,-0.10764430577223094
2015-04-01,-0.10491419656786272
2015-04-02,-0.07674236491777608
2015-04-06,-0.09400386847195352
2015-04-07,-0.08773291925465843
2015-04-08,-0.08365758754863806
2015-04-09,-0.08159319412219646
2015-04-10,-0.08896658896658893
2015-04-13,-0.0664280031821799
2015-04-14,-0.05263157894736836
2015-04-15,-0.05490196078431364
2015-04-16,-0.05748924520922949
2015-04-17,-0.06316202432326401
2015-04-20,-0.04208019055180634
2015-04-21,-0.045597484276729605
2015-04-22,-0.04212168486739476
2015-04-23,-0.04776820673453397
2015-04-24,-0.05009861932938864
2015-04-27,-0.01599015990159902
2015-04-28,-0.009966777408637828
2015-04-29,0.009774755631109189
2015-04-30,0.02360139860139876
2015-05-01,0.022222222222222365
2015-05-04,-0.021628498727735312
2015-05-05,-0.03287788215200693
2015-05-06,-0.04127659574468079
2015-05-07,-0.05817409766454351
2015-05-08,-0.08294736842105255
2015-05-11,-0.05714285714285716
2015-05-12,-0.06391137622496801
2015-05-13,-0.08897243107769437
2015-05-14,-0.11120331950207463
2015-05-15,-0.09585062240663911
2015-05-18,-0.07035175879396982
2015-05-19,-0.0737670949026108
2015-05-20,-0.08360790774299842
2015-05-21,-0.09446254071661242
2015-05-22,-0.07894736842105265
2015-05-26,-0.08014950166112955
2015-05-27,-0.08708333333333329
2015-05-28,-0.0813758389261745
2015-05-29,-0.09638047138047146
2015-06-01,-0.07386848847139194
2015-06-02,-0.07203751065643649
2015-06-03,-0.037277850021673165
2015-06-04,-0.03178807947019868
2015-06-05,-0.026187305814469597
2015-06-08,-0.026149684400360584
2015-06-09,-0.02020202020202022
2015-06-10,-0.007688828584350937
2015-06-11,0.001365498406918686
2015-06-12,0.014213663457129933
2015-06-15,0.00933706816059754
2015-06-16,0.004130335016062414
2015-06-17,-0.017117117117117053
2015-06-18,-0.026398210290827784
2015-06-19,-0.02337078651685387
2015-06-22,-0.028776978417266008
2015-06-23,-0.0401785714285714
2015-06-24,-0.046501128668171465
2015-06-25,-0.05933363760839805
2015-06-26,-0.059817351598173474
2015-06-29,-0.03493246390312066
2015-06-30,-0.05025357307514988
2015-07-01,-0.03077629765732648
2015-07-02,-0.05943268797838808
2015-07-06,-0.044687642498860036
2015-07-07,-0.03008204193254327
2015-07-08,-0.024074074074074248
2015-07-09,-0.026241799437675684
2015-07-10,-0.04147675478577939
2015-07-13,-0.09318181818181825
2015-07-14,-0.14150090415913208
2015-07-15,-0.1036077705827938
2015-07-16,-0.10694698354661791
2015-07-17,-0.10999083409715849
2015-07-20,-0.12408088235294135
2015-07-21,-0.1339162448228256
2015-07-22,-0.1421296296296296
2015-07-23,-0.19069767441860475
2015-07-24,-0.21685606060606066
2015-07-27,-0.19505094614264917
2015-07-28,-0.1476444876153472
2015-07-29,-0.08011583011583012
2015-07-30,-0.08203883495145636
2015-07-31,-0.11563981042654037
2015-08-03,-0.13451412158927722
2015-08-04,-0.12410501193317414
2015-08-05,-0.14097744360902253
2015-08-06,-0.1565464895635672
2015-08-07,-0.14725697786333025
2015-08-10,-0.17165953399904899
2015-08-11,-0.11929824561403501
2015-08-12,-0.059505002632964654
2015-08-13,-0.09184726522187814
2015-08-14,-0.09365404298874092
2015-08-17,-0.08856848609680756
2015-08-18,-0.060860440713536246
2015-08-19,-0.07917109458023386
2015-08-20,-0.0604425256341069
2015-08-21,-0.01839080459770115
2015-08-24,-0.006650544135429204
2015-08-25,-0.02471368294153109
2015-08-26,-0.07635327635327638
2015-08-27,-0.18520461699895063
2015-08-28,-0.14701216287678487
2015-08-31,-0.11254019292604511
2015-09-01,-0.09126106194690253
2015-09-02,-0.08610354223433248
2015-09-03,-0.032275711159737375
2015-09-04,0.03599550056242973
2015-09-08,0.08295711060948086
2015-09-09,0.13834672789896652
2015-09-10,0.17302219692657927
2015-09-11,0.14669652855543114
2015-09-14,0.09545454545454546
2015-09-15,0.0976849237718802
2015-09-16,0.1209039548022599
2015-09-17,0.11005586592178784
2015-09-18,0.130986728216965
2015-09-21,0.14187248707639277
2015-09-22,0.15105386416861832
2015-09-23,0.24041387705416906
2015-09-24,0.2707045735475895
2015-09-25,0.2695866748920417
2015-09-28,0.3026400515132004
2015-09-29,0.2200867947923124
2015-09-30,0.1461352657004833
2015-10-01,0.1479001825928179
2015-10-02,0.1705426356589148
2015-10-05,0.13849632560768788
2015-10-06,0.08143322475570036
2015-10-07,0.04950495049504955
2015-10-08,-0.002521432173474336
2015-10-09,-0.08199902959728278
2015-10-12,-0.07568359375
2015-10-13,-0.009854771784232441
2015-10-14,-0.02880658436214001
2015-10-15,-0.05443548387096764
2015-10-16,-0.03220936084549575
2015-10-19,-0.012755102040816313
2015-10-20,-0.016599597585512993
2015-10-21,-0.0020345879959308144
2015-10-22,-0.02060843964671233
2015-10-23,-0.0462062256809338
2015-10-26,-0.03887269193391629
2015-10-27,-0.02372713791398917
2015-10-28,-0.013719512195121908
2015-10-29,0.006849315068493178
2015-10-30,0.04135737009544016
2015-11-02,-0.012226184411614827
2015-11-03,-0.044687189672294014
2015-11-04,-0.009538152610441886
2015-11-05,-0.036742800397219555
2015-11-06,-0.040950455005055675
2015-11-09,-0.005285412262156508
2015-11-10,-0.006339144215530945
2015-11-11,-0.0529072812991096
2015-11-12,-0.03125
2015-11-13,-0.008528784648187626
2015-11-16,0.010400416016640657
2015-11-17,-0.007751937984496249
2015-11-18,-0.031202046035805564
2015-11-19,-0.010193679918450549
2015-11-20,-0.01002004008016033
2015-11-23,0.011728709841917428
2015-11-24,-0.005561172901921152
2015-11-25,0.00658227848101256
2015-11-27,0.023183925811437467
2015-11-30,0.030873888016745177
2015-12-01,-0.003564154786150686
2015-12-02,-0.006188757091284192
2015-12-03,0.025467775467775677
2015-12-04,-0.003547896604156109
2015-12-07,-0.01855670103092777
2015-12-08,-0.004217185028993042
2015-12-09,0.006376195536663243
2015-12-10,0.03296119085592775
2015-12-11,0.06360619469026552
2015-12-14,0.06506287588846371
2015-12-15,0.013440860215053752
2015-12-16,-0.02007205352547614
2015-12-17,-0.01718749999999991
2015-12-18,0.0058078141499471325
2015-12-21,0.004119464469618972
2015-12-22,-0.02479757085020251
2015-12-23,-0.0065524193548386345
2015-12-24,-0.005083884087442869
2015-12-28,-0.004024144869215207
2015-12-29,0.0226586102719033
2015-12-30,0.02994923857868015
2015-12-31,-0.006642820643842584
2016-01-04,0.04203425012973527
2016-01-05,0.033958438925494105
2016-01-06,0.06714140386571721
2016-01-07,0.08718487394957974
2016-01-08,0.10322922181048177
2016-01-11,0.10718057022175276
2016-01-12,0.09212557900154406
2016-01-13,0.10296411856474252
2016-01-14,0.0924024640657084
2016-01-15,0.14960212201591516
2016-01-19,0.12237394957983194
2016-01-20,0.10015898251192379
2016-01-21,0.10131233595800526
2016-01-22,0.04564102564102557
2016-01-25,0.06642449403217432
2016-01-26,0.050735667174023336
2016-01-27,0.05927439959121106
2016-01-28,0.07474747474747478
2016-01-29,0.069423929098966
2016-02-01,0.07491375061606709
2016-02-02,0.13631687242798352
2016-02-03,0.11254980079681287
2016-02-04,0.08921568627450993
2016-02-05,0.0324118207816968
2016-02-08,0.05265700483091784
2016-02-09,0.041266794625719694
2016-02-10,0.06580829756795437
2016-02-11,0.05607917059377954
2016-02-12,0.04290429042904287
2016-02-16,0.05874060150375948
2016-02-17,0.051222888786340626
2016-02-18,0.052409920449227876
2016-02-19,0.06888246628131012
2016-02-22,0.0543374642516683
2016-02-23,0.06768023540951451
2016-02-24,0.052554744525547425
2016-02-25,0.02800579430226935
2016-02-26,0.04052098408104188
2016-02-29,0.02913533834586457
2016-03-01,0.017495395948434744
2016-03-02,0.02109124254928929
2016-03-03,0.004074241738343032
2016-03-04,-0.0232766338406446
2016-03-07,0.0013501350135014523
2016-03-08,0.005540166204986097
2016-03-09,0.007342817806333279
2016-03-10,0.005069124423963123
2016-03-11,-0.006711409395973256
2016-03-14,-0.006247211066488179
2016-03-15,-0.008589511754068746
2016-03-16,-0.031957390146471476
2016-03-17,-0.01668129938542595
2016-03-18,0.004891062694531101
2016-03-21,0.013970256872465114
2016-03-22,0.008589511754068635
2016-03-23,0.02434542949012397
2016-03-24,0.02265372168284796
2016-03-28,0.029591357444809896
2016-03-29,0.022716736207695876
2016-03-30,-0.0036529680365295913
2016-03-31,-0.01990950226244348
2016-04-01,-0.024696901661428017
2016-04-04,-0.04012623985572594
2016-04-05,-0.03895508707607709
2016-04-06,-0.05977528089887629
2016-04-07,-0.03535353535353536
2016-04-08,-0.05193621867881548
2016-04-11,-0.02705181109582755
2016-04-12,-0.03423423423423411
2016-04-13,-0.047148630444544315
2016-04-14,-0.0501595987232103
2016-04-15,-0.04126547455295726
2016-04-18,-0.07857142857142851
2016-04-19,-0.08893805309734515
2016-04-20,-0.10177777777777774
2016-04-21,-0.08247422680412375
2016-04-22,-0.07937219730941703
2016-04-25,-0.06826401446654617
2016-04-26,-0.046532846715328646
2016-04-27,-0.045330915684496875
2016-04-28,-0.03483043079743364
2016-04-29,-0.031394275161588214
2016-05-02,-0.03314917127071815
2016-05-03,-0.0032879286049788403
2016-05-04,0.030519790176442463
2016-05-05,0.06022944550669207
2016-05-06,0.06568300809138505
2016-05-09,0.07256126862085543
2016-05-10,0.03487276154571162
2016-05-11,0.0023320895522387364
2016-05-12,0.0037700282752122227
2016-05-13,0.023043686989918433
2016-05-16,0.03252032520325199
2016-05-17,0.05087209302325579
2016-05-18,0.05099562894609044
2016-05-19,0.08857001484413662
2016-05-20,0.08109428431851495
2016-05-23,0.08280565026790065
2016-05-24,0.10237748665696267
2016-05-25,0.016267942583731987
2016-05-26,0.013770180436847301
2016-05-27,0.06457739791073136
2016-05-31,0.10486177311725453
2016-06-01,0.10428571428571431
2016-06-02,0.09236569274269568
2016-06-03,0.06571031929662197
2016-06-06,0.03381424706943181
2016-06-07,0.02277802590442146
2016-06-08,0.04211469534050183
2016-06-09,0.07422586520947161
2016-06-10,0.11307584923220126
2016-06-13,0.12676056338028174
2016-06-14,0.12060065696855937
2016-06-15,0.09495136637332102
2016-06-16,0.10603964960811418
2016-06-17,0.11275415896487972
2016-06-20,0.10409090909090901
2016-06-21,0.08495255309534588
2016-06-22,0.08187134502923987
2016-06-23,0.053257042253521236
2016-06-24,0.13606403013182677
2016-06-27,0.14707259953161578
2016-06-28,0.09366636931311323
2016-06-29,0.06255392579810182
2016-06-30,0.0767572229409228
2016-07-01,0.0742018981880932
2016-07-05,0.08163265306122436
2016-07-06,0.09027474923680767
2016-07-07,0.09781659388646302
2016-07-08,0.08899398108340484
2016-07-11,0.0767274268757947
2016-07-12,0.05392976588628762
2016-07-13,0.05625000000000013
2016-07-14,0.04396984924623126
2016-07-15,0.04864636209813877
2016-07-18,0.0358482701125471
2016-07-19,0.03280730897009976
2016-07-20,0.0452861259777686
2016-07-21,0.046647230320699506
2016-07-22,0.03076923076923066
2016-07-25,0.029251984956121913
2016-07-26,0.025694156651471234
2016-07-27,0.020824826459779677
2016-07-28,0.0032626427406199365
2016-07-29,-0.00812017864393011
2016-08-01,-0.0344413295955146
2016-08-02,-0.028514056224899442
2016-08-03,-0.037735849056603876
2016-08-04,-0.020000000000000018
2016-08-05,-0.014717581543357228
2016-08-08,-0.019739439399921066
2016-08-09,-0.03503937007874003
2016-08-10,-0.0670368901229671
2016-08-11,-0.06153846153846165
2016-08-12,-0.06297633373445644
2016-08-15,-0.06575231948366278
2016-08-16,-0.02857142857142858
2016-08-17,-0.030156815440289475
2016-08-18,-0.03820401732965728
2016-08-19,-0.03223239156386781
2016-08-22,0.011294876966518874
2016-08-23,0.024766544863986883
2016-08-24,0.005656565656565693
2016-08-25,-0.014000000000000012
2016-08-26,0.03089430894308931
2016-08-29,0.04871060171919783
2016-08-30,0.04520945665698872
2016-08-31,0.03637866887143448
2016-09-01,0.06800166875260749
2016-09-02,0.0212244897959184
2016-09-06,0.015341138473960347
2016-09-07,0.006443817962142662
2016-09-08,0.013055895552835484
2016-09-09,0.061224489795918435
2016-09-12,0.03741067675493914
2016-09-13,0.06078767123287676
2016-09-14,0.06433506044905002
2016-09-15,0.02941176470588247
2016-09-16,0.02985074626865658
2016-09-19,0.030303030303030276
2016-09-20,0.036595394736842035
2016-09-21,-0.0011966493817312518
2016-09-22,-0.005150554675118824
2016-09-23,0.004821213338690233
2016-09-26,0.011359026369168301
2016-09-27,-0.019321766561514186
2016-09-28,-0.031615925058548044
2016-09-29,-0.018650793650793585
2016-09-30,-0.007179896290386956
2016-10-03,-0.041015625
2016-10-04,-0.019984012789768135
2016-10-05,-0.0389662027833001
2016-10-06,-0.034413765506202454
2016-10-07,0.001208215867901874
2016-10-10,0.012820512820512775
2016-10-11,-0.015802269043760142
2016-10-12,-0.06416464891041163
2016-10-13,-0.10101419878296136
2016-10-14,-0.11066398390342047
2016-10-17,-0.09541062801932376
2016-10-18,-0.10055643879173293
2016-10-19,-0.09718365727885758
2016-10-20,-0.09704472843450473
2016-10-21,-0.11111111111111105
2016-10-24,-0.09676129548180734
2016-10-25,-0.10709987966305645
2016-10-26,-0.11620426216324886
2016-10-27,-0.11930673115679147
2016-10-28,-0.1079660331581076
2016-10-31,-0.11048613901165127
2016-11-01,-0.0965376782077394
2016-11-02,-0.07585644371941269
2016-11-03,-0.052958212660322745
2016-11-04,-0.04682967260671356
2016-11-07,-0.06395816572807722
2016-11-08,-0.07555379746835444
2016-11-09,-0.04199258954302176
2016-11-10,-0.005174644243208348
2016-11-11,0.05685920577617343
2016-11-14,0.020361990950226172
2016-11-15,0.008900756564307999
2016-11-16,-0.0035351303579318483
2016-11-17,-0.016695957820738294
2016-11-18,-0.026536930561698258
2016-11-21,-0.01971326164874554
2016-11-22,-0.04825143868968573
2016-11-23,-0.02785265049415997
2016-11-25,0.0045495905368515555
2016-11-28,0.024256292906178478
2016-11-29,0.05167724388032635
2016-11-30,0.03432700993676585
2016-12-01,0.04012623985572583
2016-12-02,0.02559576345984116
2016-12-05,0.02927042376583655
2016-12-06,0.018260869565217552
2016-12-07,0.0021486892995272733
2016-12-08,-0.0004278990158322893
2016-12-09,0.005586592178770999
2016-12-12,0.007368877329865464
2016-12-13,-0.007258753202391222
2016-12-14,0.023503325942350273
2016-12-15,0.016321129245699062
2016-12-16,0.01906873614190685
2016-12-19,0.013404825737265424
2016-12-20,0.04543389368468875
2016-12-21,0.06215722120658129
2016-12-22,0.08372093023255811
2016-12-23,0.07024029574861368
2016-12-27,0.05027173913043481
2016-12-28,0.036639857015192234
2016-12-29,-0.001293103448275712
2016-12-30,0.014847161572052459
2017-01-03,0.016905071521456483
2017-01-04,0.0176419965576593
2017-01-05,0.00339558573853993
2017-01-06,0.006404782237403817
2017-01-09,0.010720411663807994
2017-01-10,0.016695205479452024
2017-01-11,0.015384615384615552
2017-01-12,0.02839931153184172
2017-01-13,0.01978494623655913
2017-01-17,0.02816291161178519
2017-01-18,0.02170138888888884
2017-01-19,0.014795474325500324
2017-01-20,0.030864197530864113
2017-01-23,0.01564537157757484
2017-01-24,0.01118760757314985
2017-01-25,0.009871244635193177
2017-01-26,0.006476683937823857
2017-01-27,0.0021561017680034045
2017-01-30,0.005603448275862011
2017-01-31,0.002157962883038378
2017-02-01,0.0068846815834768815
2017-02-02,0.004688832054560832
2017-02-03,-0.006765327695560264
2017-02-06,-0.017343485617597243
2017-02-07,-0.013152312261349164
2017-02-08,-0.007636826474331726
2017-02-09,-0.00968421052631585
2017-02-10,-0.010942760942761032
2017-02-13,0.0016736401673640433
2017-02-14,0.0206663854913538
2017-02-15,0.024863042562157656
2017-02-16,0.03653355989804585
2017-02-17,0.03430531732418518
2017-02-21,0.043627031650983694
2017-02-22,0.051775780915703784
2017-02-23,0.04808510638297858
2017-02-24,0.03952401189970245
2017-02-27,0.05105105105105112
2017-02-28,0.05981067125645434
2017-03-01,0.0540077153879126
2017-03-02,0.054263565891472965
2017-03-03,0.060256410256410264
2017-03-06,0.06533729316928305
2017-03-07,0.057045551298424924
2017-03-08,0.07232027550581144
2017-03-09,0.07050730868443678
2017-03-10,0.060282171868319745
2017-03-13,0.05272108843537415
2017-03-14,0.06170212765957439
2017-03-15,0.03132832080200498
2017-03-16,0.018595041322313932
2017-03-17,0.01069078947368407
2017-03-20,-0.003278688524590123
2017-03-21,0.019071310116086204
2017-03-22,0.020081967213114726
2017-03-23,0.024816924328722623
2017-03-24,0.022330491270807995
2017-03-27,0.032297628781684296
2017-03-28,0.026530612244897833
2017-03-29,0.014616321559074219
2017-03-30,0.017893452623017447
2017-03-31,0.028186274509804043
2017-04-03,0.006852075775896971
2017-04-04,-0.001991238550378416
2017-04-05,0.022553362867498983
2017-04-06,0.01766358892011244
2017-04-07,0.02289156626506017
2017-04-10,0.018951612903225667
2017-04-11,0.02221324717285933
2017-04-12,0.015230460921843658
2017-04-13,0.03280680437424044
2017-04-17,0.021095334685598433
2017-04-18,-0.0024410089503661414
2017-04-19,0.014391447368421018
2017-04-20,0.05777054515866564
2017-04-21,0.03736440337484925
2017-04-24,0.01707026597856287
2017-04-25,0.010325655281969937
2017-04-26,0.011485148514851495
2017-04-27,0.011133200795228726
2017-04-28,0.016406562625050025
2017-05-01,0.007191370355573268
2017-05-02,0.014302741358760418
2017-05-03,0.03122497998398721
2017-05-04,0.02873104549082206
2017-05-05,0.008664828672705793
2017-05-08,0.00946745562130169
2017-05-09,0.005496662740479108
2017-05-10,0.0011871784724970524
2017-05-11,0.00592651126037147
2017-05-12,0.012238452427951074
2017-05-15,0.017254901960784386
2017-05-16,0.031783869686134114
2017-05-17,0.046900489396411116
2017-05-18,0.04337251722740154
2017-05-19,-0.005769230769230749
2017-05-22,0.008907823392718894
2017-05-23,0.015612802498048417
2017-05-24,0.02869496855345921
2017-05-25,0.03602192638997659
2017-05-26,0.03185214313802587
2017-05-30,0.04409448818897643
2017-05-31,0.03411344704482344
2017-06-01,0.023893458676067292
2017-06-02,0.021739130434782483
2017-06-05,0.012412723041117069
2017-06-06,0.009761811792268649
2017-06-07,0.008987885892926872
2017-06-08,0.0050761421319796
2017-06-09,0.01778656126482203
2017-06-12,0.03299293008641002
2017-06-13,0.015990639625585112
2017-06-14,0.012721665381649983
2017-06-15,0.004235656526761611
2017-06-16,0.014024152707440507
2017-06-19,0.011266511266511348
2017-06-20,0.007736943907156624
2017-06-21,-0.018809980806142157
2017-06-22,-0.008839354342813244
2017-06-23,-0.012227741688956795
2017-06-26,-0.02154195011337867
2017-06-27,-0.02172256097560965
2017-06-28,-0.02903469079939669
2017-06-29,-0.009973149213655552
2017-06-30,-0.014154552410099552
2017-07-03,-0.021656534954407336
2017-07-05,-0.0203065134099617
2017-07-06,-0.011214230471771058
2017-07-07,-0.010069713400464808
2017-07-10,-0.002331002331002252
2017-07-11,-0.0007766990291262488
2017-07-12,-0.033840304182509495
2017-07-13,-0.017274472168905874
2017-07-14,-0.019033117624666973
2017-07-17,-0.013420245398772956
2017-07-18,0.0034575489819439476
2017-07-19,-0.00922013061851712
2017-07-20,0.0
2017-07-21,0.017996870109546093
2017-07-24,0.014346645986816675
2017-07-25,0.017021276595744483
2017-07-26,0.008497489378138212
2017-07-27,0.02103622906116076
2017-07-28,0.013592233009708687
2017-07-31,0.010461061604029487
2017-08-01,0.0038804811796664396
2017-08-02,0.0027184466019416487
2017-08-03,0.01759874853343768
2017-08-04,-0.002346499804458335
2017-08-07,0.0015649452269170805
2017-08-08,0.002336448598130758
2017-08-09,0.00660707345511069
2017-08-10,0.03305785123966931
2017-08-11,0.01601562500000009
2017-08-14,-0.00038804811796655514
2017-08-15,-0.0027205596579867874
2017-08-16,-0.0072741194486983796
2017-08-17,-0.0011632415664984963
2017-08-18,-0.0007677543186179747
2017-08-21,-0.01076095311299008
2017-08-22,-0.014525993883792054
2017-08-23,-0.015214910612400101
2017-08-24,-0.018383761011106836
2017-08-25,-0.02670736360167869
2017-08-28,-0.03180076628352502
2017-08-29,-0.03489263803680964
2017-08-30,-0.00889060688055665
2017-08-31,-0.013168086754453912
2017-09-01,-0.012298232129131503
2017-09-05,0.009016072128576802
2017-09-06,0.006640624999999956
2017-09-07,-0.010489510489510523
2017-09-08,-0.013127413127413168
2017-09-11,-0.019809523809523832
2017-09-12,-0.01883890811226463
2017-09-13,-0.0042701863354038805
2017-09-14,0.010911925175370207
2017-09-15,-0.00038565368299259273
2017-09-18,0.0007763975155279379
2017-09-19,-0.015751056473299996
2017-09-20,-0.006993006993006978
2017-09-21,-0.004654771140419012
2017-09-22,-0.01274623406720754
2017-09-25,-0.0042918454935622075
2017-09-26,0.003920031360250764
2017-09-27,0.00949742777997642
2017-09-28,0.015891934843067057
2017-09-29,-0.00858034321372847
2017-10-02,0.006671899529042236
2017-10-03,0.003112840466926059
2017-10-04,0.012043512043512061
2017-10-05,0.006984866123399325
2017-10-06,0.029446407538280317
2017-10-09,0.016431924882629234
2017-10-10,0.013214146910221602
2017-10-11,0.016457680250783868
2017-10-12,0.003898635477582957
2017-10-13,-0.010408635312258996
2017-10-16,-0.01736111111111127
2017-10-17,-0.014352211016291694
2017-10-18,0.010148321623731471
2017-10-19,0.0199530516431925
2017-10-20,0.017147310989867437
2017-10-23,0.01917057902973407
2017-10-24,0.030564263322883978
2017-10-25,0.031237797735259587
2017-10-26,0.021952175617404812
2017-10-27,0.023464998044583574
2017-10-30,0.015342250196695328
2017-10-31,-0.000779727095516547
2017-11-01,-0.00892164468580292
2017-11-02,-0.018809980806142157
2017-11-03,-0.009248554913294793
2017-11-06,-0.01563691838291381
2017-11-07,-0.002694380292532772
2017-11-08,-0.0015343306482547003
2017-11-09,0.004240555127216661
2017-11-10,0.004271844660194146
2017-11-13,0.024542267238020887
2017-11-14,0.03297997644287398
2017-11-15,0.03541912632821709
2017-11-16,0.01584234930448214
2017-11-17,0.007671653241273502
2017-11-20,-0.002681992337164707
2017-11-21,0.020345489443378106
2017-11-22,0.02205323193916353
2017-11-24,0.01817493373722079
2017-11-27,0.03912543153049475
2017-11-28,0.04241497898356905
2017-11-29,0.05927934908950028
2017-11-30,0.07140070230199003
2017-12-01,0.06810176125244616
2017-12-04,0.07785602503912381
2017-12-05,0.08401400233372236
2017-12-06,0.08213870592793504
2017-12-07,0.06715553840216137
2017-12-08,0.0630042258932002
2017-12-11,0.07639155470249515
2017-12-12,0.08700696055684465
2017-12-13,0.0722433460076044
2017-12-14,0.08513873052071474
2017-12-15,0.08209806157354627
2017-12-18,0.08824648155192083
2017-12-19,0.08983631518842783
2017-12-20,0.11217825585862462
2017-12-21,0.09631301730624542
2017-12-22,0.08258928571428581
2017-12-26,0.09297136481963553
2017-12-27,0.06792174234034709
2017-12-28,0.04068914956011738
2017-12-29,0.04791514264813457
2018-01-02,0.03423160961398386
2018-01-03,0.028215463539758234
2018-01-04,-0.004718693284936459
2018-01-05,0.015787585217079236
2018-01-08,-0.004296455424275036
2018-01-09,-0.0300180831826401
2018-01-10,-0.006866642573184034
2018-01-11,-0.00927246790299563
2018-01-12,0.006047669868374239
2018-01-16,0.01134751773049647
2018-01-17,0.008756567425569184
2018-01-18,0.017211099402880237
2018-01-19,0.007340090877315575
2018-01-22,-0.009430667132378612
2018-01-23,-0.025906735751295318
2018-01-24,-0.025737817433081678
2018-01-25,-0.03573883161512037
2018-01-26,-0.05852330724736299
2018-01-29,-0.048738333909436604
2018-01-30,-0.033814723494188126
2018-01-31,-0.036649214659685736
2018-02-01,-0.026760563380281654
2018-02-02,-0.028153955808980724
2018-02-05,-0.017140773158278666
2018-02-06,-0.03885552808194981
2018-02-07,-0.015821646889607965
2018-02-08,0.02460850111856816
2018-02-09,-0.018922852983988325
2018-02-12,-0.035277177825774
2018-02-13,-0.06647807637906655
2018-02-14,-0.07678821879382891
2018-02-15,-0.0913194444444444
2018-02-16,-0.09772099447513816
2018-02-20,-0.08015267175572516
2018-02-21,-0.09873060648801135
2018-02-22,-0.10212765957446801
2018-02-23,-0.0855935188446636
2018-02-26,-0.09158945117605133
2018-02-27,-0.07878568847126866
2018-02-28,-0.05777616279069764
2018-03-01,-0.05650747356908492
2018-03-02,-0.047101449275362306
2018-03-05,-0.04848046309696097
2018-03-06,-0.049871653832049834
2018-03-07,-0.051948051948051854
2018-03-08,-0.047776552737963995
2018-03-09,-0.025210084033613467
2018-03-12,-0.022561863173216956
2018-03-13,-0.013724035608308593
2018-03-14,-0.0194029850746269
2018-03-15,0.0018939393939394478
2018-03-16,0.003418154196733969
2018-03-19,0.015284677111196077
2018-03-20,0.005357826253348685
2018-03-21,-0.01772915880799708
2018-03-22,0.015258215962441257
2018-03-23,0.008688783570300007
2018-03-26,-0.04083204930662565
2018-03-27,-0.03530796390741464
2018-03-28,-0.037269517457826584
2018-03-29,-0.05939066718087149
2018-04-02,-0.06761978361669241
2018-04-03,-0.07528517110266164
2018-04-04,-0.09695817490494296
2018-04-05,-0.08799691238903906
2018-04-06,-0.08062622309197665
2018-04-09,-0.10536472404477037
2018-04-10,-0.10832083958020988
2018-04-11,-0.08786299329858527
2018-04-12,-0.08311395261376464
2018-04-13,-0.07838660578386614
2018-04-16,-0.11984877126654059
2018-04-17,-0.10749432248296753
2018-04-18,-0.11704930372600675
2018-04-19,-0.1336124857251617
2018-04-20,-0.13440860215053763
2018-04-23,-0.11868978805394981
2018-04-24,-0.09044635865309314
2018-04-25,-0.03855421686746974
2018-04-26,-0.0154534363562423
2018-04-27,-0.008557457212713948
2018-04-30,0.018860188601885985
2018-05-01,0.01699129714048908
2018-05-02,0.017680921052631637
2018-05-03,0.054315789473684095
2018-05-04,0.04909013965298348
2018-05-07,0.07237122179650934
2018-05-08,0.06945642795513374
2018-05-09,0.031525851197982346
2018-05-10,0.004897959183673528
2018-05-11,0.0045118949958982135
2018-05-14,0.009083402146986108
2018-05-15,0.04467353951890041
2018-05-16,0.011026293469041715
2018-05-17,-0.011508951406649648
2018-05-18,0.025483304042179133
2018-05-21,0.04214729370008863
2018-05-22,0.004809794490598929
2018-05-23,-0.00947051226861817
2018-05-24,-0.03550543024227237
2018-05-25,-0.06526228831061553
2018-05-29,-0.0883682696259761
2018-05-30,-0.11991951710261572
2018-05-31,-0.0827220863895679
2018-06-01,-0.09979797979797977
2018-06-04,-0.1405750798722044
2018-06-05,-0.109318273497378
2018-06-06,-0.10877332274712193
2018-06-07,-0.07180314643001195
2018-06-08,-0.0603096984515078
2018-06-11,-0.06986190089358257
2018-06-12,-0.05675786035116359
2018-06-13,-0.05564648117839621
2018-06-14,-0.06907894736842102
2018-06-15,-0.04278523489932884
2018-06-18,-0.008624407072013951
2018-06-19,-0.028277634961439646
2018-06-20,-0.027245636441038612
2018-06-21,0.00043516100957341486
2018-06-22,0.010430247718383301
2018-06-25,0.019488956258120416
2018-06-26,0.029164825452938636
2018-06-27,0.06582506762849416
2018-06-28,0.08504801097393688
2018-06-29,0.03465126610395375
2018-07-02,0.06508078994614008
2018-07-03,0.09572490706319692
2018-07-05,0.07201086956521752
2018-07-06,0.07126948775055686
2018-07-09,0.04823989569752274
2018-07-10,0.039462272333044224
2018-07-11,0.04497816593886461
2018-07-12,0.018181818181818077
2018-07-13,-0.032928942807625594
2018-07-16,-0.019876325088339142
2018-07-17,-0.03286590709903592
2018-07-18,-0.03392779469334484
2018-07-19,-0.012345679012345734
2018-07-20,-0.0030634573304157975
2018-07-23,0.005654632448890862
2018-07-24,-0.0021505376344086446
2018-07-25,-0.023789294817332163
2018-07-26,0.00472305710605414
2018-07-27,0.0008460236886631556
2018-07-30,-0.009270965023177369
2018-07-31,0.01545727780163153
2018-08-01,-0.03624104509060255
2018-08-02,-0.028837998303647194
2018-08-03,-0.07435572454583872
2018-08-06,-0.12848232848232843
2018-08-07,-0.10779436152570487
2018-08-08,-0.0921985815602836
2018-08-09,-0.09444212285833675
2018-08-10,-0.06760204081632648
2018-08-13,-0.01388888888888884
2018-08-14,0.006309148264984188
2018-08-15,0.012686905301314111
2018-08-16,-0.022962629446195426
2018-08-17,-0.01741071428571417
2018-08-20,-0.02019315188762072
2018-08-21,-0.012543252595155874
2018-08-22,-0.01896551724137918
2018-08-23,-0.03176675369886861
2018-08-24,-0.04914529914529908
2018-08-27,-0.06043956043956045
2018-08-28,-0.04806465333900478
2018-08-29,-0.04820295983086664
2018-08-30,-0.01792741582859647
2018-08-31,-0.04104803493449771
2018-09-04,-0.01734367868553166
2018-09-05,-0.010496183206107013
2018-09-06,-0.0306691449814126
2018-09-07,-0.02987132352941191
2018-09-10,-0.028149515459160224
2018-09-11,-0.05927952576379392
2018-09-12,-0.06042707860063612
2018-09-13,-0.058217644424540804
2018-09-14,-0.06353467561521264
2018-09-17,-0.0018433179723501558
2018-09-18,-0.023171285779191364
2018-09-19,-0.05779569892473113
2018-09-20,-0.06789312308366169
2018-09-21,-0.0632688927943762
2018-09-24,-0.041797752808988786
2018-09-25,-0.08044943820224715
2018-09-26,-0.0481331533963113
2018-09-27,-0.05004468275245744
2018-09-28,-0.07552199022656614
2018-10-01,-0.04185218165627791
2018-10-02,-0.01775956284153013
2018-10-03,0.03901532745006975
2018-10-04,0.08052073288331729
2018-10-05,0.08820709491850431
2018-10-08,0.08479393652297484
2018-10-09,0.11918328584995264
2018-10-10,0.1221522055259332
2018-10-11,0.08897485493230173
2018-10-12,0.042796005706134066
2018-10-15,0.07262302914476826
2018-10-16,0.0558633425669437
2018-10-17,0.10697674418604652
2018-10-18,0.14740846409890618
2018-10-19,0.10526315789473673
2018-10-22,0.08302063789868663
2018-10-23,0.10459662288930582
2018-10-24,0.15738025415444756
2018-10-25,0.13232514177693755
2018-10-26,0.13076199435559732
2018-10-29,0.16386352715040853
2018-10-30,0.14498141263940534
2018-10-31,0.12285581826611036
2018-11-01,0.10639248994188644
2018-11-02,0.08299866131191425
2018-11-05,0.07224669603524236
2018-11-06,0.04497816593886461
2018-11-07,0.013152312261349053
2018-11-08,0.03239740820734349
2018-11-09,0.07770870337477809
2018-11-12,0.12266301869585039
2018-11-13,0.08374164810690421
2018-11-14,0.04197638828159156
2018-11-15,0.020588235294117574
2018-11-16,-0.003729796933278018
2018-11-19,0.03358843537414957
2018-11-20,0.035513209181463834
2018-11-21,-0.002972399150743099
2018-11-23,0.023648648648648685
2018-11-26,0.01126878130217035
2018-11-27,0.014143094841930104
2018-11-28,0.0061932287365813465
2018-11-29,0.005275974025974017
2018-11-30,0.011147811725846335
2018-12-03,0.02989898989898987
2018-12-04,0.056036258755665314
2018-12-06,0.05382087099424804
2018-12-07,0.07396573338905132
2018-12-10,0.09631490787269681
2018-12-11,0.08744769874476988
2018-12-12,0.06468891635764318
2018-12-13,0.053614947197400564
2018-12-14,0.08014796547472258
2018-12-17,0.11120436424674796
2018-12-18,0.09304240428159738
2018-12-19,0.0873544093178038
2018-12-20,0.08720691073632247
2018-12-21,0.11208699289000412
2018-12-24,0.14224872231686536
2018-12-26,0.08993399339934016
2018-12-27,0.08254230293025167
2018-12-28,0.09639048400328143
2018-12-31,0.11530570373409921
2019-01-02,0.08841340331045622
2019-01-03,0.09718252347897116
2019-01-04,0.06669282071400562
2019-01-07,0.04525946156847449
2019-01-08,0.04132553606237832
2019-01-09,0.027626459143968995
2019-01-10,0.004583651642475317
2019-01-11,0.0026933435936900008
2019-01-14,-0.01044891640866874
2019-01-15,-0.01619121048573635
2019-01-16,-0.029299847792998435
2019-01-17,-0.008308157099697788
2019-01-18,-0.012806026365348444
2019-01-22,-0.0038255547054323324
2019-01-23,-0.017404464623533844
2019-01-24,-0.009402030838661202
2019-01-25,-0.017897091722595126
2019-01-28,-0.014383043149129526
2019-01-29,-0.03698055661456345
2019-01-30,-0.04975682753460542
2019-01-31,-0.0658572479764532
2019-02-01,-0.05526706231454015
2019-02-04,-0.056196501674730226
2019-02-05,-0.08311879367414499
2019-02-06,-0.08174692049272103
2019-02-07,-0.06888805690752531
2019-02-08,-0.06361226808027265
2019-02-11,-0.06197718631178706
2019-02-12,-0.05026861089792778
2019-02-13,-0.00430191630817367
2019-02-14,0.008228840125391823
2019-02-15,0.006664053312426477
2019-02-19,-0.01523229246001534
2019-02-20,-0.008393742846241947
2019-02-21,-0.03149001536098317
2019-02-22,-0.029264536003080432
2019-02-25,-0.036826119969627924
2019-02-26,-0.05315110098709186
2019-02-27,-0.030721966205837226
2019-02-28,-0.001979414093428389
2019-03-01,0.0015748031496063408
2019-03-04,-0.005120126033871575
2019-03-05,0.007459756576364329
2019-03-06,0.01971608832807581
2019-03-07,0.03931006819093463
2019-03-08,0.047154471544715415
2019-03-11,0.04101326899879365
2019-03-12,0.0469065911847959
2019-03-13,0.025131738954195182
2019-03-14,0.0242424242424244
2019-03-15,0.005106048703849231
2019-03-18,0.005829770695686021
2019-03-19,0.027258566978193066
2019-03-20,0.012374323279195742
2019-03-21,-0.009619084263178146
2019-03-22,0.03330689928628083
2019-03-25,0.014280047600158552
2019-03-26,-0.00827749310208914
2019-03-27,0.023255813953488413
2019-03-28,0.01148969889064988
2019-03-29,0.01705672352241172
2019-04-01,-0.001179245283018937
2019-04-02,-0.008709422011084822
2019-04-03,-0.02377240841777084
2019-04-04,-0.05065738592420721
2019-04-05,-0.06561173292165179
2019-04-08,-0.06405279503105599
2019-04-09,-0.08188489764387796
2019-04-10,-0.07879490150637303
2019-04-11,-0.08975879794385133
2019-04-12,-0.08047337278106514
2019-04-15,-0.10785463071512313
2019-04-16,-0.13485316846986084
2019-04-17,-0.16793025018953756
2019-04-18,-0.14820473644003052
2019-04-22,-0.11499611499611495
2019-04-23,-0.1350729086722947
2019-04-24,-0.09464215877982018
2019-04-25,-0.0723370429252782
2019-04-26,-0.07993730407523503
2019-04-29,-0.06188797493145326
2019-04-30,-0.06435257410296424
2019-05-01,-0.02203856749311295
2019-05-02,-0.004792332268370503
2019-05-03,-0.009980039920159722
2019-05-06,0.008961303462321712
2019-05-07,0.026435357290375938
2019-05-08,0.03815844048112815
2019-05-09,0.05931846865797219
2019-05-10,0.06247379454926616
2019-05-13,0.08688097306689846
2019-05-14,0.06864006864006877
2019-05-15,0.07840560665790641
2019-05-16,0.09647163912460921
2019-05-17,0.15307517084282463
2019-05-20,0.1493273542600897
2019-05-21,0.1347673397717295
2019-05-22,0.13176574977817235
2019-05-23,0.1032397408207344
2019-05-24,0.09468723221936592
2019-05-28,0.08858603066439508
2019-05-29,0.08141962421711901
2019-05-30,0.08128386827844958
2019-05-31,0.05714285714285716
2019-06-03,0.047351524879614804
2019-06-04,0.05161290322580636
2019-06-05,0.04360113039967706
2019-06-06,0.04466800804828974
2019-06-07,0.04394726328405896
2019-06-10,0.04845115170770442
2019-06-11,0.03630623520126286
2019-06-12,0.04916067146282965
2019-06-13,0.06342834203131265
2019-06-14,0.06945572705117775
2019-06-17,0.06924643584521384
2019-06-18,0.04938759383642832
2019-06-19,0.029262582910651647
2019-06-20,0.023597678916827736
2019-06-21,0.02861622892983129
2019-06-24,0.02662490211433055
2019-06-25,0.020352250489236834
2019-06-26,0.010954616588419341
2019-06-27,-0.0007722007722007485
2019-06-28,-0.0007710100231302919
2019-07-01,-0.02283974114960019
2019-07-02,-0.03103448275862075
2019-07-03,-0.03105828220858886
2019-07-05,-0.07156673114119927
2019-07-08,-0.07010785824345145
2019-07-09,-0.052430156907768755
2019-07-10,-0.051136363636363535
2019-07-11,-0.05026656511805028
2019-07-12,-0.06476190476190469
2019-07-15,-0.06568516421291049
2019-07-16,-0.07671857197113563
2019-07-17,-0.0674285714285714
2019-07-18,-0.06777108433734924
2019-07-19,-0.06444275966641388
2019-07-22,-0.071050642479214
2019-07-23,-0.06631097560975607
2019-07-24,-0.06559877955758964
2019-07-25,-0.07096279248177984
2019-07-26,-0.05727554179566563
2019-07-29,-0.04791344667697062
2019-07-30,-0.04282407407407418
2019-07-31,-0.027658745617452296
2019-08-01,-0.005931198102016588
2019-08-02,-0.01543332014246146
2019-08-05,0.04166666666666674
2019-08-06,0.04515327257663637
2019-08-07,0.02504038772213235
2019-08-08,0.019560878243512825
2019-08-09,0.027265437048917374
2019-08-12,0.050509164969450016
2019-08-13,0.0440404040404041
2019-08-14,0.05676676264911573
2019-08-15,0.024101307189542398
2019-08-16,0.02342487883683364
2019-08-19,0.025526742301458683
2019-08-20,0.018714401952807158
2019-08-21,0.014285714285714235
2019-08-22,0.020408163265306145
2019-08-23,0.00867052023121384
2019-08-26,0.004515599343185572
2019-08-27,-0.0008116883116883189
2019-08-28,-0.017734784361144618
2019-08-29,-0.02123397435897445
2019-08-30,-0.03898170246618937
2019-09-03,-0.04421221864951763
2019-09-04,-0.04400000000000004
2019-09-05,-0.044391597304795916
2019-09-06,-0.0701339637509849
2019-09-09,-0.07674236491777608
2019-09-10,-0.07220921155347393
2019-09-11,-0.0725087243117486
2019-09-12,-0.06230650154798756
2019-09-13,-0.05566368236667962
2019-09-16,-0.020741922616673292
2019-09-17,-0.028018942383583267
2019-09-18,-0.024101145792177037
2019-09-19,-0.006389776357827448
2019-09-20,0.010060362173038184
2019-09-23,0.008399999999999963
2019-09-24,0.04175194433074081
2019-09-25,0.04903964037597075
2019-09-26,0.03249390739236402
2019-09-27,0.050471891670086144
2019-09-30,0.04011461318051568
2019-10-01,0.0600165562913908
2019-10-02,0.047518923465096785
2019-10-03,0.053974895397489675
2019-10-04,0.037328909166321145
2019-10-07,0.07754237288135579
2019-10-08,0.07082273112807469
2019-10-09,0.05132519983172057
2019-10-10,0.048913043478260754
2019-10-11,0.027651671481634166
2019-10-14,0.021022258862324783
2019-10-15,0.0024439918533605276
2019-10-16,-0.0073081607795371095
2019-10-17,0.004858299595141835
2019-10-18,-0.009646302250803762
2019-10-21,-0.017529880478087678
2019-10-22,-0.015866719555731934
2019-10-23,-0.031041257367387054
2019-10-24,-0.0467471756914688
2019-10-25,-0.03776553894571211
2019-10-28,-0.05039062500000013
2019-10-29,-0.04761904761904767
2019-10-30,-0.06325654041390083
2019-10-31,-0.018065034122842216
2019-11-01,-0.03175863437872173
2019-11-04,-0.015993602558976527
2019-11-05,-0.02162799842705465
2019-11-06,-0.011089108910891099
2019-11-07,-0.002000800320127949
2019-11-08,-0.002789956157831841
2019-11-11,0.006425702811244882
2019-11-12,0.011303996770286595
2019-11-13,0.016659894351889415
2019-11-14,0.03231083844580773
2019-11-15,0.02215954875100734
2019-11-18,0.03774350649350655
2019-11-19,0.0287915652879156
2019-11-20,0.026199113260781948
2019-11-21,0.04014598540145986
2019-11-22,0.04781364936657129
2019-11-25,0.05151267375306623
2019-11-26,0.05635540929658589
2019-11-27,0.05454545454545445
2019-11-29,0.06961233847436432
2019-12-02,0.06050695012264917
2019-12-03,0.048790487904879054
2019-12-04,0.04104022754977654
2019-12-05,0.0237138263665595
2019-12-06,0.028033640368442247
2019-12-09,0.02967121090617475
2019-12-10,0.04196642685851315
2019-12-11,0.05307262569832405
2019-12-12,0.052694610778443174
2019-12-13,0.04276578737010395
2019-12-16,0.045562599049128405
2019-12-17,0.046905794245171384
2019-12-18,0.019163081736409904
2019-12-19,0.03153330705557744
2019-12-20,0.03024351924587587
2019-12-23,0.017153996101364477
2019-12-24,-0.014430577223088936
2019-12-26,-0.008553654743390315
2019-12-27,-0.010124610591900285
2019-12-30,-0.01998432601880873
